,treatment,environment,position,Languages,Consonantal +/−,Grapheme,IPA,IPA key,Lateral +/−,Manner of articulation,Place of articulation,Place value,Sibilant +/−,Sonority value,Voice +/−,version
0,B-,"#_{a,O}",1,BR POR,+,b,b,2,−,P,B,3,−,4,+,1.0
1,B-,"#_{a,O}",1,AMR ESP,+,b,b,2,−,P,B,3,−,4,+,1.0
2,B-,"#_{a,O}",1,LAT,+,B,b,2,−,P,B,3,−,4,+,1.0
3,B-,"#_{a,O}",1,CAT,+,b,b,2,−,P,B,3,−,4,+,1.0
4,B-,"#_{a,O}",1,VAL,+,b,b,2,−,P,B,3,−,4,+,1.0
5,B-,"#_{a,O}",1,BAL,+,b,b,2,−,P,B,3,−,4,+,1.0
6,B-,"#_{a,O}",1,OCC,+,b,b,2,−,P,B,3,−,4,+,1.0
7,B-,"#_{a,O}",1,GAS OCC,+,b,b,2,−,P,B,3,−,4,+,1.0
8,B-,"#_{a,O}",1,EU FRA,+,b,b,2,−,P,B,3,−,4,+,1.0
9,B-,"#_{a,O}",1,QBC FRA,+,b,b,2,−,P,B,3,−,4,+,1.0
10,B-,"#_{a,O}",1,WAL,+,b,b,2,−,P,B,3,−,4,+,1.0
11,B-,"#_{a,O}",1,ARP,+,b,b,2,−,P,B,3,−,4,+,1.0
12,B-,"#_{a,O}",1,LIG,+,b,b,2,−,P,B,3,−,4,+,1.0
13,B-,"#_{a,O}",1,EU POR,+,b,b,2,−,P,B,3,−,4,+,1.0
14,B-,"#_{a,O}",1,LMO,+,b,b,2,−,P,B,3,−,4,+,1.0
15,B-,"#_{a,O}",1,RMH,+,b,b,2,−,P,B,3,−,4,+,1.0
16,B-,"#_{a,O}",1,FUR,+,b,b,2,−,P,B,3,−,4,+,1.0
17,B-,"#_{a,O}",1,LOG SRD,+,b,b,2,−,P,B,3,−,4,+,1.0
18,B-,"#_{a,O}",1,CPN SRD,+,b,b,2,−,P,B,3,−,4,+,1.0
19,B-,"#_{a,O}",1,COR,+,b,b,2,−,P,B,3,−,4,+,1.0
20,B-,"#_{a,O}",1,ITA,+,b,b,2,−,P,B,3,−,4,+,1.0
21,B-,"#_{a,O}",1,ABR,,v?,,,,,,,,,,1.0
22,B-,"#_{a,O}",1,CAM,,v?,,,,,,,,,,1.0
23,B-,"#_{a,O}",1,PGL,,v?,,,,,,,,,,1.0
24,B-,"#_{a,O}",1,SCN,,v?,,,,,,,,,,1.0
25,B-,"#_{a,O}",1,VEN,+,b,b,2,−,P,B,3,−,4,+,1.0
26,B-,"#_{a,O}",1,ARO,+,b,b,2,−,P,B,3,−,4,+,1.0
27,B-,"#_{a,O}",1,ROM,+,b,b,2,−,P,B,3,−,4,+,1.0
28,B-,"#_{a,O}",1,GAL,+,b,b,2,−,P,B,3,−,4,+,1.0
29,B-,"#_{a,O}",1,ASL,+,b,b,2,−,P,B,3,−,4,+,1.0
30,B-,"#_{a,O}",1,CAS ESP,+,b,b,2,−,P,B,3,−,4,+,1.0
31,B-,"#_{a,O}",1,AND ESP,+,b,b,2,−,P,B,3,−,4,+,1.0
32,B-,"#_{a,O}",1,ARG,+,b,b,2,−,P,B,3,−,4,+,1.0
0,B-,#_E,1,BR POR,+,b,b,2,−,P,B,3,−,4,+,1.0
1,B-,#_E,1,AMR ESP,+,b,b,2,−,P,B,3,−,4,+,1.0
2,B-,#_E,1,LAT,+,B,b,2,−,P,B,3,−,4,+,1.0
3,B-,#_E,1,CAT,+,b,b,2,−,P,B,3,−,4,+,1.0
4,B-,#_E,1,VAL,+,b,b,2,−,P,B,3,−,4,+,1.0
5,B-,#_E,1,BAL,+,b,b,2,−,P,B,3,−,4,+,1.0
6,B-,#_E,1,OCC,+,b,b,2,−,P,B,3,−,4,+,1.0
7,B-,#_E,1,GAS OCC,+,b,b,2,−,P,B,3,−,4,+,1.0
8,B-,#_E,1,EU FRA,+,b,b,2,−,P,B,3,−,4,+,1.0
9,B-,#_E,1,QBC FRA,+,b,b,2,−,P,B,3,−,4,+,1.0
10,B-,#_E,1,WAL,+,b,b,2,−,P,B,3,−,4,+,1.0
11,B-,#_E,1,ARP,+,b,b,2,−,P,B,3,−,4,+,1.0
12,B-,#_E,1,LIG,+,b,b,2,−,P,B,3,−,4,+,1.0
13,B-,#_E,1,EU POR,+,b,b,2,−,P,B,3,−,4,+,1.0
14,B-,#_E,1,LMO,+,b,b,2,−,P,B,3,−,4,+,1.0
15,B-,#_E,1,RMH,+,b,b,2,−,P,B,3,−,4,+,1.0
16,B-,#_E,1,FUR,+,b,b,2,−,P,B,3,−,4,+,1.0
17,B-,#_E,1,LOG SRD,+,b,b,2,−,P,B,3,−,4,+,1.0
18,B-,#_E,1,CPN SRD,+,b,b,2,−,P,B,3,−,4,+,1.0
19,B-,#_E,1,COR,+,b,b,2,−,P,B,3,−,4,+,1.0
20,B-,#_E,1,ITA,+,b,b,2,−,P,B,3,−,4,+,1.0
21,B-,#_E,1,ABR,,v?,,,,,,,,,,1.0
22,B-,#_E,1,CAM,,v?,,,,,,,,,,1.0
23,B-,#_E,1,PGL,,v?,,,,,,,,,,1.0
24,B-,#_E,1,SCN,,v?,,,,,,,,,,1.0
25,B-,#_E,1,VEN,+,b,b,2,−,P,B,3,−,4,+,1.0
26,B-,#_E,1,ARO,+,b,b,2,−,P,B,3,−,4,+,1.0
27,B-,#_E,1,ROM,+,b,b,2,−,P,B,3,−,4,+,1.0
28,B-,#_E,1,GAL,+,b,b,2,−,P,B,3,−,4,+,1.0
29,B-,#_E,1,ASL,+,b,b,2,−,P,B,3,−,4,+,1.0
30,B-,#_E,1,CAS ESP,+,b,b,2,−,P,B,3,−,4,+,1.0
31,B-,#_E,1,AND ESP,+,b,b,2,−,P,B,3,−,4,+,1.0
32,B-,#_E,1,ARG,+,b,b,2,−,P,B,3,−,4,+,1.0
0,T-,#_E,1,BR POR,+,t,t̪,5,−,P,D,1.6666666666666667,−,4,−,1.0
1,T-,#_E,1,AMR ESP,+,t,t̪,5,−,P,D,1.6666666666666667,−,4,−,1.0
2,T-,#_E,1,LAT,+,T,t̪,5,−,P,D,1.6666666666666667,−,4,−,1.0
3,T-,#_E,1,CAT,+,t,t̪,5,−,P,D,1.6666666666666667,−,4,−,1.0
4,T-,#_E,1,VAL,+,t,t̪,5,−,P,D,1.6666666666666667,−,4,−,1.0
5,T-,#_E,1,BAL,+,t,t̪,5,−,P,D,1.6666666666666667,−,4,−,1.0
6,T-,#_E,1,OCC,+,t,t̪,5,−,P,D,1.6666666666666667,−,4,−,1.0
7,T-,#_E,1,GAS OCC,+,t,t̪,5,−,P,D,1.6666666666666667,−,4,−,1.0
8,T-,#_E,1,EU FRA,+,t,t̪,5,−,P,D,1.6666666666666667,−,4,−,1.0
9,T-,#_E,1,QBC FRA,+,t,t̪,5,−,P,D,1.6666666666666667,−,4,−,1.0
10,T-,#_E,1,WAL,+,t,t̪,5,−,P,D,1.6666666666666667,−,4,−,1.0
11,T-,#_E,1,ARP,+,t,t̪,5,−,P,D,1.6666666666666667,−,4,−,1.0
12,T-,#_E,1,LIG,,t,,,,,,,,,,1.0
13,T-,#_E,1,EU POR,+,t,t̪,5,−,P,D,1.6666666666666667,−,4,−,1.0
14,T-,#_E,1,LMO,+,t,t̪,5,−,P,D,1.6666666666666667,−,4,−,1.0
15,T-,#_E,1,RMH,+,t,t̪,5,−,P,D,1.6666666666666667,−,4,−,1.0
16,T-,#_E,1,FUR,+,t,t̪,5,−,P,D,1.6666666666666667,−,4,−,1.0
17,T-,#_E,1,LOG SRD,+,t,t̪,5,−,P,D,1.6666666666666667,−,4,−,1.0
18,T-,#_E,1,CPN SRD,+,t,t̪,5,−,P,D,1.6666666666666667,−,4,−,1.0
19,T-,#_E,1,COR,+,t,t̪,5,−,P,D,1.6666666666666667,−,4,−,1.0
20,T-,#_E,1,ITA,+,t,t̪,5,−,P,D,1.6666666666666667,−,4,−,1.0
21,T-,#_E,1,ABR,,t,,,,,,,,,,1.0
22,T-,#_E,1,CAM,+,t,t̪,5,−,P,D,1.6666666666666667,−,4,−,1.0
23,T-,#_E,1,PGL,,t,,,,,,,,,,1.0
24,T-,#_E,1,SCN,+,t,t̪,5,−,P,D,1.6666666666666667,−,4,−,1.0
25,T-,#_E,1,VEN,+,t,t̪,5,−,P,D,1.6666666666666667,−,4,−,1.0
26,T-,#_E,1,ARO,+,t,t̪,5,−,P,D,1.6666666666666667,−,4,−,1.0
27,T-,#_E,1,ROM,+,t,t̪,5,−,P,D,1.6666666666666667,−,4,−,1.0
29,T-,#_E,1,ARO,+,ts,t͡s̪,26,−,P͡F,D,1.3333333333333333,+,3,−,2.0
30,T-,#_E,1,ROM,+,ț,t͡s̪,26,−,P͡F,D,1.3333333333333333,+,3,−,2.0
32,T-,#_E,1,BR POR,+,t,t̠͡ʃ,34,−,P͡F,Ɉ,-0.5,+,3,−,2.0
33,T-,#_E,1,QBC FRA,+,t,t͡s̪,26,−,P͡F,D,1.3333333333333333,+,3,−,2.0
34,T-,#_E,1,GAL,+,t,t̪,5,−,P,D,1.6666666666666667,−,4,−,1.0
35,T-,#_E,1,ASL,+,t,t̪,5,−,P,D,1.6666666666666667,−,4,−,1.0
36,T-,#_E,1,CAS ESP,+,t,t̪,5,−,P,D,1.6666666666666667,−,4,−,1.0
37,T-,#_E,1,AND ESP,+,t,t̪,5,−,P,D,1.6666666666666667,−,4,−,1.0
38,T-,#_E,1,ARG,+,t,t̪,5,−,P,D,1.6666666666666667,−,4,−,1.0
0,T-,"#_{a,O}",1,BR POR,+,t,t̪,5,−,P,D,1.6666666666666667,−,4,−,1.0
1,T-,"#_{a,O}",1,AMR ESP,+,t,t̪,5,−,P,D,1.6666666666666667,−,4,−,1.0
2,T-,"#_{a,O}",1,LAT,+,T,t̪,5,−,P,D,1.6666666666666667,−,4,−,1.0
3,T-,"#_{a,O}",1,CAT,+,t,t̪,5,−,P,D,1.6666666666666667,−,4,−,1.0
4,T-,"#_{a,O}",1,VAL,+,t,t̪,5,−,P,D,1.6666666666666667,−,4,−,1.0
5,T-,"#_{a,O}",1,BAL,+,t,t̪,5,−,P,D,1.6666666666666667,−,4,−,1.0
6,T-,"#_{a,O}",1,OCC,+,t,t̪,5,−,P,D,1.6666666666666667,−,4,−,1.0
7,T-,"#_{a,O}",1,GAS OCC,+,t,t̪,5,−,P,D,1.6666666666666667,−,4,−,1.0
8,T-,"#_{a,O}",1,EU FRA,+,t,t̪,5,−,P,D,1.6666666666666667,−,4,−,1.0
9,T-,"#_{a,O}",1,QBC FRA,+,t,t̪,5,−,P,D,1.6666666666666667,−,4,−,1.0
10,T-,"#_{a,O}",1,WAL,+,t,t̪,5,−,P,D,1.6666666666666667,−,4,−,1.0
11,T-,"#_{a,O}",1,ARP,+,t,t̪,5,−,P,D,1.6666666666666667,−,4,−,1.0
12,T-,"#_{a,O}",1,LIG,+,t,t̪,5,−,P,D,1.6666666666666667,−,4,−,1.0
13,T-,"#_{a,O}",1,EU POR,+,t,t̪,5,−,P,D,1.6666666666666667,−,4,−,1.0
14,T-,"#_{a,O}",1,LMO,+,t,t̪,5,−,P,D,1.6666666666666667,−,4,−,1.0
15,T-,"#_{a,O}",1,RMH,+,t,t̪,5,−,P,D,1.6666666666666667,−,4,−,1.0
16,T-,"#_{a,O}",1,FUR,+,t,t̪,5,−,P,D,1.6666666666666667,−,4,−,1.0
17,T-,"#_{a,O}",1,LOG SRD,+,t,t̪,5,−,P,D,1.6666666666666667,−,4,−,1.0
18,T-,"#_{a,O}",1,CPN SRD,+,t,t̪,5,−,P,D,1.6666666666666667,−,4,−,1.0
19,T-,"#_{a,O}",1,COR,+,t,t̪,5,−,P,D,1.6666666666666667,−,4,−,1.0
20,T-,"#_{a,O}",1,ITA,+,t,t̪,5,−,P,D,1.6666666666666667,−,4,−,1.0
21,T-,"#_{a,O}",1,ABR,+,t,t̪,5,−,P,D,1.6666666666666667,−,4,−,1.0
22,T-,"#_{a,O}",1,CAM,+,t,t̪,5,−,P,D,1.6666666666666667,−,4,−,1.0
23,T-,"#_{a,O}",1,PGL,+,t,t̪,5,−,P,D,1.6666666666666667,−,4,−,1.0
24,T-,"#_{a,O}",1,SCN,+,t,t̪,5,−,P,D,1.6666666666666667,−,4,−,1.0
25,T-,"#_{a,O}",1,VEN,+,t,t̪,5,−,P,D,1.6666666666666667,−,4,−,1.0
26,T-,"#_{a,O}",1,ARO,+,t,t̪,5,−,P,D,1.6666666666666667,−,4,−,1.0
27,T-,"#_{a,O}",1,ROM,+,t,t̪,5,−,P,D,1.6666666666666667,−,4,−,1.0
29,T-,"#_{a,O}",1,QBC FRA,+,t,t͡s̪,26,−,P͡F,D,1.3333333333333333,+,3,−,2.0
30,T-,"#_{a,O}",1,GAL,+,t,t̪,5,−,P,D,1.6666666666666667,−,4,−,1.0
31,T-,"#_{a,O}",1,ASL,+,t,t̪,5,−,P,D,1.6666666666666667,−,4,−,1.0
32,T-,"#_{a,O}",1,CAS ESP,+,t,t̪,5,−,P,D,1.6666666666666667,−,4,−,1.0
33,T-,"#_{a,O}",1,AND ESP,+,t,t̪,5,−,P,D,1.6666666666666667,−,4,−,1.0
34,T-,"#_{a,O}",1,ARG,+,t,t̪,5,−,P,D,1.6666666666666667,−,4,−,1.0
0,D-,#_E,1,BR POR,+,d,d̪,6,−,P,D,1.6666666666666667,−,4,+,1.0
1,D-,#_E,1,AMR ESP,+,d,d̪,6,−,P,D,1.6666666666666667,−,4,+,1.0
2,D-,#_E,1,LAT,+,D,d̪,6,−,P,D,1.6666666666666667,−,4,+,1.0
3,D-,#_E,1,CAT,+,d,d̪,6,−,P,D,1.6666666666666667,−,4,+,1.0
4,D-,#_E,1,VAL,+,d,d̪,6,−,P,D,1.6666666666666667,−,4,+,1.0
5,D-,#_E,1,BAL,+,d,d̪,6,−,P,D,1.6666666666666667,−,4,+,1.0
6,D-,#_E,1,OCC,+,d,d̪,6,−,P,D,1.6666666666666667,−,4,+,1.0
7,D-,#_E,1,GAS OCC,+,d,d̪,6,−,P,D,1.6666666666666667,−,4,+,1.0
8,D-,#_E,1,EU FRA,+,d,d̪,6,−,P,D,1.6666666666666667,−,4,+,1.0
9,D-,#_E,1,QBC FRA,+,d,d̪,6,−,P,D,1.6666666666666667,−,4,+,1.0
10,D-,#_E,1,WAL,+,d,d̪,6,−,P,D,1.6666666666666667,−,4,+,1.0
11,D-,#_E,1,ARP,+,d,d̪,6,−,P,D,1.6666666666666667,−,4,+,1.0
12,D-,#_E,1,LIG,,,,,,,,,,,,1.0
13,D-,#_E,1,EU POR,+,d,d̪,6,−,P,D,1.6666666666666667,−,4,+,1.0
14,D-,#_E,1,LMO,+,d,d̪,6,−,P,D,1.6666666666666667,−,4,+,1.0
15,D-,#_E,1,RMH,+,d,d̪,6,−,P,D,1.6666666666666667,−,4,+,1.0
16,D-,#_E,1,FUR,+,d,d̪,6,−,P,D,1.6666666666666667,−,4,+,1.0
17,D-,#_E,1,LOG SRD,+,d,d̪,6,−,P,D,1.6666666666666667,−,4,+,1.0
18,D-,#_E,1,CPN SRD,+,d,d̪,6,−,P,D,1.6666666666666667,−,4,+,1.0
19,D-,#_E,1,COR,,,,,,,,,,,,1.0
20,D-,#_E,1,ITA,+,d,d̪,6,−,P,D,1.6666666666666667,−,4,+,1.0
21,D-,#_E,1,ABR,+,d,d̪,6,−,P,D,1.6666666666666667,−,4,+,1.0
22,D-,#_E,1,CAM,+,d,d̪~ɾ,101,−,P~L,D,1.2083333333333335,−,2.4375,+,1.0
23,D-,#_E,1,PGL,+,d,d̪,6,−,P,D,1.6666666666666667,−,4,+,1.0
24,D-,#_E,1,SCN,+,d,d̪~ɾ,101,−,P~L,D,1.2083333333333335,−,2.4375,+,1.0
25,D-,#_E,1,VEN,+,d,d̪,6,−,P,D,1.6666666666666667,−,4,+,1.0
26,D-,#_E,1,ARO,+,d,d̪,6,−,P,D,1.6666666666666667,−,4,+,1.0
27,D-,#_E,1,ROM,+,d,d̪,6,−,P,D,1.6666666666666667,−,4,+,1.0
29,D-,#_E,1,ARO,+,dz,d͡z̪,27,−,P͡F,D,1.3333333333333333,+,3,+,2.0
30,D-,#_E,1,ROM,+,z,z̪,49,−,F,D,1.3333333333333333,+,2,+,2.0
32,D-,#_E,1,BR POR,+,d,d̠͡ʒ,35,−,P͡F,Ɉ,-0.5,+,3,+,2.0
34,D-,#_E,1,GAL,+,d,d̪,6,−,P,D,1.6666666666666667,−,4,+,1.0
37,D-,#_E,1,QBC FRA,+,d,d͡z̪,27,−,P͡F,D,1.3333333333333333,+,3,+,2.0
38,D-,#_E,1,ASL,+,d,d̪,6,−,P,D,1.6666666666666667,−,4,+,1.0
39,D-,#_E,1,CAS ESP,+,d,d̪,6,−,P,D,1.6666666666666667,−,4,+,1.0
40,D-,#_E,1,AND ESP,+,d,d̪,6,−,P,D,1.6666666666666667,−,4,+,1.0
41,D-,#_E,1,ARG,+,d,d̪,6,−,P,D,1.6666666666666667,−,4,+,1.0
0,D-,"#_{a,O}",1,BR POR,+,d,d̪,6,−,P,D,1.6666666666666667,−,4,+,1.0
1,D-,"#_{a,O}",1,AMR ESP,+,d,d̪,6,−,P,D,1.6666666666666667,−,4,+,1.0
2,D-,"#_{a,O}",1,LAT,+,D,d̪,6,−,P,D,1.6666666666666667,−,4,+,1.0
3,D-,"#_{a,O}",1,CAT,+,d,d̪,6,−,P,D,1.6666666666666667,−,4,+,1.0
4,D-,"#_{a,O}",1,VAL,+,d,d̪,6,−,P,D,1.6666666666666667,−,4,+,1.0
5,D-,"#_{a,O}",1,BAL,+,d,d̪,6,−,P,D,1.6666666666666667,−,4,+,1.0
6,D-,"#_{a,O}",1,OCC,+,d,d̪,6,−,P,D,1.6666666666666667,−,4,+,1.0
7,D-,"#_{a,O}",1,GAS OCC,+,d,d̪,6,−,P,D,1.6666666666666667,−,4,+,1.0
8,D-,"#_{a,O}",1,EU FRA,+,d,d̪,6,−,P,D,1.6666666666666667,−,4,+,1.0
9,D-,"#_{a,O}",1,QBC FRA,+,d,d̪,6,−,P,D,1.6666666666666667,−,4,+,1.0
10,D-,"#_{a,O}",1,WAL,+,d,d̪,6,−,P,D,1.6666666666666667,−,4,+,1.0
11,D-,"#_{a,O}",1,ARP,+,d,d̪,6,−,P,D,1.6666666666666667,−,4,+,1.0
12,D-,"#_{a,O}",1,LIG,,,,,,,,,,,,1.0
13,D-,"#_{a,O}",1,EU POR,+,d,d̪,6,−,P,D,1.6666666666666667,−,4,+,1.0
14,D-,"#_{a,O}",1,LMO,+,d,d̪,6,−,P,D,1.6666666666666667,−,4,+,1.0
15,D-,"#_{a,O}",1,RMH,+,d,d̪,6,−,P,D,1.6666666666666667,−,4,+,1.0
16,D-,"#_{a,O}",1,FUR,+,d,d̪,6,−,P,D,1.6666666666666667,−,4,+,1.0
17,D-,"#_{a,O}",1,LOG SRD,+,d,d̪,6,−,P,D,1.6666666666666667,−,4,+,1.0
18,D-,"#_{a,O}",1,CPN SRD,+,d,d̪,6,−,P,D,1.6666666666666667,−,4,+,1.0
19,D-,"#_{a,O}",1,COR,,,,,,,,,,,,1.0
20,D-,"#_{a,O}",1,ITA,+,d,d̪,6,−,P,D,1.6666666666666667,−,4,+,1.0
21,D-,"#_{a,O}",1,ABR,+,d,d̪,6,−,P,D,1.6666666666666667,−,4,+,1.0
22,D-,"#_{a,O}",1,CAM,+,d,d̪~ɾ,101,−,P~L,D,1.2083333333333335,−,2.4375,+,1.0
23,D-,"#_{a,O}",1,PGL,+,d,d̪,6,−,P,D,1.6666666666666667,−,4,+,1.0
24,D-,"#_{a,O}",1,SCN,+,d,d̪~ɾ,101,−,P~L,D,1.2083333333333335,−,2.4375,+,1.0
25,D-,"#_{a,O}",1,VEN,+,d,d̪,6,−,P,D,1.6666666666666667,−,4,+,1.0
26,D-,"#_{a,O}",1,ARO,+,d,d̪,6,−,P,D,1.6666666666666667,−,4,+,1.0
27,D-,"#_{a,O}",1,ROM,+,d,d̪,6,−,P,D,1.6666666666666667,−,4,+,1.0
29,D-,"#_{a,O}",1,QBC FRA,+,d,d͡z̪,27,−,P͡F,D,1.3333333333333333,+,3,+,2.0
30,D-,"#_{a,O}",1,GAL,+,d,d̪,6,−,P,D,1.6666666666666667,−,4,+,1.0
31,D-,"#_{a,O}",1,ASL,+,d,d̪,6,−,P,D,1.6666666666666667,−,4,+,1.0
32,D-,"#_{a,O}",1,CAS ESP,+,d,d̪,6,−,P,D,1.6666666666666667,−,4,+,1.0
33,D-,"#_{a,O}",1,AND ESP,+,d,d̪,6,−,P,D,1.6666666666666667,−,4,+,1.0
34,D-,"#_{a,O}",1,ARG,+,d,d̪,6,−,P,D,1.6666666666666667,−,4,+,1.0
0,C-,#_E,1,BR POR,+,c,s,50,−,F,D,1,+,2,−,1.0
1,C-,#_E,1,AMR ESP,+,c,s,50,−,F,D,1,+,2,−,1.0
2,C-,#_E,1,LAT,+,C,k,19,−,P,K,-3,−,4,−,1.0
3,C-,#_E,1,CAT,+,c,s̠,52,−,F,D,0.5,+,2,−,1.0
4,C-,#_E,1,VAL,+,c,s̠,52,−,F,D,0.5,+,2,−,1.0
5,C-,#_E,1,BAL,+,c,s̠,52,−,F,D,0.5,+,2,−,1.0
6,C-,#_E,1,OCC,+,c,s̠,52,−,F,D,0.5,+,2,−,1.0
7,C-,#_E,1,GAS OCC,+,c,s̠,52,−,F,D,0.5,+,2,−,1.0
8,C-,#_E,1,EU FRA,+,c,s̪,48,−,F,D,1.3333333333333333,+,2,−,1.0
9,C-,#_E,1,QBC FRA,+,c,s̪,48,−,F,D,1.3333333333333333,+,2,−,1.0
10,C-,#_E,1,WAL,+,c,s̪,48,−,F,D,1.3333333333333333,+,2,−,1.0
11,C-,#_E,1,ARP,+,c,s̪,48,−,F,D,1.3333333333333333,+,2,−,1.0
12,C-,#_E,1,LIG,,,,,,,,,,,,1.0
13,C-,#_E,1,EU POR,+,c,s,50,−,F,D,1,+,2,−,1.0
14,C-,#_E,1,LMO,+,sc,ʃ~s̠,103,−,F,Ɉ~D,0,+,2,−,1.0
15,C-,#_E,1,RMH,+,tsch,t̠͡ʃ,34,−,P͡F,Ɉ,-0.5,+,3,−,1.0
16,C-,#_E,1,FUR,,c,t̠͡ʃ~s̠?,,,,,,,,,1.0
17,C-,#_E,1,LOG SRD,+,ch,k,19,−,P,K,-3,−,4,−,1.0
18,C-,#_E,1,CPN SRD,+,c,t̠͡ʃ,34,−,P͡F,Ɉ,-0.5,+,3,−,1.0
19,C-,#_E,1,COR,,,,,,,,,,,,1.0
20,C-,#_E,1,ITA,+,c,t̠͡ʃ,34,−,P͡F,Ɉ,-0.5,+,3,−,1.0
21,C-,#_E,1,ABR,,,,,,,,,,,,1.0
22,C-,#_E,1,CAM,+,c,t̠͡ʃ,34,−,P͡F,Ɉ,-0.5,+,3,−,1.0
23,C-,#_E,1,PGL,,,,,,,,,,,,1.0
24,C-,#_E,1,SCN,+,c,t̠͡ʃ,34,−,P͡F,Ɉ,-0.5,+,3,−,1.0
25,C-,#_E,1,VEN,+,s/th,s̠~θ,104,−,F,D,1.25,+/−,2,−,1.0
26,C-,#_E,1,ARO,+,ts,t͡s̪,26,−,P͡F,D,1.3333333333333333,+,3,−,1.0
27,C-,#_E,1,ROM,+,c,t̠͡ʃ,34,−,P͡F,Ɉ,-0.5,+,3,−,1.0
28,C-,#_E,1,GAL,+,c,θ (s),102,−,F,D,1.6666666666666667,+/−,2,−,1.0
29,C-,#_E,1,ASL,+,c,θ,44,−,F,D,2,−,2,−,1.0
30,C-,#_E,1,CAS ESP,+,c,θ,44,−,F,D,2,−,2,−,1.0
31,C-,#_E,1,AND ESP,+,c,s̟,46,−,F,D,1.6666666666666667,+,2,−,1.0
32,C-,#_E,1,ARG,+,c,θ,44,−,F,D,2,−,2,−,1.0
0,C-,#_a,1,BR POR,+,c,k,19,−,P,K,-3,−,4,−,1.0
1,C-,#_a,1,AMR ESP,+,c,k,19,−,P,K,-3,−,4,−,1.0
2,C-,#_a,1,LAT,+,C,k,19,−,P,K,-3,−,4,−,1.0
3,C-,#_a,1,CAT,+,c,k,19,−,P,K,-3,−,4,−,1.0
4,C-,#_a,1,VAL,+,c,k,19,−,P,K,-3,−,4,−,1.0
5,C-,#_a,1,BAL,+,c,k,19,−,P,K,-3,−,4,−,1.0
6,C-,#_a,1,OCC,+,c (ch),k (t͡s),105,−,P (P͡F),K (Ɉ),2.3333333333333335,−/+,3.6666666666666665,−,1.0
7,C-,#_a,1,GAS OCC,+,c,k,19,−,P,K,-3,−,4,−,1.0
8,C-,#_a,1,EU FRA,+,ch,ʃ,56,−,F,Ɉ,-0.5,+,2,−,1.0
9,C-,#_a,1,QBC FRA,+,ch,ʃ,56,−,F,Ɉ,-0.5,+,2,−,1.0
10,C-,#_a,1,WAL,+,tch,t̠͡ʃ,34,−,P͡F,Ɉ,-0.5,+,3,−,1.0
11,C-,#_a,1,ARP,+,ch,t̠͡ʃ~θ,106,−,P͡F~F,Ɉ~D,0.75,+ (−),2.5,−,1.0
12,C-,#_a,1,LIG,+,c,k,19,−,P,K,-3,−,4,−,1.0
13,C-,#_a,1,EU POR,+,c,k,19,−,P,K,-3,−,4,−,1.0
14,C-,#_a,1,LMO,+,c,k,19,−,P,K,-3,−,4,−,1.0
15,C-,#_a,1,RMH,+,ch,k~c,150,−,P,K~Ɉ,-2.5,−,4,−,1.0
16,C-,#_a,1,FUR,+,cj,c~t̠͡ʃ,152,−,P~P͡F,Ɉ,-1.25,−/+,3.5,−,1.0
17,C-,#_a,1,LOG SRD,+,c,k,19,−,P,K,-3,−,4,−,1.0
18,C-,#_a,1,CPN SRD,+,c,k,19,−,P,K,-3,−,4,−,1.0
19,C-,#_a,1,COR,+,c,k,19,−,P,K,-3,−,4,−,1.0
20,C-,#_a,1,ITA,+,c,k,19,−,P,K,-3,−,4,−,1.0
21,C-,#_a,1,ABR,+,c,k,19,−,P,K,-3,−,4,−,1.0
22,C-,#_a,1,CAM,+,c,k,19,−,P,K,-3,−,4,−,1.0
23,C-,#_a,1,PGL,+,c,k,19,−,P,K,-3,−,4,−,1.0
24,C-,#_a,1,SCN,+,c,k,19,−,P,K,-3,−,4,−,1.0
25,C-,#_a,1,VEN,+,c,k,19,−,P,K,-3,−,4,−,1.0
26,C-,#_a,1,ARO,+,c,k,19,−,P,K,-3,−,4,−,1.0
27,C-,#_a,1,ROM,+,c,k,19,−,P,K,-3,−,4,−,1.0
28,C-,#_a,1,GAL,+,c,k,19,−,P,K,-3,−,4,−,1.0
29,C-,#_a,1,ASL,+,c,k,19,−,P,K,-3,−,4,−,1.0
30,C-,#_a,1,CAS ESP,+,c,k,19,−,P,K,-3,−,4,−,1.0
31,C-,#_a,1,AND ESP,+,c,k,19,−,P,K,-3,−,4,−,1.0
32,C-,#_a,1,ARG,+,c,k,19,−,P,K,-3,−,4,−,1.0
0,C-,"#_{o,ŭ}",1,BR POR,+,c,k,19,−,P,K,-3,−,4,−,1.0
1,C-,"#_{o,ŭ}",1,AMR ESP,+,c,k,19,−,P,K,-3,−,4,−,1.0
2,C-,"#_{o,ŭ}",1,LAT,+,C,k,19,−,P,K,-3,−,4,−,1.0
3,C-,"#_{o,ŭ}",1,CAT,+,c,k,19,−,P,K,-3,−,4,−,1.0
4,C-,"#_{o,ŭ}",1,VAL,+,c,k,19,−,P,K,-3,−,4,−,1.0
5,C-,"#_{o,ŭ}",1,BAL,+,c,k,19,−,P,K,-3,−,4,−,1.0
6,C-,"#_{o,ŭ}",1,OCC,+,c,k,19,−,P,K,-3,−,4,−,1.0
7,C-,"#_{o,ŭ}",1,GAS OCC,+,c,k,19,−,P,K,-3,−,4,−,1.0
8,C-,"#_{o,ŭ}",1,EU FRA,+,c,k,19,−,P,K,-3,−,4,−,1.0
9,C-,"#_{o,ŭ}",1,QBC FRA,+,c,k,19,−,P,K,-3,−,4,−,1.0
10,C-,"#_{o,ŭ}",1,WAL,+,c,k,19,−,P,K,-3,−,4,−,1.0
11,C-,"#_{o,ŭ}",1,ARP,+,c,k,19,−,P,K,-3,−,4,−,1.0
12,C-,"#_{o,ŭ}",1,LIG,+,c,k,19,−,P,K,-3,−,4,−,1.0
13,C-,"#_{o,ŭ}",1,EU POR,+,c,k,19,−,P,K,-3,−,4,−,1.0
14,C-,"#_{o,ŭ}",1,LMO,+,c,k,19,−,P,K,-3,−,4,−,1.0
15,C-,"#_{o,ŭ}",1,RMH,,,,,,,,,,,,1.0
16,C-,"#_{o,ŭ}",1,FUR,,,,,,,,,,,,1.0
17,C-,"#_{o,ŭ}",1,LOG SRD,+,c,k,19,−,P,K,-3,−,4,−,1.0
18,C-,"#_{o,ŭ}",1,CPN SRD,+,c,k,19,−,P,K,-3,−,4,−,1.0
19,C-,"#_{o,ŭ}",1,COR,+,c,k,19,−,P,K,-3,−,4,−,1.0
20,C-,"#_{o,ŭ}",1,ITA,+,c,k,19,−,P,K,-3,−,4,−,1.0
21,C-,"#_{o,ŭ}",1,ABR,+,c,k,19,−,P,K,-3,−,4,−,1.0
22,C-,"#_{o,ŭ}",1,CAM,+,c,k,19,−,P,K,-3,−,4,−,1.0
23,C-,"#_{o,ŭ}",1,PGL,+,c,k,19,−,P,K,-3,−,4,−,1.0
24,C-,"#_{o,ŭ}",1,SCN,+,c,k,19,−,P,K,-3,−,4,−,1.0
25,C-,"#_{o,ŭ}",1,VEN,+,c,k,19,−,P,K,-3,−,4,−,1.0
26,C-,"#_{o,ŭ}",1,ARO,+,c,k,19,−,P,K,-3,−,4,−,1.0
27,C-,"#_{o,ŭ}",1,ROM,+,c,k,19,−,P,K,-3,−,4,−,1.0
29,C-,"#_{o,ŭ}",1,ITA,+,g,ɡ,20,−,P,K,-3,−,4,+,2.0
30,C-,"#_{o,ŭ}",1,GAL,+,c,k,19,−,P,K,-3,−,4,−,1.0
31,C-,"#_{o,ŭ}",1,ASL,+,c,k,19,−,P,K,-3,−,4,−,1.0
32,C-,"#_{o,ŭ}",1,CAS ESP,+,c,k,19,−,P,K,-3,−,4,−,1.0
33,C-,"#_{o,ŭ}",1,AND ESP,+,c,k,19,−,P,K,-3,−,4,−,1.0
34,C-,"#_{o,ŭ}",1,ARG,+,c,k,19,−,P,K,-3,−,4,−,1.0
0,C-,#_ū,1,BR POR,+,c,k,19,−,P,K,-3,−,4,−,1.0
1,C-,#_ū,1,AMR ESP,+,c,k,19,−,P,K,-3,−,4,−,1.0
2,C-,#_ū,1,LAT,+,C,k,19,−,P,K,-3,−,4,−,1.0
3,C-,#_ū,1,CAT,+,c,k,19,−,P,K,-3,−,4,−,1.0
4,C-,#_ū,1,VAL,+,c,k,19,−,P,K,-3,−,4,−,1.0
5,C-,#_ū,1,BAL,+,c,k,19,−,P,K,-3,−,4,−,1.0
6,C-,#_ū,1,OCC,+,c,k,19,−,P,K,-3,−,4,−,1.0
7,C-,#_ū,1,GAS OCC,+,c,k,19,−,P,K,-3,−,4,−,1.0
8,C-,#_ū,1,EU FRA,+,c,k,19,−,P,K,-3,−,4,−,1.0
9,C-,#_ū,1,QBC FRA,+,c,k,19,−,P,K,-3,−,4,−,1.0
10,C-,#_ū,1,WAL,+,c,k,19,−,P,K,-3,−,4,−,1.0
11,C-,#_ū,1,ARP,+,c,k,19,−,P,K,-3,−,4,−,1.0
12,C-,#_ū,1,LIG,+,c,k,19,−,P,K,-3,−,4,−,1.0
13,C-,#_ū,1,EU POR,+,c,k,19,−,P,K,-3,−,4,−,1.0
14,C-,#_ū,1,LMO,+,c,k,19,−,P,K,-3,−,4,−,1.0
15,C-,#_ū,1,RMH,,,,,,,,,,,,1.0
16,C-,#_ū,1,FUR,,,,,,,,,,,,1.0
17,C-,#_ū,1,LOG SRD,+,c,k,19,−,P,K,-3,−,4,−,1.0
18,C-,#_ū,1,CPN SRD,+,c,k,19,−,P,K,-3,−,4,−,1.0
19,C-,#_ū,1,COR,+,c,k,19,−,P,K,-3,−,4,−,1.0
20,C-,#_ū,1,ITA,+,c,k,19,−,P,K,-3,−,4,−,1.0
21,C-,#_ū,1,ABR,+,c,k,19,−,P,K,-3,−,4,−,1.0
22,C-,#_ū,1,CAM,+,c,k,19,−,P,K,-3,−,4,−,1.0
23,C-,#_ū,1,PGL,+,c,k,19,−,P,K,-3,−,4,−,1.0
24,C-,#_ū,1,SCN,+,c,k,19,−,P,K,-3,−,4,−,1.0
25,C-,#_ū,1,VEN,+,c,k,19,−,P,K,-3,−,4,−,1.0
26,C-,#_ū,1,ARO,+,c,k,19,−,P,K,-3,−,4,−,1.0
27,C-,#_ū,1,ROM,+,c,k,19,−,P,K,-3,−,4,−,1.0
28,C-,#_ū,1,GAL,+,c,k,19,−,P,K,-3,−,4,−,1.0
29,C-,#_ū,1,ASL,+,c,k,19,−,P,K,-3,−,4,−,1.0
30,C-,#_ū,1,CAS ESP,+,c,k,19,−,P,K,-3,−,4,−,1.0
31,C-,#_ū,1,AND ESP,+,c,k,19,−,P,K,-3,−,4,−,1.0
32,C-,#_ū,1,ARG,+,c,k,19,−,P,K,-3,−,4,−,1.0
0,G-,ˈ#_E,1,BR POR,+,g,ʒ,57,−,F,Ɉ,-0.5,+,2,+,1.0
1,G-,ˈ#_E,1,AMR ESP,+,y,ɟ͡ʝ,39,−,P͡F,Ɉ,-2,−,3,+,1.0
2,G-,ˈ#_E,1,LAT,+,G,ɡ,20,−,P,K,-3,−,4,+,1.0
3,G-,ˈ#_E,1,CAT,+,g,ʒ,57,−,F,Ɉ,-0.5,+,2,+,1.0
4,G-,ˈ#_E,1,VAL,+,g,d̠͡ʒ,35,−,P͡F,Ɉ,-0.5,+,3,+,1.0
5,G-,ˈ#_E,1,BAL,+,g,ʒ,57,−,F,Ɉ,-0.5,+,2,+,1.0
6,G-,ˈ#_E,1,OCC,+,g,d̠͡ʒ,35,−,P͡F,Ɉ,-0.5,+,3,+,1.0
7,G-,ˈ#_E,1,GAS OCC,+,g,ʒ,57,−,F,Ɉ,-0.5,+,2,+,1.0
8,G-,ˈ#_E,1,EU FRA,+,g,ʒ,57,−,F,Ɉ,-0.5,+,2,+,1.0
9,G-,ˈ#_E,1,QBC FRA,+,g,ʒ,57,−,F,Ɉ,-0.5,+,2,+,1.0
10,G-,ˈ#_E,1,WAL,+,dj,d̠͡ʒ,35,−,P͡F,Ɉ,-0.5,+,3,+,1.0
11,G-,ˈ#_E,1,ARP,+,g,d͡z~ð,107,−,P͡F~F,D,1.5,+/−,2.5,+,1.0
12,G-,ˈ#_E,1,LIG,+,z,z (d͡z),111,−,F (P͡F),D,1,+,2.3333333333333335,+,1.0
13,G-,ˈ#_E,1,EU POR,+,g,ʒ,57,−,F,Ɉ,-0.5,+,2,+,1.0
14,G-,ˈ#_E,1,LMO,+,sg,d̠͡ʒ~z,108,−,P͡F~F,Ɉ~D,0.25,+,2.5,+,1.0
15,G-,ˈ#_E,1,RMH,,sch,d̠͡ʒ~ʃ,,,,,,,,,1.0
16,G-,ˈ#_E,1,FUR,,z,,,,,,,,,,1.0
17,G-,ˈ#_E,1,LOG SRD,+,g,ɡ,20,−,P,K,-3,−,4,+,1.0
18,G-,ˈ#_E,1,CPN SRD,+,g,d̠͡ʒ,35,−,P͡F,Ɉ,-0.5,+,3,+,1.0
19,G-,ˈ#_E,1,COR,+,ghj,ɟ,18,−,P,Ɉ,-2,−,4,+,1.0
20,G-,ˈ#_E,1,ITA,+,g,d̠͡ʒ,35,−,P͡F,Ɉ,-0.5,+,3,+,1.0
21,G-,ˈ#_E,1,ABR,,,,,,,,,,,,1.0
22,G-,ˈ#_E,1,CAM,+,j,j,98,−,W,Ɉ,-2,−,0.3333333333333333,+,1.0
23,G-,ˈ#_E,1,PGL,,,,,,,,,,,,1.0
24,G-,ˈ#_E,1,SCN,+,j,j,98,−,W,Ɉ,-2,−,0.3333333333333333,+,1.0
25,G-,ˈ#_E,1,VEN,+,z/dh,z̠~ð,109,−,F,D,1.25,+/−,2,−,1.0
26,G-,ˈ#_E,1,ARO,+,dz,d͡z̪,27,−,P͡F,D,1.3333333333333333,+,3,+,1.0
27,G-,ˈ#_E,1,ROM,+,g,d̠͡ʒ,35,−,P͡F,Ɉ,-0.5,+,3,+,1.0
28,G-,ˈ#_E,1,GAL,+,x,ʃ,56,−,F,Ɉ,-0.5,+,2,−,1.0
29,G-,ˈ#_E,1,ASL,+,x,ʃ,56,−,F,Ɉ,-0.5,+,2,−,1.0
30,G-,ˈ#_E,1,CAS ESP,+,y,ɟ͡ʝ,39,−,P͡F,Ɉ,-2,−,3,+,1.0
31,G-,ˈ#_E,1,AND ESP,+,y,ɟ͡ʝ,39,−,P͡F,Ɉ,-2,−,3,+,1.0
32,G-,ˈ#_E,1,ARG,+,ch,t̠͡ʃ,34,−,P͡F,Ɉ,-0.5,+,3,−,1.0
0,G-,#_E.ˈ,1,BR POR,+,g,ʒ,57,−,F,Ɉ,-0.5,+,2,+,1.0
1,G-,#_E.ˈ,1,AMR ESP,−,h/∅,∅,∅,−,∅,Ɉ,-0.5,−,0,−,1.0
2,G-,#_E.ˈ,1,LAT,+,G,ɡ,20,−,P,K,-3,−,4,+,1.0
3,G-,#_E.ˈ,1,CAT,+,g,ʒ,57,−,F,Ɉ,-0.5,+,2,+,1.0
4,G-,#_E.ˈ,1,VAL,+,g,d̠͡ʒ,35,−,P͡F,Ɉ,-0.5,+,3,+,1.0
5,G-,#_E.ˈ,1,BAL,+,g,ʒ,57,−,F,Ɉ,-0.5,+,2,+,1.0
6,G-,#_E.ˈ,1,OCC,+,g,d̠͡ʒ,35,−,P͡F,Ɉ,-0.5,+,3,+,1.0
7,G-,#_E.ˈ,1,GAS OCC,+,g,ʒ,57,−,F,Ɉ,-0.5,+,2,+,1.0
8,G-,#_E.ˈ,1,EU FRA,+,g,ʒ,57,−,F,Ɉ,-0.5,+,2,+,1.0
9,G-,#_E.ˈ,1,QBC FRA,+,g,ʒ,57,−,F,Ɉ,-0.5,+,2,+,1.0
10,G-,#_E.ˈ,1,WAL,+,dj,d̠͡ʒ,35,−,P͡F,Ɉ,-0.5,+,3,+,1.0
11,G-,#_E.ˈ,1,ARP,+,g,d͡z~ð,107,−,P͡F~F,D,1.5,+/−,2.5,+,1.0
12,G-,#_E.ˈ,1,LIG,+,z,z (d͡z),111,−,F (P͡F),D,1,+,2.3333333333333335,+,1.0
13,G-,#_E.ˈ,1,EU POR,+,g,ʒ,57,−,F,Ɉ,-0.5,+,2,+,1.0
14,G-,#_E.ˈ,1,LMO,+,sg,d̠͡ʒ~z,108,−,P͡F~F,Ɉ~D,0.25,+,2.5,+,1.0
15,G-,#_E.ˈ,1,RMH,,sch,,,,,,,,,,1.0
16,G-,#_E.ˈ,1,FUR,,z,,,,,,,,,,1.0
17,G-,#_E.ˈ,1,LOG SRD,+,g,ɡ,20,−,P,K,-3,−,4,+,1.0
18,G-,#_E.ˈ,1,CPN SRD,+,g,d̠͡ʒ,35,−,P͡F,Ɉ,-0.5,+,3,+,1.0
19,G-,#_E.ˈ,1,COR,+,ghj,ɟ,18,−,P,Ɉ,-2,−,4,+,1.0
20,G-,#_E.ˈ,1,ITA,+,g,d̠͡ʒ,35,−,P͡F,Ɉ,-0.5,+,3,+,1.0
21,G-,#_E.ˈ,1,ABR,,,,,,,,,,,,1.0
22,G-,#_E.ˈ,1,CAM,+,j,j,98,−,W,Ɉ,-2,−,0.3333333333333333,+,1.0
23,G-,#_E.ˈ,1,PGL,,,,,,,,,,,,1.0
24,G-,#_E.ˈ,1,SCN,+,j,j,98,−,W,Ɉ,-2,−,0.3333333333333333,+,1.0
25,G-,#_E.ˈ,1,VEN,+,z/dh,z̠~ð,109,−,F,D,1.25,+/−,2,−,1.0
26,G-,#_E.ˈ,1,ARO,+,dz,d͡z̪,27,−,P͡F,D,1.3333333333333333,+,3,+,1.0
27,G-,#_E.ˈ,1,ROM,+,g,d̠͡ʒ,35,−,P͡F,Ɉ,-0.5,+,3,+,1.0
28,G-,#_E.ˈ,1,GAL,+,x,ʃ,56,−,F,Ɉ,-0.5,+,2,−,1.0
29,G-,#_E.ˈ,1,ASL,+,x,ʃ,56,−,F,Ɉ,-0.5,+,2,−,1.0
30,G-,#_E.ˈ,1,CAS ESP,−,h/∅,∅,∅,−,∅,Ɉ,-0.5,−,0,−,1.0
31,G-,#_E.ˈ,1,AND ESP,−,h/∅,∅,∅,−,∅,Ɉ,-0.5,−,0,−,1.0
32,G-,#_E.ˈ,1,ARG,+,ch,t̠͡ʃ,34,−,P͡F,Ɉ,-0.5,+,3,−,1.0
0,G-,#_a,1,BR POR,+,g,ɡ,20,−,P,K,-3,−,4,+,1.0
1,G-,#_a,1,AMR ESP,+,g,ɡ,20,−,P,K,-3,−,4,+,1.0
2,G-,#_a,1,LAT,+,G,ɡ,20,−,P,K,-3,−,4,+,1.0
3,G-,#_a,1,CAT,+,g,ɡ,20,−,P,K,-3,−,4,+,1.0
4,G-,#_a,1,VAL,+,g,ɡ,20,−,P,K,-3,−,4,+,1.0
5,G-,#_a,1,BAL,+,g,ɡ,20,−,P,K,-3,−,4,+,1.0
6,G-,#_a,1,OCC,+,g (j),ɡ (d͡z),110,−,P (P͡F),K (Ɉ),2.3333333333333335,−/+,3.6666666666666665,+,1.0
7,G-,#_a,1,GAS OCC,+,g,ɡ,20,−,P,K,-3,−,4,+,1.0
8,G-,#_a,1,EU FRA,+,j/g,ʒ,57,−,F,Ɉ,-0.5,+,2,+,1.0
9,G-,#_a,1,QBC FRA,+,j/g,ʒ,57,−,F,Ɉ,-0.5,+,2,+,1.0
10,G-,#_a,1,WAL,+,dj,d̠͡ʒ,35,−,P͡F,Ɉ,-0.5,+,3,+,1.0
11,G-,#_a,1,ARP,+,j,d͡z~ð,107,−,P͡F~F,D,1.5,+/−,2.5,+,1.0
12,G-,#_a,1,LIG,+,g,ɡ,20,−,P,K,-3,−,4,+,1.0
13,G-,#_a,1,EU POR,+,g,ɡ,20,−,P,K,-3,−,4,+,1.0
14,G-,#_a,1,LMO,+,g,ɡ,20,−,P,K,-3,−,4,+,1.0
15,G-,#_a,1,RMH,+,gi,ɟ~d̠͡ʒ,153,−,P~P͡F,Ɉ,-1.25,−/+,3.5,+,1.0
16,G-,#_a,1,FUR,+,gj,ɟ~d̠͡ʒ,153,−,P~P͡F,Ɉ,-1.25,−/+,3.5,+,1.0
17,G-,#_a,1,LOG SRD,+,g,ɡ,20,−,P,K,-3,−,4,+,1.0
18,G-,#_a,1,CPN SRD,+,g,ɡ,20,−,P,K,-3,−,4,+,1.0
19,G-,#_a,1,COR,+,g,ɡ,20,−,P,K,-3,−,4,+,1.0
20,G-,#_a,1,ITA,+,g,ɡ,20,−,P,K,-3,−,4,+,1.0
21,G-,#_a,1,ABR,,,,,,,,,,,,1.0
22,G-,#_a,1,CAM,+,g,ɡ,20,−,P,K,-3,−,4,+,1.0
23,G-,#_a,1,PGL,,,,,,,,,,,,1.0
24,G-,#_a,1,SCN,+,g/j,ɡ~j,112,−,P~W,K~Ɉ,-2.5,−,2.1666666666666665,+,1.0
25,G-,#_a,1,VEN,+,g,ɡ,20,−,P,K,-3,−,4,+,1.0
26,G-,#_a,1,ARO,+,g,ɡ,20,−,P,K,-3,−,4,+,1.0
27,G-,#_a,1,ROM,+,g,ɡ,20,−,P,K,-3,−,4,+,1.0
28,G-,#_a,1,GAL,+,g (gh),ɡ (ħ),176,−,P (F),K (H),-3.6666666666666665,−,3.3333333333333335,+ (−),1.0
29,G-,#_a,1,ASL,+,g,ɡ,20,−,P,K,-3,−,4,+,1.0
30,G-,#_a,1,CAS ESP,+,g,ɡ,20,−,P,K,-3,−,4,+,1.0
31,G-,#_a,1,AND ESP,+,g,ɡ,20,−,P,K,-3,−,4,+,1.0
32,G-,#_a,1,ARG,+,g,ɡ,20,−,P,K,-3,−,4,+,1.0
0,G-,#_O,1,BR POR,+,g,ɡ,20,−,P,K,-3,−,4,+,1.0
1,G-,#_O,1,AMR ESP,+,g,ɡ,20,−,P,K,-3,−,4,+,1.0
2,G-,#_O,1,LAT,+,G,ɡ,20,−,P,K,-3,−,4,+,1.0
3,G-,#_O,1,CAT,+,g,ɡ,20,−,P,K,-3,−,4,+,1.0
4,G-,#_O,1,VAL,+,g,ɡ,20,−,P,K,-3,−,4,+,1.0
5,G-,#_O,1,BAL,+,g,ɡ,20,−,P,K,-3,−,4,+,1.0
6,G-,#_O,1,OCC,+,g,ɡ,20,−,P,K,-3,−,4,+,1.0
7,G-,#_O,1,GAS OCC,+,g,ɡ,20,−,P,K,-3,−,4,+,1.0
8,G-,#_O,1,EU FRA,+,g,ɡ,20,−,P,K,-3,−,4,+,1.0
9,G-,#_O,1,QBC FRA,+,g,ɡ,20,−,P,K,-3,−,4,+,1.0
10,G-,#_O,1,WAL,+,g,ɡ,20,−,P,K,-3,−,4,+,1.0
11,G-,#_O,1,ARP,+,g,ɡ,20,−,P,K,-3,−,4,+,1.0
12,G-,#_O,1,LIG,+,g,ɡ,20,−,P,K,-3,−,4,+,1.0
13,G-,#_O,1,EU POR,+,g,ɡ,20,−,P,K,-3,−,4,+,1.0
14,G-,#_O,1,LMO,+,g,ɡ,20,−,P,K,-3,−,4,+,1.0
15,G-,#_O,1,RMH,+,g,ɡ,20,−,P,K,-3,−,4,+,1.0
16,G-,#_O,1,FUR,+,g,ɡ,20,−,P,K,-3,−,4,+,1.0
17,G-,#_O,1,LOG SRD,+,g,ɡ,20,−,P,K,-3,−,4,+,1.0
18,G-,#_O,1,CPN SRD,+,g,ɡ,20,−,P,K,-3,−,4,+,1.0
19,G-,#_O,1,COR,+,g,ɡ,20,−,P,K,-3,−,4,+,1.0
20,G-,#_O,1,ITA,+,g,ɡ,20,−,P,K,-3,−,4,+,1.0
21,G-,#_O,1,ABR,,,,,,,,,,,,1.0
22,G-,#_O,1,CAM,+,g,ɡ,20,−,P,K,-3,−,4,+,1.0
23,G-,#_O,1,PGL,,,,,,,,,,,,1.0
24,G-,#_O,1,SCN,+,g/j,ɡ~j,112,−,P~W,K~Ɉ,-2.5,−,2.1666666666666665,+,1.0
25,G-,#_O,1,VEN,+,g,ɡ,20,−,P,K,-3,−,4,+,1.0
26,G-,#_O,1,ARO,+,g,ɡ,20,−,P,K,-3,−,4,+,1.0
27,G-,#_O,1,ROM,+,g,ɡ,20,−,P,K,-3,−,4,+,1.0
28,G-,#_O,1,GAL,+,g (gh),ɡ (ħ),176,−,P (F),K (H),-3.6666666666666665,−,3.3333333333333335,+ (−),1.0
29,G-,#_O,1,ASL,+,g,ɡ,20,−,P,K,-3,−,4,+,1.0
30,G-,#_O,1,CAS ESP,+,g,ɡ,20,−,P,K,-3,−,4,+,1.0
31,G-,#_O,1,AND ESP,+,g,ɡ,20,−,P,K,-3,−,4,+,1.0
32,G-,#_O,1,ARG,+,g,ɡ,20,−,P,K,-3,−,4,+,1.0
0,N-,#_E,1,BR POR,+,n,n,73,−,N,D,1,−,1.5,+,1.0
1,N-,#_E,1,AMR ESP,+,n,n,73,−,N,D,1,−,1.5,+,1.0
2,N-,#_E,1,LAT,+,N,n,73,−,N,D,1,−,1.5,+,1.0
3,N-,#_E,1,CAT,+,n,n,73,−,N,D,1,−,1.5,+,1.0
4,N-,#_E,1,VAL,+,n,n,73,−,N,D,1,−,1.5,+,1.0
5,N-,#_E,1,BAL,+,n,n,73,−,N,D,1,−,1.5,+,1.0
6,N-,#_E,1,OCC,+,n,n,73,−,N,D,1,−,1.5,+,1.0
7,N-,#_E,1,GAS OCC,+,n,n,73,−,N,D,1,−,1.5,+,1.0
8,N-,#_E,1,EU FRA,+,n,n,73,−,N,D,1,−,1.5,+,1.0
9,N-,#_E,1,QBC FRA,+,n,n,73,−,N,D,1,−,1.5,+,1.0
10,N-,#_E,1,WAL,+,n,n,73,−,N,D,1,−,1.5,+,1.0
11,N-,#_E,1,ARP,+,n,n,73,−,N,D,1,−,1.5,+,1.0
12,N-,#_E,1,LIG,+,n,n,73,−,N,D,1,−,1.5,+,1.0
13,N-,#_E,1,EU POR,+,n,n,73,−,N,D,1,−,1.5,+,1.0
14,N-,#_E,1,LMO,+,n,n,73,−,N,D,1,−,1.5,+,1.0
15,N-,#_E,1,RMH,,,,,,,,,,,,1.0
16,N-,#_E,1,FUR,+,n,n,73,−,N,D,1,−,1.5,+,1.0
17,N-,#_E,1,LOG SRD,+,n,n,73,−,N,D,1,−,1.5,+,1.0
18,N-,#_E,1,CPN SRD,+,n,n,73,−,N,D,1,−,1.5,+,1.0
19,N-,#_E,1,COR,,,,,,,,,,,,1.0
20,N-,#_E,1,ITA,+,n,n,73,−,N,D,1,−,1.5,+,1.0
21,N-,#_E,1,ABR,,,,,,,,,,,,1.0
22,N-,#_E,1,CAM,+,n,n,73,−,N,D,1,−,1.5,+,1.0
23,N-,#_E,1,PGL,,,,,,,,,,,,1.0
24,N-,#_E,1,SCN,+,n,n,73,−,N,D,1,−,1.5,+,1.0
25,N-,#_E,1,VEN,+,n,n,73,−,N,D,1,−,1.5,+,1.0
26,N-,#_E,1,ARO,+,n,n,73,−,N,D,1,−,1.5,+,1.0
27,N-,#_E,1,ROM,+,n,n,73,−,N,D,1,−,1.5,+,1.0
28,N-,#_E,1,GAL,+,n,n,73,−,N,D,1,−,1.5,+,1.0
29,N-,#_E,1,ASL,+,n/ñ,n~ɲ,113,−,N,D~Ɉ,-0.5,−,1.5,+,1.0
30,N-,#_E,1,CAS ESP,+,n,n,73,−,N,D,1,−,1.5,+,1.0
31,N-,#_E,1,AND ESP,+,n,n,73,−,N,D,1,−,1.5,+,1.0
32,N-,#_E,1,ARG,+,n,n,73,−,N,D,1,−,1.5,+,1.0
0,N-,"#_{a,O}",1,BR POR,+,n,n,73,−,N,D,1,−,1.5,+,1.0
1,N-,"#_{a,O}",1,AMR ESP,+,n,n,73,−,N,D,1,−,1.5,+,1.0
2,N-,"#_{a,O}",1,LAT,+,N,n,73,−,N,D,1,−,1.5,+,1.0
3,N-,"#_{a,O}",1,CAT,+,n,n,73,−,N,D,1,−,1.5,+,1.0
4,N-,"#_{a,O}",1,VAL,+,n,n,73,−,N,D,1,−,1.5,+,1.0
5,N-,"#_{a,O}",1,BAL,+,n,n,73,−,N,D,1,−,1.5,+,1.0
6,N-,"#_{a,O}",1,OCC,+,n,n,73,−,N,D,1,−,1.5,+,1.0
7,N-,"#_{a,O}",1,GAS OCC,+,n,n,73,−,N,D,1,−,1.5,+,1.0
8,N-,"#_{a,O}",1,EU FRA,+,n,n,73,−,N,D,1,−,1.5,+,1.0
9,N-,"#_{a,O}",1,QBC FRA,+,n,n,73,−,N,D,1,−,1.5,+,1.0
10,N-,"#_{a,O}",1,WAL,+,n,n,73,−,N,D,1,−,1.5,+,1.0
11,N-,"#_{a,O}",1,ARP,+,n,n,73,−,N,D,1,−,1.5,+,1.0
12,N-,"#_{a,O}",1,LIG,+,n,n,73,−,N,D,1,−,1.5,+,1.0
13,N-,"#_{a,O}",1,EU POR,+,n,n,73,−,N,D,1,−,1.5,+,1.0
14,N-,"#_{a,O}",1,LMO,+,n,n,73,−,N,D,1,−,1.5,+,1.0
15,N-,"#_{a,O}",1,RMH,,,,,,,,,,,,1.0
16,N-,"#_{a,O}",1,FUR,+,n,n,73,−,N,D,1,−,1.5,+,1.0
17,N-,"#_{a,O}",1,LOG SRD,+,n,n,73,−,N,D,1,−,1.5,+,1.0
18,N-,"#_{a,O}",1,CPN SRD,+,n,n,73,−,N,D,1,−,1.5,+,1.0
19,N-,"#_{a,O}",1,COR,,,,,,,,,,,,1.0
20,N-,"#_{a,O}",1,ITA,+,n,n,73,−,N,D,1,−,1.5,+,1.0
21,N-,"#_{a,O}",1,ABR,,,,,,,,,,,,1.0
22,N-,"#_{a,O}",1,CAM,+,n,n,73,−,N,D,1,−,1.5,+,1.0
23,N-,"#_{a,O}",1,PGL,,,,,,,,,,,,1.0
24,N-,"#_{a,O}",1,SCN,+,n,n,73,−,N,D,1,−,1.5,+,1.0
25,N-,"#_{a,O}",1,VEN,+,n,n,73,−,N,D,1,−,1.5,+,1.0
26,N-,"#_{a,O}",1,ARO,+,n,n,73,−,N,D,1,−,1.5,+,1.0
27,N-,"#_{a,O}",1,ROM,+,n,n,73,−,N,D,1,−,1.5,+,1.0
28,N-,"#_{a,O}",1,GAL,+,n,n,73,−,N,D,1,−,1.5,+,1.0
29,N-,"#_{a,O}",1,ASL,+,n/ñ,n~ɲ,113,−,N,D~Ɉ,-0.5,−,1.5,+,1.0
30,N-,"#_{a,O}",1,CAS ESP,+,n,n,73,−,N,D,1,−,1.5,+,1.0
31,N-,"#_{a,O}",1,AND ESP,+,n,n,73,−,N,D,1,−,1.5,+,1.0
32,N-,"#_{a,O}",1,ARG,+,n,n,73,−,N,D,1,−,1.5,+,1.0
0,M-,#_,1,BR POR,+,m,m,70,−,N,B,3,−,1.5,+,1.0
1,M-,#_,1,AMR ESP,+,m,m,70,−,N,B,3,−,1.5,+,1.0
2,M-,#_,1,LAT,+,M,m,70,−,N,B,3,−,1.5,+,1.0
3,M-,#_,1,CAT,+,m,m,70,−,N,B,3,−,1.5,+,1.0
4,M-,#_,1,VAL,+,m,m,70,−,N,B,3,−,1.5,+,1.0
5,M-,#_,1,BAL,+,m,m,70,−,N,B,3,−,1.5,+,1.0
6,M-,#_,1,OCC,+,m,m,70,−,N,B,3,−,1.5,+,1.0
7,M-,#_,1,GAS OCC,+,m,m,70,−,N,B,3,−,1.5,+,1.0
8,M-,#_,1,EU FRA,+,m,m,70,−,N,B,3,−,1.5,+,1.0
9,M-,#_,1,QBC FRA,+,m,m,70,−,N,B,3,−,1.5,+,1.0
10,M-,#_,1,WAL,+,m,m,70,−,N,B,3,−,1.5,+,1.0
11,M-,#_,1,ARP,+,m,m,70,−,N,B,3,−,1.5,+,1.0
12,M-,#_,1,LIG,+,m,m,70,−,N,B,3,−,1.5,+,1.0
13,M-,#_,1,EU POR,+,m,m,70,−,N,B,3,−,1.5,+,1.0
14,M-,#_,1,LMO,+,m,m,70,−,N,B,3,−,1.5,+,1.0
15,M-,#_,1,RMH,,,,,,,,,,,,1.0
16,M-,#_,1,FUR,+,m,m,70,−,N,B,3,−,1.5,+,1.0
17,M-,#_,1,LOG SRD,+,m,m,70,−,N,B,3,−,1.5,+,1.0
18,M-,#_,1,CPN SRD,+,m,m,70,−,N,B,3,−,1.5,+,1.0
19,M-,#_,1,COR,,,,,,,,,,,,1.0
20,M-,#_,1,ITA,+,m,m,70,−,N,B,3,−,1.5,+,1.0
21,M-,#_,1,ABR,,,,,,,,,,,,1.0
22,M-,#_,1,CAM,+,m,m,70,−,N,B,3,−,1.5,+,1.0
23,M-,#_,1,PGL,,,,,,,,,,,,1.0
24,M-,#_,1,SCN,+,m,m,70,−,N,B,3,−,1.5,+,1.0
25,M-,#_,1,VEN,+,m,m,70,−,N,B,3,−,1.5,+,1.0
26,M-,#_,1,ARO,+,m,m,70,−,N,B,3,−,1.5,+,1.0
27,M-,#_,1,ROM,+,m,m,70,−,N,B,3,−,1.5,+,1.0
28,M-,#_,1,GAL,+,m,m,70,−,N,B,3,−,1.5,+,1.0
29,M-,#_,1,ASL,+,m,m,70,−,N,B,3,−,1.5,+,1.0
30,M-,#_,1,CAS ESP,+,m,m,70,−,N,B,3,−,1.5,+,1.0
31,M-,#_,1,AND ESP,+,m,m,70,−,N,B,3,−,1.5,+,1.0
32,M-,#_,1,ARG,+,m,m,70,−,N,B,3,−,1.5,+,1.0
0,F-,"ˈ#_{ĕ,ŏ}",1,BR POR,+,f,f,42,−,F,B,2.5,−,2,−,1.0
1,F-,"ˈ#_{ĕ,ŏ}",1,AMR ESP,+,f,ɸ~f,114,−,F,B,2.75,−,2,−,1.0
2,F-,"ˈ#_{ĕ,ŏ}",1,LAT,+,F,ɸ~f,114,−,F,B,2.75,−,2,−,1.0
3,F-,"ˈ#_{ĕ,ŏ}",1,CAT,+,f,f,42,−,F,B,2.5,−,2,−,1.0
4,F-,"ˈ#_{ĕ,ŏ}",1,VAL,+,f,f,42,−,F,B,2.5,−,2,−,1.0
5,F-,"ˈ#_{ĕ,ŏ}",1,BAL,+,f,f,42,−,F,B,2.5,−,2,−,1.0
6,F-,"ˈ#_{ĕ,ŏ}",1,OCC,+,f,f,42,−,F,B,2.5,−,2,−,1.0
7,F-,"ˈ#_{ĕ,ŏ}",1,GAS OCC,+,f,f,42,−,F,B,2.5,−,2,−,1.0
8,F-,"ˈ#_{ĕ,ŏ}",1,EU FRA,+,f,f,42,−,F,B,2.5,−,2,−,1.0
9,F-,"ˈ#_{ĕ,ŏ}",1,QBC FRA,+,f,f,42,−,F,B,2.5,−,2,−,1.0
10,F-,"ˈ#_{ĕ,ŏ}",1,WAL,+,f,f,42,−,F,B,2.5,−,2,−,1.0
11,F-,"ˈ#_{ĕ,ŏ}",1,ARP,+,f,f,42,−,F,B,2.5,−,2,−,1.0
12,F-,"ˈ#_{ĕ,ŏ}",1,LIG,+,f,f,42,−,F,B,2.5,−,2,−,1.0
13,F-,"ˈ#_{ĕ,ŏ}",1,EU POR,+,f,f,42,−,F,B,2.5,−,2,−,1.0
14,F-,"ˈ#_{ĕ,ŏ}",1,LMO,+,f,f,42,−,F,B,2.5,−,2,−,1.0
15,F-,"ˈ#_{ĕ,ŏ}",1,RMH,,,,,,,,,,,,1.0
16,F-,"ˈ#_{ĕ,ŏ}",1,FUR,+,f,f,42,−,F,B,2.5,−,2,−,1.0
17,F-,"ˈ#_{ĕ,ŏ}",1,LOG SRD,+,f,f,42,−,F,B,2.5,−,2,−,1.0
18,F-,"ˈ#_{ĕ,ŏ}",1,CPN SRD,+,f,f,42,−,F,B,2.5,−,2,−,1.0
19,F-,"ˈ#_{ĕ,ŏ}",1,COR,,,,,,,,,,,,1.0
20,F-,"ˈ#_{ĕ,ŏ}",1,ITA,+,f,f,42,−,F,B,2.5,−,2,−,1.0
21,F-,"ˈ#_{ĕ,ŏ}",1,ABR,,,,,,,,,,,,1.0
22,F-,"ˈ#_{ĕ,ŏ}",1,CAM,+,f,f,42,−,F,B,2.5,−,2,−,1.0
23,F-,"ˈ#_{ĕ,ŏ}",1,PGL,,,,,,,,,,,,1.0
24,F-,"ˈ#_{ĕ,ŏ}",1,SCN,+,f,f,42,−,F,B,2.5,−,2,−,1.0
25,F-,"ˈ#_{ĕ,ŏ}",1,VEN,+,f,f,42,−,F,B,2.5,−,2,−,1.0
26,F-,"ˈ#_{ĕ,ŏ}",1,ARO,+,f,f,42,−,F,B,2.5,−,2,−,1.0
27,F-,"ˈ#_{ĕ,ŏ}",1,ROM,+,f,f,42,−,F,B,2.5,−,2,−,1.0
28,F-,"ˈ#_{ĕ,ŏ}",1,GAL,+,f,f,42,−,F,B,2.5,−,2,−,1.0
29,F-,"ˈ#_{ĕ,ŏ}",1,ASL,+,f (ḥ),f (h),115,−,F,B (H),-0.16666666666666666,−,2,−,1.0
30,F-,"ˈ#_{ĕ,ŏ}",1,CAS ESP,+,f,ɸ~f,114,−,F,B,2.75,−,2,−,1.0
31,F-,"ˈ#_{ĕ,ŏ}",1,AND ESP,+,f,ɸ~f,114,−,F,B,2.75,−,2,−,1.0
32,F-,"ˈ#_{ĕ,ŏ}",1,ARG,+,f,f,42,−,F,B,2.5,−,2,−,1.0
0,F-,"#_{a,ē,i,ō,u}",1,BR POR,+,f,f,42,−,F,B,2.5,−,2,−,1.0
1,F-,"#_{a,ē,i,ō,u}",1,AMR ESP,−,h,∅,∅,−,∅,H,-6,−,0,−,1.0
2,F-,"#_{a,ē,i,ō,u}",1,LAT,+,F,ɸ~f,114,−,F,B,2.75,−,2,−,1.0
3,F-,"#_{a,ē,i,ō,u}",1,CAT,+,f,f,42,−,F,B,2.5,−,2,−,1.0
4,F-,"#_{a,ē,i,ō,u}",1,VAL,+,f,f,42,−,F,B,2.5,−,2,−,1.0
5,F-,"#_{a,ē,i,ō,u}",1,BAL,+,f,f,42,−,F,B,2.5,−,2,−,1.0
6,F-,"#_{a,ē,i,ō,u}",1,OCC,+,f,f,42,−,F,B,2.5,−,2,−,1.0
7,F-,"#_{a,ē,i,ō,u}",1,GAS OCC,+,f,f,42,−,F,B,2.5,−,2,−,1.0
8,F-,"#_{a,ē,i,ō,u}",1,EU FRA,+,f,f,42,−,F,B,2.5,−,2,−,1.0
9,F-,"#_{a,ē,i,ō,u}",1,QBC FRA,+,f,f,42,−,F,B,2.5,−,2,−,1.0
10,F-,"#_{a,ē,i,ō,u}",1,WAL,+,f,f,42,−,F,B,2.5,−,2,−,1.0
11,F-,"#_{a,ē,i,ō,u}",1,ARP,+,f,f,42,−,F,B,2.5,−,2,−,1.0
12,F-,"#_{a,ē,i,ō,u}",1,LIG,+,f,f,42,−,F,B,2.5,−,2,−,1.0
13,F-,"#_{a,ē,i,ō,u}",1,EU POR,+,f,f,42,−,F,B,2.5,−,2,−,1.0
14,F-,"#_{a,ē,i,ō,u}",1,LMO,+,f,f,42,−,F,B,2.5,−,2,−,1.0
15,F-,"#_{a,ē,i,ō,u}",1,RMH,,,,,,,,,,,,1.0
16,F-,"#_{a,ē,i,ō,u}",1,FUR,+,f,f,42,−,F,B,2.5,−,2,−,1.0
17,F-,"#_{a,ē,i,ō,u}",1,LOG SRD,+,f,f,42,−,F,B,2.5,−,2,−,1.0
18,F-,"#_{a,ē,i,ō,u}",1,CPN SRD,+,f,f,42,−,F,B,2.5,−,2,−,1.0
19,F-,"#_{a,ē,i,ō,u}",1,COR,,,,,,,,,,,,1.0
20,F-,"#_{a,ē,i,ō,u}",1,ITA,+,f,f,42,−,F,B,2.5,−,2,−,1.0
21,F-,"#_{a,ē,i,ō,u}",1,ABR,,,,,,,,,,,,1.0
22,F-,"#_{a,ē,i,ō,u}",1,CAM,+,f,f,42,−,F,B,2.5,−,2,−,1.0
23,F-,"#_{a,ē,i,ō,u}",1,PGL,,,,,,,,,,,,1.0
24,F-,"#_{a,ē,i,ō,u}",1,SCN,+,f,f,42,−,F,B,2.5,−,2,−,1.0
25,F-,"#_{a,ē,i,ō,u}",1,VEN,+,f,f,42,−,F,B,2.5,−,2,−,1.0
26,F-,"#_{a,ē,i,ō,u}",1,ARO,+,f,f,42,−,F,B,2.5,−,2,−,1.0
27,F-,"#_{a,ē,i,ō,u}",1,ROM,+,f,f,42,−,F,B,2.5,−,2,−,1.0
28,F-,"#_{a,ē,i,ō,u}",1,GAL,+,f,f,42,−,F,B,2.5,−,2,−,1.0
29,F-,"#_{a,ē,i,ō,u}",1,ASL,+,f (ḥ),f (h),115,−,F,B (H),-0.16666666666666666,−,2,−,1.0
30,F-,"#_{a,ē,i,ō,u}",1,CAS ESP,−,h,∅,∅,−,∅,H,-6,−,0,−,1.0
31,F-,"#_{a,ē,i,ō,u}",1,AND ESP,−,h,h~∅,116,−,F~∅,H,-6,−,1,−,1.0
32,F-,"#_{a,ē,i,ō,u}",1,ARG,+,f,f,42,−,F,B,2.5,−,2,−,1.0
0,V-,#_E,1,BR POR,+,v,v,43,−,F,B,2.5,−,2,+,1.0
1,V-,#_E,1,AMR ESP,+,v,b,2,−,P,B,3,−,4,+,1.0
2,V-,#_E,1,LAT,+,V,w,97,−,W,BK,0,−,0.5,+,1.0
3,V-,#_E,1,CAT,+,v,b,2,−,P,B,3,−,4,+,1.0
4,V-,#_E,1,VAL,+,v,v,43,−,F,B,2.5,−,2,+,1.0
5,V-,#_E,1,BAL,+,v,v,43,−,F,B,2.5,−,2,+,1.0
6,V-,#_E,1,OCC,+,v,b~v,117,−,P~F,B,2.75,−,3,+,1.0
7,V-,#_E,1,GAS OCC,+,v,b,2,−,P,B,3,−,4,+,1.0
8,V-,#_E,1,EU FRA,+,v,v,43,−,F,B,2.5,−,2,+,1.0
9,V-,#_E,1,QBC FRA,+,v,v,43,−,F,B,2.5,−,2,+,1.0
10,V-,#_E,1,WAL,,,,,,,,,,,,1.0
11,V-,#_E,1,ARP,+,v,v,43,−,F,B,2.5,−,2,+,1.0
12,V-,#_E,1,LIG,,,,,,,,,,,,1.0
13,V-,#_E,1,EU POR,+,v,v,43,−,F,B,2.5,−,2,+,1.0
14,V-,#_E,1,LMO,+,v,v,43,−,F,B,2.5,−,2,+,1.0
15,V-,#_E,1,RMH,,,,,,,,,,,,1.0
16,V-,#_E,1,FUR,,,,,,,,,,,,1.0
17,V-,#_E,1,LOG SRD,+,b,b,2,−,P,B,3,−,4,+,1.0
18,V-,#_E,1,CPN SRD,+,b,b,2,−,P,B,3,−,4,+,1.0
19,V-,#_E,1,COR,,,,,,,,,,,,1.0
20,V-,#_E,1,ITA,+,v,v,43,−,F,B,2.5,−,2,+,1.0
21,V-,#_E,1,ABR,,,,,,,,,,,,1.0
22,V-,#_E,1,CAM,+,v,v,43,−,F,B,2.5,−,2,+,1.0
23,V-,#_E,1,PGL,,,,,,,,,,,,1.0
24,V-,#_E,1,SCN,+,v,v,43,−,F,B,2.5,−,2,+,1.0
25,V-,#_E,1,VEN,+,v,v,43,−,F,B,2.5,−,2,+,1.0
26,V-,#_E,1,ARO,+,v,v,43,−,F,B,2.5,−,2,+,1.0
27,V-,#_E,1,ROM,+,v,v,43,−,F,B,2.5,−,2,+,1.0
28,V-,#_E,1,GAL,+,v,b,2,−,P,B,3,−,4,+,1.0
29,V-,#_E,1,ASL,+,v,b,2,−,P,B,3,−,4,+,1.0
30,V-,#_E,1,CAS ESP,+,v,b,2,−,P,B,3,−,4,+,1.0
31,V-,#_E,1,AND ESP,+,v,b,2,−,P,B,3,−,4,+,1.0
32,V-,#_E,1,ARG,,,,,,,,,,,,1.0
0,V-,"#_{a,O}",1,BR POR,+,v,v,43,−,F,B,2.5,−,2,+,1.0
1,V-,"#_{a,O}",1,AMR ESP,+,v,b,2,−,P,B,3,−,4,+,1.0
2,V-,"#_{a,O}",1,LAT,+,V,w,97,−,W,BK,0,−,0.5,+,1.0
3,V-,"#_{a,O}",1,CAT,+,v,b,2,−,P,B,3,−,4,+,1.0
4,V-,"#_{a,O}",1,VAL,+,v,v,43,−,F,B,2.5,−,2,+,1.0
5,V-,"#_{a,O}",1,BAL,+,v,v,43,−,F,B,2.5,−,2,+,1.0
6,V-,"#_{a,O}",1,OCC,+,v,b~v,117,−,P~F,B,2.75,−,3,+,1.0
7,V-,"#_{a,O}",1,GAS OCC,+,v,b,2,−,P,B,3,−,4,+,1.0
8,V-,"#_{a,O}",1,EU FRA,+,v,v,43,−,F,B,2.5,−,2,+,1.0
9,V-,"#_{a,O}",1,QBC FRA,+,v,v,43,−,F,B,2.5,−,2,+,1.0
10,V-,"#_{a,O}",1,WAL,,,,,,,,,,,,1.0
11,V-,"#_{a,O}",1,ARP,+,v,v,43,−,F,B,2.5,−,2,+,1.0
12,V-,"#_{a,O}",1,LIG,,,,,,,,,,,,1.0
13,V-,"#_{a,O}",1,EU POR,+,v,v,43,−,F,B,2.5,−,2,+,1.0
14,V-,"#_{a,O}",1,LMO,+,v,v,43,−,F,B,2.5,−,2,+,1.0
15,V-,"#_{a,O}",1,RMH,,,,,,,,,,,,1.0
16,V-,"#_{a,O}",1,FUR,,,,,,,,,,,,1.0
17,V-,"#_{a,O}",1,LOG SRD,+,b,b,2,−,P,B,3,−,4,+,1.0
18,V-,"#_{a,O}",1,CPN SRD,+,b,b,2,−,P,B,3,−,4,+,1.0
19,V-,"#_{a,O}",1,COR,,,,,,,,,,,,1.0
20,V-,"#_{a,O}",1,ITA,+,v,v,43,−,F,B,2.5,−,2,+,1.0
21,V-,"#_{a,O}",1,ABR,,,,,,,,,,,,1.0
22,V-,"#_{a,O}",1,CAM,+,v,v,43,−,F,B,2.5,−,2,+,1.0
23,V-,"#_{a,O}",1,PGL,,,,,,,,,,,,1.0
24,V-,"#_{a,O}",1,SCN,+,v,v,43,−,F,B,2.5,−,2,+,1.0
25,V-,"#_{a,O}",1,VEN,+,v,v,43,−,F,B,2.5,−,2,+,1.0
26,V-,"#_{a,O}",1,ARO,+,v,v,43,−,F,B,2.5,−,2,+,1.0
27,V-,"#_{a,O}",1,ROM,+,v,v,43,−,F,B,2.5,−,2,+,1.0
28,V-,"#_{a,O}",1,GAL,+,v,b,2,−,P,B,3,−,4,+,1.0
29,V-,"#_{a,O}",1,ASL,+,v,b,2,−,P,B,3,−,4,+,1.0
30,V-,"#_{a,O}",1,CAS ESP,+,v,b,2,−,P,B,3,−,4,+,1.0
31,V-,"#_{a,O}",1,AND ESP,+,v,b,2,−,P,B,3,−,4,+,1.0
32,V-,"#_{a,O}",1,ARG,,,,,,,,,,,,1.0
0,S-,ˈ#_E,1,BR POR,+,s,s,50,−,F,D,1,+,2,−,1.0
1,S-,ˈ#_E,1,AMR ESP,+,s,s,50,−,F,D,1,+,2,−,1.0
2,S-,ˈ#_E,1,LAT,+,S,s̠,52,−,F,D,0.5,+,2,−,1.0
3,S-,ˈ#_E,1,CAT,+,s,s̠,52,−,F,D,0.5,+,2,−,1.0
4,S-,ˈ#_E,1,VAL,+,s,s̠,52,−,F,D,0.5,+,2,−,1.0
5,S-,ˈ#_E,1,BAL,+,s,s̠,52,−,F,D,0.5,+,2,−,1.0
6,S-,ˈ#_E,1,OCC,+,s,s̠,52,−,F,D,0.5,+,2,−,1.0
7,S-,ˈ#_E,1,GAS OCC,+,s,s̠,52,−,F,D,0.5,+,2,−,1.0
8,S-,ˈ#_E,1,EU FRA,+,s,s̪,48,−,F,D,1.3333333333333333,+,2,−,1.0
9,S-,ˈ#_E,1,QBC FRA,+,s,s̪,48,−,F,D,1.3333333333333333,+,2,−,1.0
10,S-,ˈ#_E,1,WAL,+,s,s̪,48,−,F,D,1.3333333333333333,+,2,−,1.0
11,S-,ˈ#_E,1,ARP,+,s,s,50,−,F,D,1,+,2,−,1.0
12,S-,ˈ#_E,1,LIG,+,s,s,50,−,F,D,1,+,2,−,1.0
13,S-,ˈ#_E,1,EU POR,+,s,s (s̠),118,−,F,D,0.875,+,2,−,1.0
14,S-,ˈ#_E,1,LMO,+,s,s̠,52,−,F,D,0.5,+,2,−,1.0
15,S-,ˈ#_E,1,RMH,+,s,s,50,−,F,D,1,+,2,−,1.0
16,S-,ˈ#_E,1,FUR,+,s,s̠~s,161,−,F,D,0.75,+,2,−,1.0
17,S-,ˈ#_E,1,LOG SRD,+,s,s̠,52,−,F,D,0.5,+,2,−,1.0
18,S-,ˈ#_E,1,CPN SRD,+,s,s (s̠),118,−,F,D,0.875,+,2,−,1.0
19,S-,ˈ#_E,1,COR,+,s,s,50,−,F,D,1,+,2,−,1.0
20,S-,ˈ#_E,1,ITA,+,s,s,50,−,F,D,1,+,2,−,1.0
21,S-,ˈ#_E,1,ABR,+,s,s,50,−,F,D,1,+,2,−,1.0
22,S-,ˈ#_E,1,CAM,+,s,s,50,−,F,D,1,+,2,−,1.0
23,S-,ˈ#_E,1,PGL,+,s,s,50,−,F,D,1,+,2,−,1.0
24,S-,ˈ#_E,1,SCN,+,s,s,50,−,F,D,1,+,2,−,1.0
25,S-,ˈ#_E,1,VEN,+,s,s̠,52,−,F,D,0.5,+,2,−,1.0
26,S-,ˈ#_E,1,ARO,+,s,s̪,48,−,F,D,1.3333333333333333,+,2,−,1.0
27,S-,ˈ#_E,1,ROM,+,s,s̪,48,−,F,D,1.3333333333333333,+,2,−,1.0
29,S-,ˈ#_E,1,ROM,+,ș,ʃ,56,−,F,Ɉ,-0.5,+,2,−,2.0
30,S-,ˈ#_E,1,GAL,+,s,s̠,122,−,F,D,0.625,+,2,−,1.0
31,S-,ˈ#_E,1,ASL,+,s,s̠,52,−,F,D,0.5,+,2,−,1.0
32,S-,ˈ#_E,1,CAS ESP,+,s,s̠,52,−,F,D,0.5,+,2,−,1.0
33,S-,ˈ#_E,1,AND ESP,+,s,s̟,46,−,F,D,1.6666666666666667,+,2,−,1.0
34,S-,ˈ#_E,1,ARG,+,s,s̠,52,−,F,D,0.5,+,2,−,1.0
0,S-,#_Eˈ,1,BR POR,+,s,s,50,−,F,D,1,+,2,−,1.0
1,S-,#_Eˈ,1,AMR ESP,+,s,s,50,−,F,D,1,+,2,−,1.0
2,S-,#_Eˈ,1,LAT,+,S,s̠,52,−,F,D,0.5,+,2,−,1.0
3,S-,#_Eˈ,1,CAT,+,s,s̠,52,−,F,D,0.5,+,2,−,1.0
4,S-,#_Eˈ,1,VAL,+,s,s̠,52,−,F,D,0.5,+,2,−,1.0
5,S-,#_Eˈ,1,BAL,+,s,s̠,52,−,F,D,0.5,+,2,−,1.0
6,S-,#_Eˈ,1,OCC,+,s,s̠,52,−,F,D,0.5,+,2,−,1.0
7,S-,#_Eˈ,1,GAS OCC,+,s,s̠,52,−,F,D,0.5,+,2,−,1.0
8,S-,#_Eˈ,1,EU FRA,+,s,s̪,48,−,F,D,1.3333333333333333,+,2,−,1.0
9,S-,#_Eˈ,1,QBC FRA,+,s,s̪,48,−,F,D,1.3333333333333333,+,2,−,1.0
10,S-,#_Eˈ,1,WAL,+,s,s̪,48,−,F,D,1.3333333333333333,+,2,−,1.0
11,S-,#_Eˈ,1,ARP,+,s,s,50,−,F,D,1,+,2,−,1.0
12,S-,#_Eˈ,1,LIG,+,s,s,50,−,F,D,1,+,2,−,1.0
13,S-,#_Eˈ,1,EU POR,+,s,s (s̠),118,−,F,D,0.875,+,2,−,1.0
14,S-,#_Eˈ,1,LMO,+,s,s̠,52,−,F,D,0.5,+,2,−,1.0
15,S-,#_Eˈ,1,RMH,+,s,s,50,−,F,D,1,+,2,−,1.0
16,S-,#_Eˈ,1,FUR,+,s,s̠~s,161,−,F,D,0.75,+,2,−,1.0
17,S-,#_Eˈ,1,LOG SRD,+,s,s̠,52,−,F,D,0.5,+,2,−,1.0
18,S-,#_Eˈ,1,CPN SRD,+,s,s (s̠),118,−,F,D,0.875,+,2,−,1.0
19,S-,#_Eˈ,1,COR,+,s,s,50,−,F,D,1,+,2,−,1.0
20,S-,#_Eˈ,1,ITA,+,s,s,50,−,F,D,1,+,2,−,1.0
21,S-,#_Eˈ,1,ABR,+,s,s,50,−,F,D,1,+,2,−,1.0
22,S-,#_Eˈ,1,CAM,+,s,s,50,−,F,D,1,+,2,−,1.0
23,S-,#_Eˈ,1,PGL,+,s,s,50,−,F,D,1,+,2,−,1.0
24,S-,#_Eˈ,1,SCN,+,s,s,50,−,F,D,1,+,2,−,1.0
25,S-,#_Eˈ,1,VEN,+,s,s̠,52,−,F,D,0.5,+,2,−,1.0
26,S-,#_Eˈ,1,ARO,+,s,s̪,48,−,F,D,1.3333333333333333,+,2,−,1.0
27,S-,#_Eˈ,1,ROM,+,s,s̪,48,−,F,D,1.3333333333333333,+,2,−,1.0
29,S-,#_Eˈ,1,ROM,+,ș,ʃ,56,−,F,Ɉ,-0.5,+,2,−,2.0
30,S-,#_Eˈ,1,GAL,+,s,s̠,122,−,F,D,0.625,+,2,−,1.0
31,S-,#_Eˈ,1,ASL,+,s,s̠,52,−,F,D,0.5,+,2,−,1.0
32,S-,#_Eˈ,1,CAS ESP,+,s,s̠,52,−,F,D,0.5,+,2,−,1.0
33,S-,#_Eˈ,1,AND ESP,+,s,s̟,46,−,F,D,1.6666666666666667,+,2,−,1.0
34,S-,#_Eˈ,1,ARG,+,s,s̠,52,−,F,D,0.5,+,2,−,1.0
0,S-,"#_{a,O}",1,BR POR,+,s,s,50,−,F,D,1,+,2,−,1.0
1,S-,"#_{a,O}",1,AMR ESP,+,s,s,50,−,F,D,1,+,2,−,1.0
2,S-,"#_{a,O}",1,LAT,+,S,s̠,52,−,F,D,0.5,+,2,−,1.0
3,S-,"#_{a,O}",1,CAT,+,s,s̠,52,−,F,D,0.5,+,2,−,1.0
4,S-,"#_{a,O}",1,VAL,+,s,s̠,52,−,F,D,0.5,+,2,−,1.0
5,S-,"#_{a,O}",1,BAL,+,s,s̠,52,−,F,D,0.5,+,2,−,1.0
6,S-,"#_{a,O}",1,OCC,+,s,s̠,52,−,F,D,0.5,+,2,−,1.0
7,S-,"#_{a,O}",1,GAS OCC,+,s,s̠,52,−,F,D,0.5,+,2,−,1.0
8,S-,"#_{a,O}",1,EU FRA,+,s,s̪,48,−,F,D,1.3333333333333333,+,2,−,1.0
9,S-,"#_{a,O}",1,QBC FRA,+,s,s̪,48,−,F,D,1.3333333333333333,+,2,−,1.0
10,S-,"#_{a,O}",1,WAL,+,s,s̪,48,−,F,D,1.3333333333333333,+,2,−,1.0
11,S-,"#_{a,O}",1,ARP,+,s,s,50,−,F,D,1,+,2,−,1.0
12,S-,"#_{a,O}",1,LIG,+,s,s,50,−,F,D,1,+,2,−,1.0
13,S-,"#_{a,O}",1,EU POR,+,s,s (s̠),118,−,F,D,0.875,+,2,−,1.0
14,S-,"#_{a,O}",1,LMO,+,s,s̠,52,−,F,D,0.5,+,2,−,1.0
15,S-,"#_{a,O}",1,RMH,+,s,s,50,−,F,D,1,+,2,−,1.0
16,S-,"#_{a,O}",1,FUR,+,s,s̠~s,161,−,F,D,0.75,+,2,−,1.0
17,S-,"#_{a,O}",1,LOG SRD,+,s,s̠,52,−,F,D,0.5,+,2,−,1.0
18,S-,"#_{a,O}",1,CPN SRD,+,s,s (s̠),118,−,F,D,0.875,+,2,−,1.0
19,S-,"#_{a,O}",1,COR,+,s,s,50,−,F,D,1,+,2,−,1.0
20,S-,"#_{a,O}",1,ITA,+,s,s,50,−,F,D,1,+,2,−,1.0
21,S-,"#_{a,O}",1,ABR,+,s,s,50,−,F,D,1,+,2,−,1.0
22,S-,"#_{a,O}",1,CAM,+,s,s,50,−,F,D,1,+,2,−,1.0
23,S-,"#_{a,O}",1,PGL,+,s,s,50,−,F,D,1,+,2,−,1.0
24,S-,"#_{a,O}",1,SCN,+,s,s,50,−,F,D,1,+,2,−,1.0
25,S-,"#_{a,O}",1,VEN,+,s,s̠,52,−,F,D,0.5,+,2,−,1.0
26,S-,"#_{a,O}",1,ARO,+,s,s̪,48,−,F,D,1.3333333333333333,+,2,−,1.0
27,S-,"#_{a,O}",1,ROM,+,s,s̪,48,−,F,D,1.3333333333333333,+,2,−,1.0
28,S-,"#_{a,O}",1,GAL,+,s,s̠,122,−,F,D,0.625,+,2,−,1.0
29,S-,"#_{a,O}",1,ASL,+,s,s̠,52,−,F,D,0.5,+,2,−,1.0
30,S-,"#_{a,O}",1,CAS ESP,+,s,s̠,52,−,F,D,0.5,+,2,−,1.0
31,S-,"#_{a,O}",1,AND ESP,+,s,s̟,46,−,F,D,1.6666666666666667,+,2,−,1.0
32,S-,"#_{a,O}",1,ARG,+,s,s̠,52,−,F,D,0.5,+,2,−,1.0
0,H-,#_,1,BR POR,−,h~∅,∅,∅,−,∅,H,-6,−,0,−,1.0
1,H-,#_,1,AMR ESP,−,h~∅,∅,∅,−,∅,H,-6,−,0,−,1.0
2,H-,#_,1,LAT,−,H (∅),h~∅,116,−,F~∅,H,-6,−,1,−,1.0
3,H-,#_,1,CAT,−,h~∅,∅,∅,−,∅,H,-6,−,0,−,1.0
4,H-,#_,1,VAL,−,h~∅,∅,∅,−,∅,H,-6,−,0,−,1.0
5,H-,#_,1,BAL,−,h~∅,∅,∅,−,∅,H,-6,−,0,−,1.0
6,H-,#_,1,OCC,−,∅,∅,∅,−,∅,H,-6,−,0,−,1.0
7,H-,#_,1,GAS OCC,−,∅,∅,∅,−,∅,H,-6,−,0,−,1.0
8,H-,#_,1,EU FRA,−,h~∅,∅,∅,−,∅,H,-6,−,0,−,1.0
9,H-,#_,1,QBC FRA,−,h~∅,∅,∅,−,∅,H,-6,−,0,−,1.0
10,H-,#_,1,WAL,−,h,h~∅,116,−,F~∅,H,-6,−,1,−,1.0
11,H-,#_,1,ARP,−,h~∅,∅,∅,−,∅,H,-6,−,0,−,1.0
12,H-,#_,1,LIG,−,,∅,∅,−,∅,H,-6,−,0,−,1.0
13,H-,#_,1,EU POR,−,h/∅,∅,∅,−,∅,H,-6,−,0,−,1.0
14,H-,#_,1,LMO,−,∅,∅,∅,−,∅,H,-6,−,0,−,1.0
15,H-,#_,1,RMH,−,∅,∅,∅,−,∅,H,-6,−,0,−,1.0
16,H-,#_,1,FUR,−,,∅,∅,−,∅,H,-6,−,0,−,1.0
17,H-,#_,1,LOG SRD,−,∅,∅,∅,−,∅,H,-6,−,0,−,1.0
18,H-,#_,1,CPN SRD,−,∅,∅,∅,−,∅,H,-6,−,0,−,1.0
19,H-,#_,1,COR,−,∅,∅,∅,−,∅,H,-6,−,0,−,1.0
20,H-,#_,1,ITA,−,∅,∅,∅,−,∅,H,-6,−,0,−,1.0
21,H-,#_,1,ABR,−,∅,∅,∅,−,∅,H,-6,−,0,−,1.0
22,H-,#_,1,CAM,−,∅,∅,∅,−,∅,H,-6,−,0,−,1.0
23,H-,#_,1,PGL,−,∅,∅,∅,−,∅,H,-6,−,0,−,1.0
24,H-,#_,1,SCN,−,∅,∅,∅,−,∅,H,-6,−,0,−,1.0
25,H-,#_,1,VEN,−,∅,∅,∅,−,∅,H,-6,−,0,−,1.0
26,H-,#_,1,ARO,−,∅,∅,∅,−,∅,H,-6,−,0,−,1.0
27,H-,#_,1,ROM,−,∅,∅,∅,−,∅,H,-6,−,0,−,1.0
29,H-,#_,1,WAL,−,∅,∅,∅,−,∅,H,-6,−,0,−,2.0
30,H-,#_,1,ITA,−,∅/h,∅,∅,−,∅,H,-6,−,0,−,2.0
31,H-,#_,1,CAM,−,∅/h,∅,∅,−,∅,H,-6,−,0,−,2.0
32,H-,#_,1,SCN,−,∅/h,∅,∅,−,∅,H,-6,−,0,−,2.0
33,H-,#_,1,GAL,−,h~∅,∅,∅,−,∅,H,-6,−,0,−,1.0
34,H-,#_,1,ASL,−,h~∅,∅,∅,−,∅,H,-6,−,0,−,1.0
35,H-,#_,1,CAS ESP,−,h~∅,∅,∅,−,∅,H,-6,−,0,−,1.0
36,H-,#_,1,AND ESP,−,h~∅,∅,∅,−,∅,H,-6,−,0,−,1.0
37,H-,#_,1,ARG,−,h~∅,∅,∅,−,∅,H,-6,−,0,−,1.0
0,R-,#_,1,BR POR,+,r,x~h,124,−,F,K~H,-4.5,−,2,−,1.0
1,R-,#_,1,AMR ESP,+,r,r,79,−,L,D,0.75,−,1.25,+,1.0
2,R-,#_,1,LAT,+,R,r,79,−,L,D,0.75,−,1.25,+,1.0
3,R-,#_,1,CAT,+,r,r̠,141,−,L,Ɉ,-0.5,−,1.25,+,1.0
4,R-,#_,1,VAL,+,r,r̠,141,−,L,Ɉ,-0.5,−,1.25,+,1.0
5,R-,#_,1,BAL,+,r,r̠,141,−,L,Ɉ,-0.5,−,1.25,+,1.0
6,R-,#_,1,OCC,+,r,r (ʀ),127,−,L,D (Q),-0.8333333333333334,−,1.25,+,1.0
7,R-,#_,1,GAS OCC,+,r,r,79,−,L,D,0.75,−,1.25,+,1.0
8,R-,#_,1,EU FRA,+,r,ʁ (ʀ),142,−,F (L),Q,-4,−,1.75,+,1.0
9,R-,#_,1,QBC FRA,+,r,ʁ (ʀ),142,−,F (L),Q,-4,−,1.75,+,1.0
10,R-,#_,1,WAL,+,r,ʀ,81,−,L,Q,-4,−,1.25,+,1.0
11,R-,#_,1,ARP,+,r,r (ʀ),127,−,L,D (Q),-0.8333333333333334,−,1.25,+,1.0
12,R-,#_,1,LIG,+,r,r,79,−,L,D,0.75,−,1.25,+,1.0
13,R-,#_,1,EU POR,+,r,ʁ~ʀ (r),123,−,L (F),Q (D),-2.4166666666666665,−,1.5,+,1.0
14,R-,#_,1,LMO,+,r,r,79,−,L,D,0.75,−,1.25,+,1.0
15,R-,#_,1,RMH,+,r,r (ʁ),132,−,L (F),D (Q),-0.8333333333333334,−,1.5,+,1.0
16,R-,#_,1,FUR,+,r,r,79,−,L,D,0.75,−,1.25,+,1.0
17,R-,#_,1,LOG SRD,+,r,r,79,−,L,D,0.75,−,1.25,+,1.0
18,R-,#_,1,CPN SRD,+,r,r,79,−,L,D,0.75,−,1.25,+,1.0
19,R-,#_,1,COR,+,r,r,79,−,L,D,0.75,−,1.25,+,1.0
20,R-,#_,1,ITA,+,r,r,79,−,L,D,0.75,−,1.25,+,1.0
21,R-,#_,1,ABR,+,r,r,79,−,L,D,0.75,−,1.25,+,1.0
22,R-,#_,1,CAM,+,r,r,79,−,L,D,0.75,−,1.25,+,1.0
23,R-,#_,1,PGL,+,r,r,79,−,L,D,0.75,−,1.25,+,1.0
24,R-,#_,1,SCN,+,r,ʐː~rː,128,−,FF~LL,Ɉ~D,-0.25,+/−,2.03125,+,1.0
25,R-,#_,1,VEN,+,r,r,79,−,L,D,0.75,−,1.25,+,1.0
26,R-,#_,1,ARO,+,r,r̪,78,−,L,D,1.6666666666666667,−,1.25,+,1.0
27,R-,#_,1,ROM,+,r,r̪,78,−,L,D,1.6666666666666667,−,1.25,+,1.0
28,R-,#_,1,GAL,+,r,r,79,−,L,D,0.75,−,1.25,+,1.0
29,R-,#_,1,ASL,+,r,r,79,−,L,D,0.75,−,1.25,+,1.0
30,R-,#_,1,CAS ESP,+,r,r,79,−,L,D,0.75,−,1.25,+,1.0
31,R-,#_,1,AND ESP,+,r,r,79,−,L,D,0.75,−,1.25,+,1.0
32,R-,#_,1,ARG,+,r,r,79,−,L,D,0.75,−,1.25,+,1.0
0,L-,#_E,1,BR POR,+,l,l,85,+,LW,D,0.75,−,0.75,+,1.0
1,L-,#_E,1,AMR ESP,+,l,l,85,+,LW,D,0.75,−,0.75,+,1.0
2,L-,#_E,1,LAT,+,L,ɫ̪,87,+,LW,DQ,-1.1666666666666667,−,0.75,+,1.0
3,L-,#_E,1,CAT,+,ll,ȴ [ʎ̟],86,+,LW,Ɉ,0,−,0.75,+,1.0
4,L-,#_E,1,VAL,+,ll,ȴ [ʎ̟],86,+,LW,Ɉ,0,−,0.75,+,1.0
5,L-,#_E,1,BAL,+,ll,ȴ [ʎ̟],86,+,LW,Ɉ,0,−,0.75,+,1.0
6,L-,#_E,1,OCC,+,l,l,85,+,LW,D,0.75,−,0.75,+,1.0
7,L-,#_E,1,GAS OCC,+,l,l,85,+,LW,D,0.75,−,0.75,+,1.0
8,L-,#_E,1,EU FRA,+,l,l,85,+,LW,D,0.75,−,0.75,+,1.0
9,L-,#_E,1,QBC FRA,+,l,l,85,+,LW,D,0.75,−,0.75,+,1.0
10,L-,#_E,1,WAL,+,l,l,85,+,LW,D,0.75,−,0.75,+,1.0
11,L-,#_E,1,ARP,+,l,l,85,+,LW,D,0.75,−,0.75,+,1.0
12,L-,#_E,1,LIG,+,l,l,85,+,LW,D,0.75,−,0.75,+,1.0
13,L-,#_E,1,EU POR,+,l,ɫ̪,87,+,LW,DQ,-1.1666666666666667,−,0.75,+,1.0
14,L-,#_E,1,LMO,+,l,l,85,+,LW,D,0.75,−,0.75,+,1.0
15,L-,#_E,1,RMH,+,l,l,85,+,LW,D,0.75,−,0.75,+,1.0
16,L-,#_E,1,FUR,+,l,l,85,+,LW,D,0.75,−,0.75,+,1.0
17,L-,#_E,1,LOG SRD,+,l,l,85,+,LW,D,0.75,−,0.75,+,1.0
18,L-,#_E,1,CPN SRD,+,l,l,85,+,LW,D,0.75,−,0.75,+,1.0
19,L-,#_E,1,COR,+,l,l,85,+,LW,D,0.75,−,0.75,+,1.0
20,L-,#_E,1,ITA,+,l,l,85,+,LW,D,0.75,−,0.75,+,1.0
21,L-,#_E,1,ABR,+,l,l,85,+,LW,D,0.75,−,0.75,+,1.0
22,L-,#_E,1,CAM,+,l,l,85,+,LW,D,0.75,−,0.75,+,1.0
23,L-,#_E,1,PGL,+,l,l,85,+,LW,D,0.75,−,0.75,+,1.0
24,L-,#_E,1,SCN,+,l,l,85,+,LW,D,0.75,−,0.75,+,1.0
25,L-,#_E,1,VEN,+,ł,l~ɰ,131,+/−,LW~W,D~K,-1.125,−,0.5416666666666666,+,1.0
26,L-,#_E,1,ARO,+,l,l,85,+,LW,D,0.75,−,0.75,+,1.0
27,L-,#_E,1,ROM,+,l,l,85,+,LW,D,0.75,−,0.75,+,1.0
29,L-,#_E,1,LAT,+,L,l̪ʲ,139,+,LW,Ɉ,-0.16666666666666666,−,0.75,+,2.0
30,L-,#_E,1,RMH,+,gl,ȴ [ʎ̟],86,+,LW,Ɉ,0,−,0.75,+,2.0
31,L-,#_E,1,GAL,+,l,l,85,+,LW,D,0.75,−,0.75,+,1.0
32,L-,#_E,1,ASL,+,ll (ḷḷ),ȴ[ʎ̟] (ʈ͡ʂ),129,+ (−),LW (P͡F),Ɉ,-0.4166666666666667,− (+),1.5,+ (−),1.0
33,L-,#_E,1,CAS ESP,+,l,l,85,+,LW,D,0.75,−,0.75,+,1.0
34,L-,#_E,1,AND ESP,+,l,l,85,+,LW,D,0.75,−,0.75,+,1.0
35,L-,#_E,1,ARG,+,l (ll),l (ȴ),130,+,LW,D (Ɉ),0.5625,−,0.75,+,1.0
0,L-,"#_{a,O}",1,BR POR,+,l,l,85,+,LW,D,0.75,−,0.75,+,1.0
1,L-,"#_{a,O}",1,AMR ESP,+,l,l,85,+,LW,D,0.75,−,0.75,+,1.0
2,L-,"#_{a,O}",1,LAT,+,L,ɫ̪,87,+,LW,DQ,-1.1666666666666667,−,0.75,+,1.0
3,L-,"#_{a,O}",1,CAT,+,ll,ȴ [ʎ̟],86,+,LW,Ɉ,0,−,0.75,+,1.0
4,L-,"#_{a,O}",1,VAL,+,ll,ȴ [ʎ̟],86,+,LW,Ɉ,0,−,0.75,+,1.0
5,L-,"#_{a,O}",1,BAL,+,ll,ȴ [ʎ̟],86,+,LW,Ɉ,0,−,0.75,+,1.0
6,L-,"#_{a,O}",1,OCC,+,l,l,85,+,LW,D,0.75,−,0.75,+,1.0
7,L-,"#_{a,O}",1,GAS OCC,+,l,l,85,+,LW,D,0.75,−,0.75,+,1.0
8,L-,"#_{a,O}",1,EU FRA,+,l,l,85,+,LW,D,0.75,−,0.75,+,1.0
9,L-,"#_{a,O}",1,QBC FRA,+,l,l,85,+,LW,D,0.75,−,0.75,+,1.0
10,L-,"#_{a,O}",1,WAL,+,l,l,85,+,LW,D,0.75,−,0.75,+,1.0
11,L-,"#_{a,O}",1,ARP,+,l,l,85,+,LW,D,0.75,−,0.75,+,1.0
12,L-,"#_{a,O}",1,LIG,+,l,l,85,+,LW,D,0.75,−,0.75,+,1.0
13,L-,"#_{a,O}",1,EU POR,+,l,ɫ̪,87,+,LW,DQ,-1.1666666666666667,−,0.75,+,1.0
14,L-,"#_{a,O}",1,LMO,+,l,l,85,+,LW,D,0.75,−,0.75,+,1.0
15,L-,"#_{a,O}",1,RMH,+,l,l,85,+,LW,D,0.75,−,0.75,+,1.0
16,L-,"#_{a,O}",1,FUR,+,l,l,85,+,LW,D,0.75,−,0.75,+,1.0
17,L-,"#_{a,O}",1,LOG SRD,+,l,l,85,+,LW,D,0.75,−,0.75,+,1.0
18,L-,"#_{a,O}",1,CPN SRD,+,l,l,85,+,LW,D,0.75,−,0.75,+,1.0
19,L-,"#_{a,O}",1,COR,+,l,l,85,+,LW,D,0.75,−,0.75,+,1.0
20,L-,"#_{a,O}",1,ITA,+,l,l,85,+,LW,D,0.75,−,0.75,+,1.0
21,L-,"#_{a,O}",1,ABR,+,l,l,85,+,LW,D,0.75,−,0.75,+,1.0
22,L-,"#_{a,O}",1,CAM,+,l,l,85,+,LW,D,0.75,−,0.75,+,1.0
23,L-,"#_{a,O}",1,PGL,+,l,l,85,+,LW,D,0.75,−,0.75,+,1.0
24,L-,"#_{a,O}",1,SCN,+,l,l,85,+,LW,D,0.75,−,0.75,+,1.0
25,L-,"#_{a,O}",1,VEN,+,ł,l~ɰ,131,+/−,LW~W,D~K,-1.125,−,0.5416666666666666,+,1.0
26,L-,"#_{a,O}",1,ARO,+,l,l,85,+,LW,D,0.75,−,0.75,+,1.0
27,L-,"#_{a,O}",1,ROM,+,l,l,85,+,LW,D,0.75,−,0.75,+,1.0
29,L-,"#_{a,O}",1,RMH,+,gl,ȴ [ʎ̟],86,+,LW,Ɉ,0,−,0.75,+,2.0
30,L-,"#_{a,O}",1,GAL,+,l,l,85,+,LW,D,0.75,−,0.75,+,1.0
31,L-,"#_{a,O}",1,ASL,+,ll (ḷḷ),ȴ[ʎ̟] (ʈ͡ʂ),129,+ (−),LW (P͡F),Ɉ,-0.4166666666666667,− (+),1.5,+ (−),1.0
32,L-,"#_{a,O}",1,CAS ESP,+,l,l,85,+,LW,D,0.75,−,0.75,+,1.0
33,L-,"#_{a,O}",1,AND ESP,+,l,l,85,+,LW,D,0.75,−,0.75,+,1.0
34,L-,"#_{a,O}",1,ARG,+,l (ll),l (ȴ),130,+,LW,D (Ɉ),0.5625,−,0.75,+,1.0
0,J-,#_O,1,BR POR,+,j,ʒ,57,−,F,Ɉ,-0.5,+,2,+,1.0
1,J-,#_O,1,AMR ESP,+,j,h,68,−,F,H,-6,−,2,+,1.0
2,J-,#_O,1,LAT,+,I,j,98,−,W,Ɉ,-2,−,0.5,+,1.0
3,J-,#_O,1,CAT,+,j,ʒ,57,−,F,Ɉ,-0.5,+,2,+,1.0
4,J-,#_O,1,VAL,+,j,d̠͡ʒ,35,−,P͡F,Ɉ,-0.5,+,3,+,1.0
5,J-,#_O,1,BAL,+,j,ʒ,57,−,F,Ɉ,-0.5,+,2,+,1.0
6,J-,#_O,1,OCC,+,g,d̠͡ʒ,35,−,P͡F,Ɉ,-0.5,+,3,+,1.0
7,J-,#_O,1,GAS OCC,+,g,ʒ,57,−,F,Ɉ,-0.5,+,2,+,1.0
8,J-,#_O,1,EU FRA,+,j,ʒ,57,−,F,Ɉ,-0.5,+,2,+,1.0
9,J-,#_O,1,QBC FRA,+,j,ʒ,57,−,F,Ɉ,-0.5,+,2,+,1.0
10,J-,#_O,1,WAL,+,dj,d̠͡ʒ,35,−,P͡F,Ɉ,-0.5,+,3,+,1.0
11,J-,#_O,1,ARP,+,j/g,d͡z~ð,107,−,P͡F~F,D,1.5,+/−,2.5,+,1.0
12,J-,#_O,1,LIG,+,z,z (d͡z),111,−,F (P͡F),D,1,+,2.3333333333333335,+,1.0
13,J-,#_O,1,EU POR,+,j,ʒ,57,−,F,Ɉ,-0.5,+,2,+,1.0
14,J-,#_O,1,LMO,+,sg,d̠͡ʒ~z,108,−,P͡F~F,Ɉ~D,0.25,+,2.5,+,1.0
15,J-,#_O,1,RMH,,gi,,,,,,,,,,1.0
16,J-,#_O,1,FUR,,z,,,,,,,,,,1.0
17,J-,#_O,1,LOG SRD,+,j,j,98,−,W,Ɉ,-2,−,0.5,+,1.0
18,J-,#_O,1,CPN SRD,+,gi,d̠͡ʒ,35,−,P͡F,Ɉ,-0.5,+,3,+,1.0
19,J-,#_O,1,COR,,,,,,,,,,,,1.0
20,J-,#_O,1,ITA,+,gi,d̠͡ʒ,35,−,P͡F,Ɉ,-0.5,+,3,+,1.0
21,J-,#_O,1,ABR,,,,,,,,,,,,1.0
22,J-,#_O,1,CAM,,,,,,,,,,,,1.0
23,J-,#_O,1,PGL,,,,,,,,,,,,1.0
24,J-,#_O,1,SCN,+,j,j,98,−,W,Ɉ,-2,−,0.5,+,1.0
25,J-,#_O,1,VEN,,,,,,,,,,,,1.0
26,J-,#_O,1,ARO,,,,,,,,,,,,1.0
27,J-,#_O,1,ROM,+,j,ʒ,57,−,F,Ɉ,-0.5,+,2,+,1.0
28,J-,#_O,1,GAL,+,x,ʃ,56,−,F,Ɉ,-0.5,+,2,−,1.0
29,J-,#_O,1,ASL,+,x,ʃ,56,−,F,Ɉ,-0.5,+,2,−,1.0
30,J-,#_O,1,CAS ESP,+,j,x,63,−,F,K,-3,−,2,−,1.0
31,J-,#_O,1,AND ESP,+,j,h,68,−,F,H,-6,−,2,+,1.0
32,J-,#_O,1,ARG,+,ch,t̠͡ʃ,34,−,P͡F,Ɉ,-0.5,+,3,−,1.0
0,J-,"#_{a,E}ˈ",1,BR POR,+,j,ʒ,57,−,F,Ɉ,-0.5,+,2,+,1.0
1,J-,"#_{a,E}ˈ",1,AMR ESP,−,∅,∅,∅,−,∅,Ɉ,-2,−,0,+,1.0
2,J-,"#_{a,E}ˈ",1,LAT,+,I,j,98,−,W,Ɉ,-2,−,0.5,+,1.0
3,J-,"#_{a,E}ˈ",1,CAT,+,j,ʒ,57,−,F,Ɉ,-0.5,+,2,+,1.0
4,J-,"#_{a,E}ˈ",1,VAL,+,j,d̠͡ʒ,35,−,P͡F,Ɉ,-0.5,+,3,+,1.0
5,J-,"#_{a,E}ˈ",1,BAL,+,j,ʒ,57,−,F,Ɉ,-0.5,+,2,+,1.0
6,J-,"#_{a,E}ˈ",1,OCC,+,g,d̠͡ʒ,35,−,P͡F,Ɉ,-0.5,+,3,+,1.0
7,J-,"#_{a,E}ˈ",1,GAS OCC,+,g,ʒ,57,−,F,Ɉ,-0.5,+,2,+,1.0
8,J-,"#_{a,E}ˈ",1,EU FRA,+,j/g,ʒ,57,−,F,Ɉ,-0.5,+,2,+,1.0
9,J-,"#_{a,E}ˈ",1,QBC FRA,+,j/g,ʒ,57,−,F,Ɉ,-0.5,+,2,+,1.0
10,J-,"#_{a,E}ˈ",1,WAL,+,dj,d̠͡ʒ,35,−,P͡F,Ɉ,-0.5,+,3,+,1.0
11,J-,"#_{a,E}ˈ",1,ARP,+,j/g,d͡z~ð,107,−,P͡F~F,D,1.5,+/−,2.5,+,1.0
12,J-,"#_{a,E}ˈ",1,LIG,+,z,z (d͡z),111,−,F (P͡F),D,1,+,2.3333333333333335,+,1.0
13,J-,"#_{a,E}ˈ",1,EU POR,+,j,ʒ,57,−,F,Ɉ,-0.5,+,2,+,1.0
14,J-,"#_{a,E}ˈ",1,LMO,+,sg,d̠͡ʒ~z,108,−,P͡F~F,Ɉ~D,0.25,+,2.5,+,1.0
15,J-,"#_{a,E}ˈ",1,RMH,,g?,,,,,,,,,,1.0
16,J-,"#_{a,E}ˈ",1,FUR,,z,,,,,,,,,,1.0
17,J-,"#_{a,E}ˈ",1,LOG SRD,,j? gh?,,,,,,,,,,1.0
18,J-,"#_{a,E}ˈ",1,CPN SRD,,gi,,,,,,,,,,1.0
19,J-,"#_{a,E}ˈ",1,COR,,,,,,,,,,,,1.0
20,J-,"#_{a,E}ˈ",1,ITA,+,gi,d̠͡ʒ,35,−,P͡F,Ɉ,-0.5,+,3,+,1.0
21,J-,"#_{a,E}ˈ",1,ABR,,,,,,,,,,,,1.0
22,J-,"#_{a,E}ˈ",1,CAM,,,,,,,,,,,,1.0
23,J-,"#_{a,E}ˈ",1,PGL,,,,,,,,,,,,1.0
24,J-,"#_{a,E}ˈ",1,SCN,+,j,j,98,−,W,Ɉ,-2,−,0.5,+,1.0
25,J-,"#_{a,E}ˈ",1,VEN,,,,,,,,,,,,1.0
26,J-,"#_{a,E}ˈ",1,ARO,,,,,,,,,,,,1.0
27,J-,"#_{a,E}ˈ",1,ROM,+,j,ʒ,57,−,F,Ɉ,-0.5,+,2,+,1.0
28,J-,"#_{a,E}ˈ",1,GAL,+,x,ʃ,56,−,F,Ɉ,-0.5,+,2,−,1.0
29,J-,"#_{a,E}ˈ",1,ASL,+,x,ʃ,56,−,F,Ɉ,-0.5,+,2,−,1.0
30,J-,"#_{a,E}ˈ",1,CAS ESP,−,∅,∅,∅,−,∅,Ɉ,-2,−,0,+,1.0
31,J-,"#_{a,E}ˈ",1,AND ESP,−,∅,∅,∅,−,∅,Ɉ,-2,−,0,+,1.0
32,J-,"#_{a,E}ˈ",1,ARG,+,ch,t̠͡ʃ,34,−,P͡F,Ɉ,-0.5,+,3,−,1.0
0,J-,"ˈ#_{a,E}",1,BR POR,+,j,ʒ,57,−,F,Ɉ,-0.5,+,2,+,1.0
1,J-,"ˈ#_{a,E}",1,AMR ESP,+,y,ɟ͡ʝ,39,−,P͡F,Ɉ,-2,−,3,+,1.0
2,J-,"ˈ#_{a,E}",1,LAT,+,I,j,98,−,W,Ɉ,-2,−,0.5,+,1.0
3,J-,"ˈ#_{a,E}",1,CAT,+,j,ʒ,57,−,F,Ɉ,-0.5,+,2,+,1.0
4,J-,"ˈ#_{a,E}",1,VAL,+,j,d̠͡ʒ,35,−,P͡F,Ɉ,-0.5,+,3,+,1.0
5,J-,"ˈ#_{a,E}",1,BAL,+,j,ʒ,57,−,F,Ɉ,-0.5,+,2,+,1.0
6,J-,"ˈ#_{a,E}",1,OCC,+,g,d̠͡ʒ,35,−,P͡F,Ɉ,-0.5,+,3,+,1.0
7,J-,"ˈ#_{a,E}",1,GAS OCC,+,g,ʒ,57,−,F,Ɉ,-0.5,+,2,+,1.0
8,J-,"ˈ#_{a,E}",1,EU FRA,+,j/g,ʒ,57,−,F,Ɉ,-0.5,+,2,+,1.0
9,J-,"ˈ#_{a,E}",1,QBC FRA,+,j/g,ʒ,57,−,F,Ɉ,-0.5,+,2,+,1.0
10,J-,"ˈ#_{a,E}",1,WAL,+,dj,d̠͡ʒ,35,−,P͡F,Ɉ,-0.5,+,3,+,1.0
11,J-,"ˈ#_{a,E}",1,ARP,+,j/g,d͡z~ð,107,−,P͡F~F,D,1.5,+/−,2.5,+,1.0
12,J-,"ˈ#_{a,E}",1,LIG,+,z,z (d͡z),111,−,F (P͡F),D,1,+,2.3333333333333335,+,1.0
13,J-,"ˈ#_{a,E}",1,EU POR,+,j,ʒ,57,−,F,Ɉ,-0.5,+,2,+,1.0
14,J-,"ˈ#_{a,E}",1,LMO,+,sg,d̠͡ʒ~z,108,−,P͡F~F,Ɉ~D,0.25,+,2.5,+,1.0
15,J-,"ˈ#_{a,E}",1,RMH,,,,,,,,,,,,1.0
16,J-,"ˈ#_{a,E}",1,FUR,,,,,,,,,,,,1.0
17,J-,"ˈ#_{a,E}",1,LOG SRD,,,,,,,,,,,,1.0
18,J-,"ˈ#_{a,E}",1,CPN SRD,+,gi,d̠͡ʒ,35,−,P͡F,Ɉ,-0.5,+,3,+,1.0
19,J-,"ˈ#_{a,E}",1,COR,,,,,,,,,,,,1.0
20,J-,"ˈ#_{a,E}",1,ITA,+,gi,d̠͡ʒ,35,−,P͡F,Ɉ,-0.5,+,3,+,1.0
21,J-,"ˈ#_{a,E}",1,ABR,,,,,,,,,,,,1.0
22,J-,"ˈ#_{a,E}",1,CAM,,,,,,,,,,,,1.0
23,J-,"ˈ#_{a,E}",1,PGL,,,,,,,,,,,,1.0
24,J-,"ˈ#_{a,E}",1,SCN,+,j,j,98,−,W,Ɉ,-2,−,0.5,+,1.0
25,J-,"ˈ#_{a,E}",1,VEN,,,,,,,,,,,,1.0
26,J-,"ˈ#_{a,E}",1,ARO,,dz,,,,,,,,,,1.0
27,J-,"ˈ#_{a,E}",1,ROM,+,j,ʒ,57,−,F,Ɉ,-0.5,+,2,+,1.0
28,J-,"ˈ#_{a,E}",1,GAL,+,x,ʃ,56,−,F,Ɉ,-0.5,+,2,−,1.0
29,J-,"ˈ#_{a,E}",1,ASL,+,x,ʃ,56,−,F,Ɉ,-0.5,+,2,−,1.0
30,J-,"ˈ#_{a,E}",1,CAS ESP,+,y,ɟ͡ʝ,39,−,P͡F,Ɉ,-2,−,3,+,1.0
31,J-,"ˈ#_{a,E}",1,AND ESP,+,y,ɟ͡ʝ,39,−,P͡F,Ɉ,-2,−,3,+,1.0
32,J-,"ˈ#_{a,E}",1,ARG,+,ch,t̠͡ʃ,34,−,P͡F,Ɉ,-0.5,+,3,−,1.0
0,-P-,V_V,1,BR POR,+,b,b,2,−,P,B,3,−,4,+,1.0
1,-P-,V_V,1,AMR ESP,+,b,β̞,91,−,W,B,3,−,0.5,+,1.0
2,-P-,V_V,1,LAT,+,P,p,1,−,P,B,3,−,4,−,1.0
3,-P-,V_V,1,CAT,+,b,β~β̞,166,−,F~W,B,3,−,1.25,+,1.0
4,-P-,V_V,1,VAL,+,b,b~β̞,164,−,P~W,B,3,−,2.25,+,1.0
5,-P-,V_V,1,BAL,+,b,b~β,165,−,P~F,B,3,−,3,+,1.0
6,-P-,V_V,1,OCC,,,,,,,,,,,,1.0
7,-P-,V_V,1,GAS OCC,,,,,,,,,,,,1.0
8,-P-,V_V,1,EU FRA,+,v,v,43,−,F,B,2.5,−,2,+,1.0
9,-P-,V_V,1,QBC FRA,+,v,v,43,−,F,B,2.5,−,2,+,1.0
10,-P-,V_V,1,WAL,,,,,,,,,,,,1.0
11,-P-,V_V,1,ARP,,,,,,,,,,,,1.0
12,-P-,V_V,1,LIG,,,,,,,,,,,,1.0
13,-P-,V_V,1,EU POR,+,b,β,41,−,F,B,3,−,2,+,1.0
14,-P-,V_V,1,LMO,,,,,,,,,,,,1.0
15,-P-,V_V,1,RMH,,,,,,,,,,,,1.0
16,-P-,V_V,1,FUR,,,,,,,,,,,,1.0
17,-P-,V_V,1,LOG SRD,,,,,,,,,,,,1.0
18,-P-,V_V,1,CPN SRD,,,,,,,,,,,,1.0
19,-P-,V_V,1,COR,,,,,,,,,,,,1.0
20,-P-,V_V,1,ITA,+,p,p,1,−,P,B,3,−,4,−,1.0
21,-P-,V_V,1,ABR,,,,,,,,,,,,1.0
22,-P-,V_V,1,CAM,,,,,,,,,,,,1.0
23,-P-,V_V,1,PGL,,,,,,,,,,,,1.0
24,-P-,V_V,1,SCN,,,,,,,,,,,,1.0
25,-P-,V_V,1,VEN,,,,,,,,,,,,1.0
26,-P-,V_V,1,ARO,,,,,,,,,,,,1.0
27,-P-,V_V,1,ROM,+,p,p,1,−,P,B,3,−,4,−,1.0
28,-P-,V_V,1,GAL,+,b,β̞,91,−,W,B,3,−,0.5,+,1.0
29,-P-,V_V,1,ASL,+,b,β̞,91,−,W,B,3,−,0.5,+,1.0
30,-P-,V_V,1,CAS ESP,+,b,β̞,91,−,W,B,3,−,0.5,+,1.0
31,-P-,V_V,1,AND ESP,+,b,β̞,91,−,W,B,3,−,0.5,+,1.0
32,-P-,V_V,1,ARG,+,b,β̞,91,−,W,B,3,−,0.5,+,1.0
0,-B-,V_V,1,BR POR,+,v,v,43,−,F,B,2.5,−,2,+,1.0
1,-B-,V_V,1,AMR ESP,+,b,β̞,91,−,W,B,3,−,0.5,+,1.0
2,-B-,V_V,1,LAT,+,B,b,2,−,P,B,3,−,4,+,1.0
3,-B-,V_V,1,CAT,+,v,β~β̞,166,−,F~W,B,3,−,1.25,+,1.0
4,-B-,V_V,1,VAL,+,v,v~β̞,167,−,F~W,B,2.75,−,1.25,+,1.0
5,-B-,V_V,1,BAL,+,v,v,43,−,F,B,2.5,−,2,+,1.0
6,-B-,V_V,1,OCC,,,,,,,,,,,,1.0
7,-B-,V_V,1,GAS OCC,,,,,,,,,,,,1.0
8,-B-,V_V,1,EU FRA,+,v,v,43,−,F,B,2.5,−,2,+,1.0
9,-B-,V_V,1,QBC FRA,+,v,v,43,−,F,B,2.5,−,2,+,1.0
10,-B-,V_V,1,WAL,,,,,,,,,,,,1.0
11,-B-,V_V,1,ARP,,,,,,,,,,,,1.0
12,-B-,V_V,1,LIG,,,,,,,,,,,,1.0
13,-B-,V_V,1,EU POR,+,v,v,43,−,F,B,2.5,−,2,+,1.0
14,-B-,V_V,1,LMO,,,,,,,,,,,,1.0
15,-B-,V_V,1,RMH,,,,,,,,,,,,1.0
16,-B-,V_V,1,FUR,,,,,,,,,,,,1.0
17,-B-,V_V,1,LOG SRD,,,,,,,,,,,,1.0
18,-B-,V_V,1,CPN SRD,,,,,,,,,,,,1.0
19,-B-,V_V,1,COR,,,,,,,,,,,,1.0
20,-B-,V_V,1,ITA,+,v,v,43,−,F,B,2.5,−,2,+,1.0
21,-B-,V_V,1,ABR,,,,,,,,,,,,1.0
22,-B-,V_V,1,CAM,,,,,,,,,,,,1.0
23,-B-,V_V,1,PGL,,,,,,,,,,,,1.0
24,-B-,V_V,1,SCN,,,,,,,,,,,,1.0
25,-B-,V_V,1,VEN,,,,,,,,,,,,1.0
26,-B-,V_V,1,ARO,,,,,,,,,,,,1.0
27,-B-,V_V,1,ROM,+,v/∅,v~w,,−,F~W,B~BK,1.25,−,1.25,+,1.0
28,-B-,V_V,1,GAL,+,b,β̞,91,−,W,B,3,−,0.5,+,1.0
29,-B-,V_V,1,ASL,+,b,β̞,91,−,W,B,3,−,0.5,+,1.0
30,-B-,V_V,1,CAS ESP,+,b,β̞,91,−,W,B,3,−,0.5,+,1.0
31,-B-,V_V,1,AND ESP,+,b,β̞,91,−,W,B,3,−,0.5,+,1.0
32,-B-,V_V,1,ARG,+,b,β̞,91,−,W,B,3,−,0.5,+,1.0
0,-T-,V_E,1,BR POR,+,d,d̪,6,−,P,D,1.6666666666666667,−,4,+,1.0
1,-T-,V_E,1,AMR ESP,+,d,ð̞,92,−,W,D,1.8333333333333333,−,0.5,+,1.0
2,-T-,V_E,1,LAT,+,T,t̪,5,−,P,D,1.6666666666666667,−,4,−,1.0
3,-T-,V_E,1,CAT,+,d,ð~ð̞,170,−,F~W,D,1.9166666666666665,−,1.25,+,1.0
4,-T-,V_E,1,VAL,+,d,d̪~ð̞,168,−,P~W,D,1.75,−,2.25,+,1.0
5,-T-,V_E,1,BAL,+,d,d̪~ð,169,−,P~F,D,1.8333333333333335,−,3,+,1.0
6,-T-,V_E,1,OCC,,,,,,,,,,,,1.0
7,-T-,V_E,1,GAS OCC,,,,,,,,,,,,1.0
8,-T-,V_E,1,EU FRA,−,∅,∅,∅,−,∅,D,1.8333333333333333,−,0,+,1.0
9,-T-,V_E,1,QBC FRA,−,∅,∅,∅,−,∅,D,1.8333333333333333,−,0,+,1.0
10,-T-,V_E,1,WAL,,,,,,,,,,,,1.0
11,-T-,V_E,1,ARP,,,,,,,,,,,,1.0
12,-T-,V_E,1,LIG,,,,,,,,,,,,1.0
13,-T-,V_E,1,EU POR,+,d,ð,45,−,F,D,2,−,2,+,1.0
14,-T-,V_E,1,LMO,,,,,,,,,,,,1.0
15,-T-,V_E,1,RMH,,,,,,,,,,,,1.0
16,-T-,V_E,1,FUR,,,,,,,,,,,,1.0
17,-T-,V_E,1,LOG SRD,,,,,,,,,,,,1.0
18,-T-,V_E,1,CPN SRD,,,,,,,,,,,,1.0
19,-T-,V_E,1,COR,,,,,,,,,,,,1.0
20,-T-,V_E,1,ITA,+,t,t̪,5,−,P,D,1.6666666666666667,−,4,−,1.0
21,-T-,V_E,1,ABR,,,,,,,,,,,,1.0
22,-T-,V_E,1,CAM,,,,,,,,,,,,1.0
23,-T-,V_E,1,PGL,,,,,,,,,,,,1.0
24,-T-,V_E,1,SCN,,,,,,,,,,,,1.0
25,-T-,V_E,1,VEN,,,,,,,,,,,,1.0
26,-T-,V_E,1,ARO,,,,,,,,,,,,1.0
27,-T-,V_E,1,ROM,+,t,t̪,5,−,P,D,1.6666666666666667,−,4,−,1.0
29,-T-,V_E,1,ARO,,,,,,,,,,,,2.0
30,-T-,V_E,1,ROM,+,ț,t͡s̪,,−,P͡F,D,1.3333333333333333,+,3,−,2.0
32,-T-,V_E,1,BR POR,+,d,d̠͡ʒ,,−,P͡F,Ɉ,-0.5,+,3,+,2.0
33,-T-,V_E,1,GAL,+,d,ð̞,92,−,W,D,1.8333333333333333,−,0.5,+,1.0
34,-T-,V_E,1,ASL,+,d,ð̞,92,−,W,D,1.8333333333333333,−,0.5,+,1.0
35,-T-,V_E,1,CAS ESP,+,d,ð̞,92,−,W,D,1.8333333333333333,−,0.5,+,1.0
36,-T-,V_E,1,AND ESP,+,d,ð̞,92,−,W,D,1.8333333333333333,−,0.5,+,1.0
37,-T-,V_E,1,ARG,+,d,ð~ð̞,170,−,F~W,D,1.9166666666666665,−,1.25,+,1.0
0,-T-,"V_{a,O}",1,BR POR,+,d,d̪,6,−,P,D,1.6666666666666667,−,4,+,1.0
1,-T-,"V_{a,O}",1,AMR ESP,+,d,ð̞,92,−,W,D,1.8333333333333333,−,0.5,+,1.0
2,-T-,"V_{a,O}",1,LAT,+,T,t̪,5,−,P,D,1.6666666666666667,−,4,−,1.0
3,-T-,"V_{a,O}",1,CAT,+,d,ð~ð̞,170,−,F~W,D,1.9166666666666665,−,1.25,+,1.0
4,-T-,"V_{a,O}",1,VAL,+,d,d̪~ð̞,168,−,P~W,D,1.75,−,2.25,+,1.0
5,-T-,"V_{a,O}",1,BAL,+,d,d̪~ð,169,−,P~F,D,1.8333333333333335,−,3,+,1.0
6,-T-,"V_{a,O}",1,OCC,,,,,,,,,,,,1.0
7,-T-,"V_{a,O}",1,GAS OCC,,,,,,,,,,,,1.0
8,-T-,"V_{a,O}",1,EU FRA,−,∅,∅,∅,−,∅,D,1.8333333333333333,−,0,+,1.0
9,-T-,"V_{a,O}",1,QBC FRA,−,∅,∅,∅,−,∅,D,1.8333333333333333,−,0,+,1.0
10,-T-,"V_{a,O}",1,WAL,,,,,,,,,,,,1.0
11,-T-,"V_{a,O}",1,ARP,,,,,,,,,,,,1.0
12,-T-,"V_{a,O}",1,LIG,,,,,,,,,,,,1.0
13,-T-,"V_{a,O}",1,EU POR,+,d,ð,45,−,F,D,2,−,2,+,1.0
14,-T-,"V_{a,O}",1,LMO,,,,,,,,,,,,1.0
15,-T-,"V_{a,O}",1,RMH,,,,,,,,,,,,1.0
16,-T-,"V_{a,O}",1,FUR,,,,,,,,,,,,1.0
17,-T-,"V_{a,O}",1,LOG SRD,,,,,,,,,,,,1.0
18,-T-,"V_{a,O}",1,CPN SRD,,,,,,,,,,,,1.0
19,-T-,"V_{a,O}",1,COR,,,,,,,,,,,,1.0
20,-T-,"V_{a,O}",1,ITA,+,ț,t̪,5,−,P,D,1.6666666666666667,−,4,−,1.0
21,-T-,"V_{a,O}",1,ABR,,,,,,,,,,,,1.0
22,-T-,"V_{a,O}",1,CAM,,,,,,,,,,,,1.0
23,-T-,"V_{a,O}",1,PGL,,,,,,,,,,,,1.0
24,-T-,"V_{a,O}",1,SCN,,,,,,,,,,,,1.0
25,-T-,"V_{a,O}",1,VEN,,,,,,,,,,,,1.0
26,-T-,"V_{a,O}",1,ARO,,,,,,,,,,,,1.0
27,-T-,"V_{a,O}",1,ROM,+,ț,t̪,5,−,P,D,1.6666666666666667,−,4,−,1.0
28,-T-,"V_{a,O}",1,GAL,+,d,ð̞,92,−,W,D,1.8333333333333333,−,0.5,+,1.0
29,-T-,"V_{a,O}",1,ASL,+,d,ð̞,92,−,W,D,1.8333333333333333,−,0.5,+,1.0
30,-T-,"V_{a,O}",1,CAS ESP,+,d,ð̞,92,−,W,D,1.8333333333333333,−,0.5,+,1.0
31,-T-,"V_{a,O}",1,AND ESP,+,d,ð̞,92,−,W,D,1.8333333333333333,−,0.5,+,1.0
32,-T-,"V_{a,O}",1,ARG,+,d,ð~ð̞,170,−,F~W,D,1.9166666666666665,−,1.25,+,1.0
0,-D-,V_E,1,BR POR,−,∅,∅,∅,−,∅,D,1.8333333333333335,−,0,−,1.0
1,-D-,V_E,1,AMR ESP,−,∅,∅,∅,−,∅,D,1.8333333333333335,−,0,−,1.0
2,-D-,V_E,1,LAT,+,D,d̪,6,−,P,D,1.6666666666666667,−,4,+,1.0
3,-D-,V_E,1,CAT,+/−,i/∅,j~∅,151,−,W~∅,Ɉ,-2,−,0.16666666666666666,+/−,1.0
4,-D-,V_E,1,VAL,+/−,i/∅,j~∅,151,−,W~∅,Ɉ,-2,−,0.16666666666666666,+/−,1.0
5,-D-,V_E,1,BAL,+/−,i/∅,j~∅,151,−,W~∅,Ɉ,-2,−,0.16666666666666666,+/−,1.0
6,-D-,V_E,1,OCC,,,,,,,,,,,,1.0
7,-D-,V_E,1,GAS OCC,,,,,,,,,,,,1.0
8,-D-,V_E,1,EU FRA,−,∅,∅,∅,−,∅,D,1.8333333333333335,−,0,−,1.0
9,-D-,V_E,1,QBC FRA,−,∅,∅,∅,−,∅,D,1.8333333333333335,−,0,−,1.0
10,-D-,V_E,1,WAL,,,,,,,,,,,,1.0
11,-D-,V_E,1,ARP,,,,,,,,,,,,1.0
12,-D-,V_E,1,LIG,,,,,,,,,,,,1.0
13,-D-,V_E,1,EU POR,−,∅,∅,∅,−,∅,D,1.8333333333333335,−,0,−,1.0
14,-D-,V_E,1,LMO,,,,,,,,,,,,1.0
15,-D-,V_E,1,RMH,,,,,,,,,,,,1.0
16,-D-,V_E,1,FUR,,,,,,,,,,,,1.0
17,-D-,V_E,1,LOG SRD,,,,,,,,,,,,1.0
18,-D-,V_E,1,CPN SRD,,,,,,,,,,,,1.0
19,-D-,V_E,1,COR,,,,,,,,,,,,1.0
20,-D-,V_E,1,ITA,+,d,d̪,6,−,P,D,1.6666666666666667,−,4,+,1.0
21,-D-,V_E,1,ABR,,,,,,,,,,,,1.0
22,-D-,V_E,1,CAM,,,,,,,,,,,,1.0
23,-D-,V_E,1,PGL,,,,,,,,,,,,1.0
24,-D-,V_E,1,SCN,,,,,,,,,,,,1.0
25,-D-,V_E,1,VEN,,,,,,,,,,,,1.0
26,-D-,V_E,1,ARO,,,,,,,,,,,,1.0
27,-D-,V_E,1,ROM,+,d,d̪,6,−,P,D,1.6666666666666667,−,4,+,1.0
29,-D-,V_E,1,ARO,+,dz,d͡z̪,27,−,P͡F,D,1.3333333333333333,+,3,+,2.0
30,-D-,V_E,1,ROM,+,z,z̪,49,−,F,D,1.3333333333333333,+,2,+,2.0
31,-D-,V_E,1,GAL,−,∅,∅,∅,−,∅,D,1.8333333333333335,−,0,−,1.0
32,-D-,V_E,1,ASL,+/−,∅,ʝ~∅,174,−,W~∅,Ɉ,-2,−,-1,+/−,1.0
33,-D-,V_E,1,CAS ESP,−,∅,∅,∅,−,∅,D,1.8333333333333335,−,0,−,1.0
34,-D-,V_E,1,AND ESP,−,∅,∅,∅,−,∅,D,1.8333333333333335,−,0,−,1.0
35,-D-,V_E,1,ARG,+/−,∅,ʝ~∅,174,−,W~∅,Ɉ,-2,−,-1,+/−,1.0
0,-D-,"V_{a,O}",1,BR POR,−,∅,∅,∅,−,∅,D,1.8333333333333335,−,0,+,1.0
1,-D-,"V_{a,O}",1,AMR ESP,+,d,ð̞,92,−,W,D,1.8333333333333333,−,0.5,+,1.0
2,-D-,"V_{a,O}",1,LAT,+,D,d̪,6,−,P,D,1.6666666666666667,−,4,+,1.0
3,-D-,"V_{a,O}",1,CAT,−,∅,∅,∅,−,∅,D,1.1666666666666665,−,0,+,1.0
4,-D-,"V_{a,O}",1,VAL,−,∅,∅,∅,−,∅,D,1.1666666666666665,−,0,+,1.0
5,-D-,"V_{a,O}",1,BAL,−,∅,∅,∅,−,∅,D,1.1666666666666665,−,0,+,1.0
6,-D-,"V_{a,O}",1,OCC,,,,,,,,,,,,1.0
7,-D-,"V_{a,O}",1,GAS OCC,,,,,,,,,,,,1.0
8,-D-,"V_{a,O}",1,EU FRA,−,∅,∅,∅,−,∅,D,1.8333333333333335,−,0,+,1.0
9,-D-,"V_{a,O}",1,QBC FRA,−,∅,∅,∅,−,∅,D,1.8333333333333335,−,0,+,1.0
10,-D-,"V_{a,O}",1,WAL,,,,,,,,,,,,1.0
11,-D-,"V_{a,O}",1,ARP,,,,,,,,,,,,1.0
12,-D-,"V_{a,O}",1,LIG,,,,,,,,,,,,1.0
13,-D-,"V_{a,O}",1,EU POR,−,∅,∅,∅,−,∅,D,1.8333333333333335,−,0,+,1.0
14,-D-,"V_{a,O}",1,LMO,,,,,,,,,,,,1.0
15,-D-,"V_{a,O}",1,RMH,,,,,,,,,,,,1.0
16,-D-,"V_{a,O}",1,FUR,,,,,,,,,,,,1.0
17,-D-,"V_{a,O}",1,LOG SRD,,,,,,,,,,,,1.0
18,-D-,"V_{a,O}",1,CPN SRD,,,,,,,,,,,,1.0
19,-D-,"V_{a,O}",1,COR,,,,,,,,,,,,1.0
20,-D-,"V_{a,O}",1,ITA,+,d,d̪,6,−,P,D,1.6666666666666667,−,4,+,1.0
21,-D-,"V_{a,O}",1,ABR,,,,,,,,,,,,1.0
22,-D-,"V_{a,O}",1,CAM,,,,,,,,,,,,1.0
23,-D-,"V_{a,O}",1,PGL,,,,,,,,,,,,1.0
24,-D-,"V_{a,O}",1,SCN,,,,,,,,,,,,1.0
25,-D-,"V_{a,O}",1,VEN,,,,,,,,,,,,1.0
26,-D-,"V_{a,O}",1,ARO,,,,,,,,,,,,1.0
27,-D-,"V_{a,O}",1,ROM,+,d,d̪,6,−,P,D,1.6666666666666667,−,4,+,1.0
29,-D-,"V_{a,O}",1,EU POR,+,i,j,98,−,W,Ɉ,-2,−,0.5,+,2.0
30,-D-,"V_{a,O}",1,BR POR,+,i,j,98,−,W,Ɉ,-2,−,0.5,+,2.0
31,-D-,"V_{a,O}",1,GAL,−,∅,∅,∅,−,∅,D,1.8333333333333335,−,0,+,1.0
32,-D-,"V_{a,O}",1,ASL,−,∅,∅,∅,−,∅,D,1.8333333333333335,−,0,+,1.0
33,-D-,"V_{a,O}",1,CAS ESP,+/−,d/∅,ð̞~∅,175,−,W~∅,D,1.8333333333333333,−,0.25,+/−,1.0
34,-D-,"V_{a,O}",1,GAL,−,∅,∅,∅,−,∅,D,1.8333333333333335,−,0,+,2.0
35,-D-,"V_{a,O}",1,AND ESP,+/−,d/∅,ð̞~∅,175,−,W~∅,D,1.8333333333333333,−,0.25,+/−,1.0
36,-D-,"V_{a,O}",1,AMR ESP,+/−,d/∅,ð̞~∅,175,−,W~∅,D,1.8333333333333333,−,0.25,+/−,2.0
38,-D-,"V_{a,O}",1,EU POR,+,l,ɫ̪,87,+,LW,DQ,-1.1666666666666667,−,0.75,+,3.0
39,-D-,"V_{a,O}",1,BR POR,+,l,l,85,+,LW,D,0.75,−,0.75,+,3.0
40,-D-,"V_{a,O}",1,GAL,+,l,l,85,+,LW,D,0.75,−,0.75,+,3.0
41,-D-,"V_{a,O}",1,ASL,+,l,l,85,+,LW,D,0.75,−,0.75,+,2.0
42,-D-,"V_{a,O}",1,CAS ESP,+,l,l,85,+,LW,D,0.75,−,0.75,+,2.0
43,-D-,"V_{a,O}",1,AND ESP,+,l,l,85,+,LW,D,0.75,−,0.75,+,2.0
44,-D-,"V_{a,O}",1,AMR ESP,+,l,l,85,+,LW,D,0.75,−,0.75,+,3.0
45,-D-,"V_{a,O}",1,ASL,+,d,ð̞,92,−,W,D,1.8333333333333333,−,0.5,+,3.0
46,-D-,"V_{a,O}",1,CAS ESP,+,d,ð̞,92,−,W,D,1.8333333333333333,−,0.5,+,3.0
47,-D-,"V_{a,O}",1,AND ESP,+,d,ð̞,92,−,W,D,1.8333333333333333,−,0.5,+,3.0
48,-D-,"V_{a,O}",1,ARG,+,d,ð~ð̞,170,−,F~W,D,1.9166666666666665,−,1.25,+,1.0
0,-C-,V_O,1,BR POR,+,g,ɡ,20,−,P,K,-3,−,4,+,1.0
1,-C-,V_O,1,AMR ESP,+,g,ɣ̞,95,−,W,K,-3,−,0.5,+,1.0
2,-C-,V_O,1,LAT,+,C,k,19,−,P,K,-3,−,4,−,1.0
3,-C-,V_O,1,CAT,+,g,ɣ~ɣ̞,173,−,F~W,K,-3,−,1.25,+,1.0
4,-C-,V_O,1,VAL,+,g,ɡ~ɣ̞,171,−,P~W,K,-3,−,2.25,+,1.0
5,-C-,V_O,1,BAL,+,g,ɡ~ɣ,172,−,P~F,K,-3,−,3,+,1.0
6,-C-,V_O,1,OCC,,,,,,,,,,,,1.0
7,-C-,V_O,1,GAS OCC,,,,,,,,,,,,1.0
8,-C-,V_O,1,EU FRA,−,∅,∅,∅,−,∅,K,-3,−,0,+,1.0
9,-C-,V_O,1,QBC FRA,−,∅,∅,∅,−,∅,K,-3,−,0,+,1.0
10,-C-,V_O,1,WAL,,,,,,,,,,,,1.0
11,-C-,V_O,1,ARP,,,,,,,,,,,,1.0
12,-C-,V_O,1,LIG,,,,,,,,,,,,1.0
13,-C-,V_O,1,EU POR,+,g,ɣ,64,−,F,K,-3,−,2,+,1.0
14,-C-,V_O,1,LMO,,,,,,,,,,,,1.0
15,-C-,V_O,1,RMH,,,,,,,,,,,,1.0
16,-C-,V_O,1,FUR,,,,,,,,,,,,1.0
17,-C-,V_O,1,LOG SRD,,,,,,,,,,,,1.0
18,-C-,V_O,1,CPN SRD,,,,,,,,,,,,1.0
19,-C-,V_O,1,COR,,,,,,,,,,,,1.0
20,-C-,V_O,1,ITA,+,c,k,19,−,P,K,-3,−,4,−,1.0
21,-C-,V_O,1,ABR,,,,,,,,,,,,1.0
22,-C-,V_O,1,CAM,,,,,,,,,,,,1.0
23,-C-,V_O,1,PGL,,,,,,,,,,,,1.0
24,-C-,V_O,1,SCN,,,,,,,,,,,,1.0
25,-C-,V_O,1,VEN,,,,,,,,,,,,1.0
26,-C-,V_O,1,ARO,,,,,,,,,,,,1.0
27,-C-,V_O,1,ROM,+,c,k,19,−,P,K,-3,−,4,−,1.0
28,-C-,V_O,1,GAL,+,g (gh),ɣ̞ (ħ),177,−,W (F),K (H),-3.6666666666666665,−,1,+ (−),1.0
29,-C-,V_O,1,ASL,+,g,ɣ̞,95,−,W,K,-3,−,0.5,+,1.0
30,-C-,V_O,1,CAS ESP,+,g,ɣ̞,95,−,W,K,-3,−,0.5,+,1.0
31,-C-,V_O,1,AND ESP,+,g,ɣ̞,95,−,W,K,-3,−,0.5,+,1.0
32,-C-,V_O,1,ARG,+,g,ɣ~ɣ̞,173,−,F~W,K,-3,−,1.25,+,1.0
0,-C-,V_E,1,BR POR,+,z,z,51,−,F,D,1,+,2,+,1.0
1,-C-,V_E,1,AMR ESP,+,c,s,50,−,F,D,1,+,2,−,1.0
2,-C-,V_E,1,LAT,+,C,k,19,−,P,K,-3,−,4,−,1.0
3,-C-,V_E,1,CAT,−,∅,∅,∅,−,∅,D,1.1666666666666665,−,0,+,1.0
4,-C-,V_E,1,VAL,−,∅,∅,∅,−,∅,D,1.1666666666666665,−,0,+,1.0
5,-C-,V_E,1,BAL,−,∅,∅,∅,−,∅,D,1.1666666666666665,−,0,+,1.0
6,-C-,V_E,1,OCC,,,,,,,,,,,,1.0
7,-C-,V_E,1,GAS OCC,,,,,,,,,,,,1.0
8,-C-,V_E,1,EU FRA,+,s,z̪,49,−,F,D,1.3333333333333333,+,2,+,1.0
9,-C-,V_E,1,QBC FRA,,,,,,,,,,,,1.0
10,-C-,V_E,1,WAL,,,,,,,,,,,,1.0
11,-C-,V_E,1,ARP,,,,,,,,,,,,1.0
12,-C-,V_E,1,LIG,,x,,,,,,,,,,1.0
13,-C-,V_E,1,EU POR,+,z,z (z̪),121,−,F,D,1.0833333333333333,+,2,+,1.0
14,-C-,V_E,1,LMO,,,,,,,,,,,,1.0
15,-C-,V_E,1,RMH,,,,,,,,,,,,1.0
16,-C-,V_E,1,FUR,,,,,,,,,,,,1.0
17,-C-,V_E,1,LOG SRD,,,,,,,,,,,,1.0
18,-C-,V_E,1,CPN SRD,,,,,,,,,,,,1.0
19,-C-,V_E,1,COR,,,,,,,,,,,,1.0
20,-C-,V_E,1,ITA,+,c,t̠͡ʃ,34,−,P͡F,Ɉ,-0.5,+,3,−,1.0
21,-C-,V_E,1,ABR,,,,,,,,,,,,1.0
22,-C-,V_E,1,CAM,,,,,,,,,,,,1.0
23,-C-,V_E,1,PGL,,,,,,,,,,,,1.0
24,-C-,V_E,1,SCN,,,,,,,,,,,,1.0
25,-C-,V_E,1,VEN,,,,,,,,,,,,1.0
26,-C-,V_E,1,ARO,,,,,,,,,,,,1.0
27,-C-,V_E,1,ROM,+,c,t̠͡ʃ,34,−,P͡F,Ɉ,-0.5,+,3,−,1.0
28,-C-,V_E,1,GAL,+,c,θ (s),102,−,F,D,1.6666666666666667,+/−,2,−,1.0
29,-C-,V_E,1,ASL,+,c,θ,44,−,F,D,2,−,2,−,1.0
30,-C-,V_E,1,CAS ESP,+,c,θ,44,−,F,D,2,−,2,−,1.0
31,-C-,V_E,1,AND ESP,+,c,s̟,46,−,F,D,1.6666666666666667,+,2,−,1.0
32,-C-,V_E,1,ARG,+,C,θ,44,−,F,D,2,−,2,−,1.0
0,-C-,V_a,1,BR POR,+,g,ɡ,20,−,P,K,-3,−,4,+,1.0
1,-C-,V_a,1,AMR ESP,+,g,ɣ̞,95,−,W,K,-3,−,0.5,+,1.0
2,-C-,V_a,1,LAT,+,C,k,19,−,P,K,-3,−,4,−,1.0
3,-C-,V_a,1,CAT,+,g,ɣ~ɣ̞,173,−,F~W,K,-3,−,1.25,+,1.0
4,-C-,V_a,1,VAL,+,g,ɡ~ɣ̞,171,−,P~W,K,-3,−,2.25,+,1.0
5,-C-,V_a,1,BAL,+,g,ɡ~ɣ,172,−,P~F,K,-3,−,3,+,1.0
6,-C-,V_a,1,OCC,,,,,,,,,,,,1.0
7,-C-,V_a,1,GAS OCC,,,,,,,,,,,,1.0
8,-C-,V_a,1,EU FRA,−/+,∅/y,∅~j,,−,∅~W,K~Ɉ,-2.5,−,0.25,+,1.0
9,-C-,V_a,1,QBC FRA,,,,,,,,,,,,1.0
10,-C-,V_a,1,WAL,,,,,,,,,,,,1.0
11,-C-,V_a,1,ARP,,,,,,,,,,,,1.0
12,-C-,V_a,1,LIG,,,,,,,,,,,,1.0
13,-C-,V_a,1,EU POR,+,g,ɣ,64,−,F,K,-3,−,2,+,1.0
14,-C-,V_a,1,LMO,,,,,,,,,,,,1.0
15,-C-,V_a,1,RMH,,,,,,,,,,,,1.0
16,-C-,V_a,1,FUR,,,,,,,,,,,,1.0
17,-C-,V_a,1,LOG SRD,,,,,,,,,,,,1.0
18,-C-,V_a,1,CPN SRD,,,,,,,,,,,,1.0
19,-C-,V_a,1,COR,,,,,,,,,,,,1.0
20,-C-,V_a,1,ITA,+,c,k,19,−,P,K,-3,−,4,−,1.0
21,-C-,V_a,1,ABR,,,,,,,,,,,,1.0
22,-C-,V_a,1,CAM,,,,,,,,,,,,1.0
23,-C-,V_a,1,PGL,,,,,,,,,,,,1.0
24,-C-,V_a,1,SCN,,,,,,,,,,,,1.0
25,-C-,V_a,1,VEN,,,,,,,,,,,,1.0
26,-C-,V_a,1,ARO,,,,,,,,,,,,1.0
27,-C-,V_a,1,ROM,+,c,k,19,−,P,K,-3,−,4,−,1.0
28,-C-,V_a,1,GAL,+,g (gh),ɣ̞ (ħ),177,−,W (F),K (H),-3.6666666666666665,−,1,+ (−),1.0
29,-C-,V_a,1,ASL,+,g,ɣ̞,95,−,W,K,-3,−,0.5,+,1.0
30,-C-,V_a,1,CAS ESP,+,g,ɣ̞,95,−,W,K,-3,−,0.5,+,1.0
31,-C-,V_a,1,AND ESP,+,g,ɣ̞,95,−,W,K,-3,−,0.5,+,1.0
32,-C-,V_a,1,ARG,+,g,ɣ~ɣ̞,173,−,F~W,K,-3,−,1.25,+,1.0
0,-G-,V_O,1,BR POR,+,g,ɡ,20,−,P,K,-3,−,4,+,1.0
1,-G-,V_O,1,AMR ESP,+,g,ɣ̞,95,−,W,K,-3,−,0.5,+,1.0
2,-G-,V_O,1,LAT,+,G,ɡ,20,−,P,K,-3,−,4,+,1.0
3,-G-,V_O,1,CAT,+,g,ɣ~ɣ̞,173,−,F~W,K,-3,−,1.25,+,1.0
4,-G-,V_O,1,VAL,+,g,ɡ~ɣ̞,171,−,P~W,K,-3,−,2.25,+,1.0
5,-G-,V_O,1,BAL,+,g,ɡ~ɣ,172,−,P~F,K,-3,−,3,+,1.0
6,-G-,V_O,1,OCC,,,,,,,,,,,,1.0
7,-G-,V_O,1,GAS OCC,,,,,,,,,,,,1.0
8,-G-,V_O,1,EU FRA,−,∅,∅,∅,−,∅,K,-3,−,0,+,1.0
9,-G-,V_O,1,QBC FRA,,,,,,,,,,,,1.0
10,-G-,V_O,1,WAL,,,,,,,,,,,,1.0
11,-G-,V_O,1,ARP,,,,,,,,,,,,1.0
12,-G-,V_O,1,LIG,,,,,,,,,,,,1.0
13,-G-,V_O,1,EU POR,+,g,ɣ,64,−,F,K,-3,−,2,+,1.0
14,-G-,V_O,1,LMO,,,,,,,,,,,,1.0
15,-G-,V_O,1,RMH,,,,,,,,,,,,1.0
16,-G-,V_O,1,FUR,,,,,,,,,,,,1.0
17,-G-,V_O,1,LOG SRD,,,,,,,,,,,,1.0
18,-G-,V_O,1,CPN SRD,,,,,,,,,,,,1.0
19,-G-,V_O,1,COR,,,,,,,,,,,,1.0
20,-G-,V_O,1,ITA,+,g,ɡ,20,−,P,K,-3,−,4,+,1.0
21,-G-,V_O,1,ABR,,,,,,,,,,,,1.0
22,-G-,V_O,1,CAM,,,,,,,,,,,,1.0
23,-G-,V_O,1,PGL,,,,,,,,,,,,1.0
24,-G-,V_O,1,SCN,,,,,,,,,,,,1.0
25,-G-,V_O,1,VEN,,,,,,,,,,,,1.0
26,-G-,V_O,1,ARO,,,,,,,,,,,,1.0
27,-G-,V_O,1,ROM,+,g,ɡ,20,−,P,K,-3,−,4,+,1.0
28,-G-,V_O,1,GAL,+,g (gh),ɣ̞ (ħ),177,−,W (F),K (H),-3.6666666666666665,−,1,+ (−),1.0
29,-G-,V_O,1,ASL,+,g,ɣ̞,95,−,W,K,-3,−,0.5,+,1.0
30,-G-,V_O,1,CAS ESP,+,g,ɣ̞,95,−,W,K,-3,−,0.5,+,1.0
31,-G-,V_O,1,AND ESP,+,g,ɣ̞,95,−,W,K,-3,−,0.5,+,1.0
32,-G-,V_O,1,ARG,+,g,ɣ~ɣ̞,173,−,F~W,K,-3,−,1.25,+,1.0
0,-G-,V_a,1,BR POR,+,g,ɡ,20,−,P,K,-3,−,4,+,1.0
1,-G-,V_a,1,AMR ESP,+,g,ɣ̞,95,−,W,K,-3,−,0.5,+,1.0
2,-G-,V_a,1,LAT,+,G,ɡ,20,−,P,K,-3,−,4,+,1.0
3,-G-,V_a,1,CAT,+,g,ɣ~ɣ̞,173,−,F~W,K,-3,−,1.25,+,1.0
4,-G-,V_a,1,VAL,+,g,ɡ~ɣ̞,171,−,P~W,K,-3,−,2.25,+,1.0
5,-G-,V_a,1,BAL,+,g,ɡ~ɣ,172,−,P~F,K,-3,−,3,+,1.0
6,-G-,V_a,1,OCC,,,,,,,,,,,,1.0
7,-G-,V_a,1,GAS OCC,,,,,,,,,,,,1.0
8,-G-,V_a,1,EU FRA,−/+,∅/v,∅~v,,−,∅~F,K~B,-0.25,−,1,+,1.0
9,-G-,V_a,1,QBC FRA,,,,,,,,,,,,1.0
10,-G-,V_a,1,WAL,,,,,,,,,,,,1.0
11,-G-,V_a,1,ARP,,,,,,,,,,,,1.0
12,-G-,V_a,1,LIG,,,,,,,,,,,,1.0
13,-G-,V_a,1,EU POR,+,g,ɣ,64,−,F,K,-3,−,2,+,1.0
14,-G-,V_a,1,LMO,,,,,,,,,,,,1.0
15,-G-,V_a,1,RMH,,,,,,,,,,,,1.0
16,-G-,V_a,1,FUR,,,,,,,,,,,,1.0
17,-G-,V_a,1,LOG SRD,,,,,,,,,,,,1.0
18,-G-,V_a,1,CPN SRD,,,,,,,,,,,,1.0
19,-G-,V_a,1,COR,,,,,,,,,,,,1.0
20,-G-,V_a,1,ITA,+,g,ɡ,,−,P,K,-3,−,4,+,1.0
21,-G-,V_a,1,ABR,,,,,,,,,,,,1.0
22,-G-,V_a,1,CAM,,,,,,,,,,,,1.0
23,-G-,V_a,1,PGL,,,,,,,,,,,,1.0
24,-G-,V_a,1,SCN,,,,,,,,,,,,1.0
25,-G-,V_a,1,VEN,,,,,,,,,,,,1.0
26,-G-,V_a,1,ARO,,,,,,,,,,,,1.0
27,-G-,V_a,1,ROM,+,g,ɡ,,−,P,K,-3,−,4,+,1.0
28,-G-,V_a,1,GAL,+,g (gh),ɣ̞ (ħ),177,−,W (F),K (H),-3.6666666666666665,−,1,+ (−),1.0
29,-G-,V_a,1,ASL,+,g,ɣ̞,95,−,W,K,-3,−,0.5,+,1.0
30,-G-,V_a,1,CAS ESP,+,g,ɣ̞,95,−,W,K,-3,−,0.5,+,1.0
31,-G-,V_a,1,AND ESP,+,g,ɣ̞,95,−,W,K,-3,−,0.5,+,1.0
32,-G-,V_a,1,ARG,+,g,ɣ~ɣ̞,173,−,F~W,K,-3,−,1.25,+,1.0
0,-G-,V_E,1,BR POR,+/−,i/∅,j~∅,151,−,W~∅,Ɉ,-2,−,0.16666666666666666,+/−,1.0
1,-G-,V_E,1,AMR ESP,+/−,i/∅,j~∅,151,−,W~∅,Ɉ,-2,−,0.16666666666666666,+/−,1.0
2,-G-,V_E,1,LAT,+,G,ɡ,20,−,P,K,-3,−,4,+,1.0
3,-G-,V_E,1,CAT,+/−,i/∅,j~∅,151,−,W~∅,Ɉ,-2,−,0.16666666666666666,+/−,1.0
4,-G-,V_E,1,VAL,+/−,i/∅,j~∅,151,−,W~∅,Ɉ,-2,−,0.16666666666666666,+/−,1.0
5,-G-,V_E,1,BAL,+/−,i/∅,j~∅,151,−,W~∅,Ɉ,-2,−,0.16666666666666666,+/−,1.0
6,-G-,V_E,1,OCC,+/−,i/∅,j~∅,151,−,W~∅,Ɉ,-2,−,0.16666666666666666,+/−,1.0
7,-G-,V_E,1,GAS OCC,+/−,i/∅,j~∅,151,−,W~∅,Ɉ,-2,−,0.16666666666666666,+/−,1.0
8,-G-,V_E,1,EU FRA,+/−,i/∅,j~∅,151,−,W~∅,Ɉ,-2,−,0.16666666666666666,+/−,1.0
9,-G-,V_E,1,QBC FRA,+/−,i/∅,j~∅,151,−,W~∅,Ɉ,-2,−,0.16666666666666666,+/−,1.0
10,-G-,V_E,1,WAL,+/−,i/∅,j~∅,151,−,W~∅,Ɉ,-2,−,0.16666666666666666,+/−,1.0
11,-G-,V_E,1,ARP,+/−,i/∅,j~∅,151,−,W~∅,Ɉ,-2,−,0.16666666666666666,+/−,1.0
12,-G-,V_E,1,LIG,+/−,i/∅,j~∅,151,−,W~∅,Ɉ,-2,−,0.16666666666666666,+/−,1.0
13,-G-,V_E,1,EU POR,+/−,i/∅,j~∅,151,−,W~∅,Ɉ,-2,−,0.16666666666666666,+/−,1.0
14,-G-,V_E,1,LMO,+/−,i/∅,j~∅,151,−,W~∅,Ɉ,-2,−,0.16666666666666666,+/−,1.0
15,-G-,V_E,1,RMH,+/−,j/∅,j~∅,151,−,W~∅,Ɉ,-2,−,0.16666666666666666,+/−,1.0
16,-G-,V_E,1,FUR,+/−,i/∅,j~∅,151,−,W~∅,Ɉ,-2,−,0.16666666666666666,+/−,1.0
17,-G-,V_E,1,LOG SRD,+/−,i/∅,j~∅,151,−,W~∅,Ɉ,-2,−,0.16666666666666666,+/−,1.0
18,-G-,V_E,1,CPN SRD,+/−,i/∅,j~∅,151,−,W~∅,Ɉ,-2,−,0.16666666666666666,+/−,1.0
19,-G-,V_E,1,COR,+/−,i/∅,j~∅,151,−,W~∅,Ɉ,-2,−,0.16666666666666666,+/−,1.0
20,-G-,V_E,1,ITA,+/−,i/∅,j~∅,151,−,W~∅,Ɉ,-2,−,0.16666666666666666,+/−,1.0
21,-G-,V_E,1,ABR,+/−,j/∅,j~∅,151,−,W~∅,Ɉ,-2,−,0.16666666666666666,+/−,1.0
22,-G-,V_E,1,CAM,+/−,j/∅,j~∅,151,−,W~∅,Ɉ,-2,−,0.16666666666666666,+/−,1.0
23,-G-,V_E,1,PGL,+/−,j/∅,j~∅,151,−,W~∅,Ɉ,-2,−,0.16666666666666666,+/−,1.0
24,-G-,V_E,1,SCN,+/−,j/∅,j~∅,151,−,W~∅,Ɉ,-2,−,0.16666666666666666,+/−,1.0
25,-G-,V_E,1,VEN,+/−,j/∅,j~∅,151,−,W~∅,Ɉ,-2,−,0.16666666666666666,+/−,1.0
26,-G-,V_E,1,ARO,+/−,i/∅,j~∅,151,−,W~∅,Ɉ,-2,−,0.16666666666666666,+/−,1.0
27,-G-,V_E,1,ROM,+/−,i/∅,j~∅,151,−,W~∅,Ɉ,-2,−,0.16666666666666666,+/−,1.0
29,-G-,V_E,1,EU POR,+,g,ʒ,57,−,F,Ɉ,-0.5,+,2,+,2.0
30,-G-,V_E,1,BR POR,+,g,ʒ,57,−,F,Ɉ,-0.5,+,2,+,2.0
31,-G-,V_E,1,GAL,+,x,ʃ,56,−,F,Ɉ,-0.5,+,2,−,1.0
32,-G-,V_E,1,ASL,+,x,ʃ,56,−,F,Ɉ,-0.5,+,2,−,1.0
33,-G-,V_E,1,ARG,+,y,ʝ,61,−,F,Ɉ,-2,−,2,+,1.0
34,-G-,V_E,1,GAL,+/−,i/∅,j~∅,151,−,W~∅,Ɉ,-2,−,0.16666666666666666,+/−,2.0
35,-G-,V_E,1,CAT,+,g,ʒ,57,−,F,Ɉ,-0.5,+,2,+,2.0
36,-G-,V_E,1,VAL,+,g,d̠͡ʒ,35,−,P͡F,Ɉ,-0.5,+,3,+,2.0
37,-G-,V_E,1,BAL,+,g,ʒ,57,−,F,Ɉ,-0.5,+,2,+,2.0
38,-G-,V_E,1,OCC,+,g,d̠͡ʒ,35,−,P͡F,Ɉ,-0.5,+,3,+,2.0
39,-G-,V_E,1,GAS OCC,+,g,ʒ,57,−,F,Ɉ,-0.5,+,2,+,2.0
40,-G-,V_E,1,LIG,+,zz,z (d͡z),111,−,F (P͡F),D,1,+,2.3333333333333335,+,2.0
41,-G-,V_E,1,LMO,+,sg,d̠͡ʒ~z,108,−,P͡F~F,Ɉ~D,0.25,+,2.5,+,2.0
42,-G-,V_E,1,RMH,+,g,ɟ~d̠͡ʒ,153,−,P~P͡F,Ɉ,-1.25,−/+,3.5,+,2.0
43,-G-,V_E,1,FUR,+,gj,ɟ~d̠͡ʒ,153,−,P~P͡F,Ɉ,-1.25,−/+,3.5,+,2.0
44,-G-,V_E,1,COR,+,ghj,ɟ,18,−,P,Ɉ,-2,−,4,+,2.0
45,-G-,V_E,1,ASL,+/−,i/∅,j~∅,151,−,W~∅,Ɉ,-2,−,0.16666666666666666,+/−,2.0
46,-G-,V_E,1,ITA,+,gg,d̠d̠͡ʒ,187,−,PP͡F,Ɉ,-0.5,+,3.75,+,2.0
47,-G-,V_E,1,ABR,+,zz/gg,dd͡z~d̠d̠͡ʒ,190,−,PP͡F,D~Ɉ,0.25,+,3.75,+,2.0
48,-G-,V_E,1,CAM,+,zz/gg,dd͡z~d̠d̠͡ʒ,190,−,PP͡F,D~Ɉ,0.25,+,3.75,+,2.0
49,-G-,V_E,1,PGL,+,zz,dd͡z,183,−,PP͡F,Ɉ,1,+,3.75,+,2.0
50,-G-,V_E,1,SCN,+,gg,d̠d̠͡ʒ,187,−,PP͡F,Ɉ,-0.5,+,3.75,+,2.0
51,-G-,V_E,1,VEN,+,z/dh,z̠~ð,109,−,F,D,1.25,+/−,2,−,2.0
52,-G-,V_E,1,ARO,+,dz,d͡z̪,27,−,P͡F,D,1.3333333333333333,+,3,+,2.0
53,-G-,V_E,1,ROM,+,g,d̠͡ʒ,35,−,P͡F,Ɉ,-0.5,+,3,+,2.0
54,-G-,V_E,1,CAS ESP,+/−,i/∅,j~∅,151,−,W~∅,Ɉ,-2,−,0.16666666666666666,+/−,1.0
55,-G-,V_E,1,AND ESP,+/−,i/∅,j~∅,151,−,W~∅,Ɉ,-2,−,0.16666666666666666,+/−,1.0
56,-G-,V_E,1,ARG,+/−,y/∅,j~∅,151,−,W~∅,Ɉ,-2,−,0.16666666666666666,+/−,2.0
0,-M-,V_V,1,BR POR,+,m,m,70,−,N,B,3,−,1.5,+,1.0
1,-M-,V_V,1,AMR ESP,+,m,m,70,−,N,B,3,−,1.5,+,1.0
2,-M-,V_V,1,LAT,+,M,m,70,−,N,B,3,−,1.5,+,1.0
3,-M-,V_V,1,CAT,+,m,m,70,−,N,B,3,−,1.5,+,1.0
4,-M-,V_V,1,VAL,+,m,m,70,−,N,B,3,−,1.5,+,1.0
5,-M-,V_V,1,BAL,+,m,m,70,−,N,B,3,−,1.5,+,1.0
6,-M-,V_V,1,OCC,,,,,,,,,,,,1.0
7,-M-,V_V,1,GAS OCC,,,,,,,,,,,,1.0
8,-M-,V_V,1,EU FRA,+,m,m,70,−,N,B,3,−,1.5,+,1.0
9,-M-,V_V,1,QBC FRA,+,m,m,70,−,N,B,3,−,1.5,+,1.0
10,-M-,V_V,1,WAL,,,,,,,,,,,,1.0
11,-M-,V_V,1,ARP,,,,,,,,,,,,1.0
12,-M-,V_V,1,LIG,,,,,,,,,,,,1.0
13,-M-,V_V,1,EU POR,+,m,m,70,−,N,B,3,−,1.5,+,1.0
14,-M-,V_V,1,LMO,,,,,,,,,,,,1.0
15,-M-,V_V,1,RMH,,,,,,,,,,,,1.0
16,-M-,V_V,1,FUR,,,,,,,,,,,,1.0
17,-M-,V_V,1,LOG SRD,,,,,,,,,,,,1.0
18,-M-,V_V,1,CPN SRD,,,,,,,,,,,,1.0
19,-M-,V_V,1,COR,,,,,,,,,,,,1.0
20,-M-,V_V,1,ITA,+,m,m,70,−,N,B,3,−,1.5,+,1.0
21,-M-,V_V,1,ABR,,,,,,,,,,,,1.0
22,-M-,V_V,1,CAM,,,,,,,,,,,,1.0
23,-M-,V_V,1,PGL,,,,,,,,,,,,1.0
24,-M-,V_V,1,SCN,,,,,,,,,,,,1.0
25,-M-,V_V,1,VEN,,,,,,,,,,,,1.0
26,-M-,V_V,1,ARO,+,m,m,70,−,N,B,3,−,1.5,+,1.0
27,-M-,V_V,1,ROM,+,m,m,70,−,N,B,3,−,1.5,+,1.0
28,-M-,V_V,1,GAL,+,m,m,70,−,N,B,3,−,1.5,+,1.0
29,-M-,V_V,1,ASL,+,m,m,70,−,N,B,3,−,1.5,+,1.0
30,-M-,V_V,1,CAS ESP,+,m,m,70,−,N,B,3,−,1.5,+,1.0
31,-M-,V_V,1,AND ESP,+,m,m,70,−,N,B,3,−,1.5,+,1.0
32,-M-,V_V,1,ARG,,,,,,,,,,,,1.0
0,-N-,V_V,1,BR POR,−,˜,◌̃,,−,N~∅,E~O,-2.6666666666666665,−,0.75,+,1.0
1,-N-,V_V,1,AMR ESP,+,n,n,,−,N,D,0.75,−,1.5,+,1.0
2,-N-,V_V,1,LAT,+,N,n,,−,N,D,3,−,1.5,+,1.0
3,-N-,V_V,1,CAT,+,n,n,,−,N,D,0.75,−,1.5,+,1.0
4,-N-,V_V,1,VAL,+,n,n,,−,N,D,0.75,−,1.5,+,1.0
5,-N-,V_V,1,BAL,+,n,n,,−,N,D,0.75,−,1.5,+,1.0
6,-N-,V_V,1,OCC,,,,,,,,,,,,1.0
7,-N-,V_V,1,GAS OCC,,,,,,,,,,,,1.0
8,-N-,V_V,1,EU FRA,+,n,n,,−,N,D,1.67,−,1.5,+,1.0
9,-N-,V_V,1,QBC FRA,,,,,,,,,,,,1.0
10,-N-,V_V,1,WAL,,,,,,,,,,,,1.0
11,-N-,V_V,1,ARP,,,,,,,,,,,,1.0
12,-N-,V_V,1,LIG,,,,,,,,,,,,1.0
13,-N-,V_V,1,EU POR,−,˜,◌̃,,−,N~∅,E~O,-2.6666666666666665,−,0.75,+,1.0
14,-N-,V_V,1,LMO,,,,,,,,,,,,1.0
15,-N-,V_V,1,RMH,,,,,,,,,,,,1.0
16,-N-,V_V,1,FUR,,,,,,,,,,,,1.0
17,-N-,V_V,1,LOG SRD,,,,,,,,,,,,1.0
18,-N-,V_V,1,CPN SRD,,,,,,,,,,,,1.0
19,-N-,V_V,1,COR,,,,,,,,,,,,1.0
20,-N-,V_V,1,ITA,+,n,n,,−,N,D,1.67,−,1.5,+,1.0
21,-N-,V_V,1,ABR,,,,,,,,,,,,1.0
22,-N-,V_V,1,CAM,,,,,,,,,,,,1.0
23,-N-,V_V,1,PGL,,,,,,,,,,,,1.0
24,-N-,V_V,1,SCN,,,,,,,,,,,,1.0
25,-N-,V_V,1,VEN,,,,,,,,,,,,1.0
26,-N-,V_V,1,ARO,,,,,,,,,,,,1.0
27,-N-,V_V,1,ROM,+,n,n,,−,N,D,1.67,−,1.5,+,1.0
28,-N-,V_V,1,GAL,,,,,,,,,,,,1.0
29,-N-,V_V,1,ASL,,,,,,,,,,,,1.0
30,-N-,V_V,1,CAS ESP,+,n,n,,−,N,D,0.75,−,1.5,+,1.0
31,-N-,V_V,1,AND ESP,+,n,n,,−,N,D,0.75,−,1.5,+,1.0
32,-N-,V_V,1,ARG,,,,,,,,,,,,1.0
0,-F-,V_V,1,BR POR,+,v,v,,−,F,B,2.5,−,2,+,1.0
1,-F-,V_V,1,AMR ESP,+/−,v/h,β̞~∅,,−,W~∅,B,3,−,0.25,+,1.0
2,-F-,V_V,1,LAT,+,F,ɸ~f,,−,F,B,2.75,−,2,−,1.0
3,-F-,V_V,1,CAT,+,v,β~β̞,,−,F~W,B,3,−,1.25,+,1.0
4,-F-,V_V,1,VAL,+,v,v~β̞,,−,F~W,B,2.75,−,1.25,+,1.0
5,-F-,V_V,1,BAL,+,v,v,,−,F,B,2.5,−,2,+,1.0
6,-F-,V_V,1,OCC,,,,,,,,,,,,1.0
7,-F-,V_V,1,GAS OCC,,,,,,,,,,,,1.0
8,-F-,V_V,1,EU FRA,+/−,h,β̞~∅,,−,W~∅,B,3,−,0.25,+,1.0
9,-F-,V_V,1,QBC FRA,,,,,,,,,,,,1.0
10,-F-,V_V,1,WAL,,,,,,,,,,,,1.0
11,-F-,V_V,1,ARP,,,,,,,,,,,,1.0
12,-F-,V_V,1,LIG,,,,,,,,,,,,1.0
13,-F-,V_V,1,EU POR,+,v,v,,−,F,B,2.5,−,2,+,1.0
14,-F-,V_V,1,LMO,,,,,,,,,,,,1.0
15,-F-,V_V,1,RMH,,,,,,,,,,,,1.0
16,-F-,V_V,1,FUR,,,,,,,,,,,,1.0
17,-F-,V_V,1,LOG SRD,,,,,,,,,,,,1.0
18,-F-,V_V,1,CPN SRD,,,,,,,,,,,,1.0
19,-F-,V_V,1,COR,,,,,,,,,,,,1.0
20,-F-,V_V,1,ITA,+,f,f,,−,F,B,2.5,−,2,−,1.0
21,-F-,V_V,1,ABR,,,,,,,,,,,,1.0
22,-F-,V_V,1,CAM,,,,,,,,,,,,1.0
23,-F-,V_V,1,PGL,,,,,,,,,,,,1.0
24,-F-,V_V,1,SCN,,,,,,,,,,,,1.0
25,-F-,V_V,1,VEN,,,,,,,,,,,,1.0
26,-F-,V_V,1,ARO,,,,,,,,,,,,1.0
27,-F-,V_V,1,ROM,+,f,f,,−,F,B,2.5,−,2,−,1.0
28,-F-,V_V,1,GAL,,,,,,,,,,,,1.0
29,-F-,V_V,1,ASL,,,,,,,,,,,,1.0
30,-F-,V_V,1,CAS ESP,+/−,v/h,β̞~∅,,−,W~∅,B,3,−,0.25,+,1.0
31,-F-,V_V,1,AND ESP,+/−,v/h,β̞~∅,,−,W~∅,B,3,−,0.25,+,1.0
32,-F-,V_V,1,ARG,,,,,,,,,,,,1.0
0,-V-,V_V,1,BR POR,+,v,v,,−,F,B,2.5,−,2,+,1.0
1,-V-,V_V,1,AMR ESP,+,v,β̞,,−,W,B,3,−,0.5,+,1.0
2,-V-,V_V,1,LAT,+,V,w,,−,W,BK,0,−,0.5,+,1.0
3,-V-,V_V,1,CAT,+,v,β~β̞,,−,F~W,B,3,−,1.25,+,1.0
4,-V-,V_V,1,VAL,+,v,v~β̞,,−,F~W,B,2.75,−,1.25,+,1.0
5,-V-,V_V,1,BAL,+,v,v,,−,F,B,2.5,−,2,+,1.0
6,-V-,V_V,1,OCC,,,,,,,,,,,,1.0
7,-V-,V_V,1,GAS OCC,,,,,,,,,,,,1.0
8,-V-,V_V,1,EU FRA,+,v,v,,−,F,B,2.5,−,2,+,1.0
9,-V-,V_V,1,QBC FRA,,,,,,,,,,,,1.0
10,-V-,V_V,1,WAL,,,,,,,,,,,,1.0
11,-V-,V_V,1,ARP,,,,,,,,,,,,1.0
12,-V-,V_V,1,LIG,,,,,,,,,,,,1.0
13,-V-,V_V,1,EU POR,+,v,v,,−,F,B,2.5,−,2,+,1.0
14,-V-,V_V,1,LMO,,,,,,,,,,,,1.0
15,-V-,V_V,1,RMH,,,,,,,,,,,,1.0
16,-V-,V_V,1,FUR,,,,,,,,,,,,1.0
17,-V-,V_V,1,LOG SRD,,,,,,,,,,,,1.0
18,-V-,V_V,1,CPN SRD,,,,,,,,,,,,1.0
19,-V-,V_V,1,COR,,,,,,,,,,,,1.0
20,-V-,V_V,1,ITA,+,v,v,,−,F,B,2.5,−,2,+,1.0
21,-V-,V_V,1,ABR,,,,,,,,,,,,1.0
22,-V-,V_V,1,CAM,,,,,,,,,,,,1.0
23,-V-,V_V,1,PGL,,,,,,,,,,,,1.0
24,-V-,V_V,1,SCN,,,,,,,,,,,,1.0
25,-V-,V_V,1,VEN,,,,,,,,,,,,1.0
26,-V-,V_V,1,ARO,,,,,,,,,,,,1.0
27,-V-,V_V,1,ROM,+/−,u/∅,w~∅,,−,W~∅,BK~B,1.5,−,0.25,+,1.0
28,-V-,V_V,1,GAL,,,,,,,,,,,,1.0
29,-V-,V_V,1,ASL,,,,,,,,,,,,1.0
30,-V-,V_V,1,CAS ESP,+,v,β̞,,−,W,B,3,−,0.5,+,1.0
31,-V-,V_V,1,AND ESP,+,v,β̞,,−,W,B,3,−,0.5,+,1.0
32,-V-,V_V,1,ARG,,,,,,,,,,,,1.0
0,-S-,V_E,1,BR POR,+,s,z,,−,F,D,1,+,2,+,1.0
1,-S-,V_E,1,AMR ESP,+,s,s,,−,F,D,1,+,2,−,1.0
2,-S-,V_E,1,LAT,+,S,s̠,,−,F,D,0.5,+,2,−,1.0
3,-S-,V_E,1,CAT,+,s,z̠,,−,F,D,0.5,+,2,+,1.0
4,-S-,V_E,1,VAL,+,s,z̠,,−,F,D,0.5,+,2,+,1.0
5,-S-,V_E,1,BAL,+,s,z̠,,−,F,D,0.5,+,2,+,1.0
6,-S-,V_E,1,OCC,,,,,,,,,,,,1.0
7,-S-,V_E,1,GAS OCC,,,,,,,,,,,,1.0
8,-S-,V_E,1,EU FRA,+,s,z̪,,−,F,D,1.3333333333333333,+,2,+,1.0
9,-S-,V_E,1,QBC FRA,,,,,,,,,,,,1.0
10,-S-,V_E,1,WAL,,,,,,,,,,,,1.0
11,-S-,V_E,1,ARP,,,,,,,,,,,,1.0
12,-S-,V_E,1,LIG,,,,,,,,,,,,1.0
13,-S-,V_E,1,EU POR,+,s,z~z̠,,−,F,D,0.875,+,2,+,1.0
14,-S-,V_E,1,LMO,,,,,,,,,,,,1.0
15,-S-,V_E,1,RMH,,,,,,,,,,,,1.0
16,-S-,V_E,1,FUR,,,,,,,,,,,,1.0
17,-S-,V_E,1,LOG SRD,,,,,,,,,,,,1.0
18,-S-,V_E,1,CPN SRD,,,,,,,,,,,,1.0
19,-S-,V_E,1,COR,,,,,,,,,,,,1.0
20,-S-,V_E,1,ITA,+,s,s̪/z̪(s/z),,−,F,D,1.1666666666666667,+,2,−/+,1.0
21,-S-,V_E,1,ABR,,,,,,,,,,,,1.0
22,-S-,V_E,1,CAM,,,,,,,,,,,,1.0
23,-S-,V_E,1,PGL,,,,,,,,,,,,1.0
24,-S-,V_E,1,SCN,,,,,,,,,,,,1.0
25,-S-,V_E,1,VEN,,,,,,,,,,,,1.0
26,-S-,V_E,1,ARO,,,,,,,,,,,,1.0
27,-S-,V_E,1,ROM,+,ș,ʃ,,−,F,Ɉ,-0.5,+,2,−,1.0
28,-S-,V_E,1,GAL,,s,,,,,,,,,,1.0
29,-S-,V_E,1,ASL,,s,,,,,,,,,,1.0
30,-S-,V_E,1,CAS ESP,+,s,s̠,,−,F,D,0.5,+,2,−,1.0
31,-S-,V_E,1,AND ESP,+,s,s̟,,−,F,D,1.6666666666666667,+,2,−,1.0
32,-S-,V_E,1,ARG,,s,,,,,,,,,,1.0
0,-S-,"V_{a,O}",1,BR POR,+,s,z,,−,F,D,1,+,2,+,1.0
1,-S-,"V_{a,O}",1,AMR ESP,+,s,s,,−,F,D,1,+,2,−,1.0
2,-S-,"V_{a,O}",1,LAT,+,S,s̠,,−,F,D,0.5,+,2,−,1.0
3,-S-,"V_{a,O}",1,CAT,+,s,z̠,,−,F,D,0.5,+,2,+,1.0
4,-S-,"V_{a,O}",1,VAL,+,s,z̠,,−,F,D,0.5,+,2,+,1.0
5,-S-,"V_{a,O}",1,BAL,+,s,z̠,,−,F,D,0.5,+,2,+,1.0
6,-S-,"V_{a,O}",1,OCC,,,,,,,,,,,,1.0
7,-S-,"V_{a,O}",1,GAS OCC,,,,,,,,,,,,1.0
8,-S-,"V_{a,O}",1,EU FRA,+,s,z̪,,−,F,D,1.3333333333333333,+,2,+,1.0
9,-S-,"V_{a,O}",1,QBC FRA,,,,,,,,,,,,1.0
10,-S-,"V_{a,O}",1,WAL,,,,,,,,,,,,1.0
11,-S-,"V_{a,O}",1,ARP,,,,,,,,,,,,1.0
12,-S-,"V_{a,O}",1,LIG,,,,,,,,,,,,1.0
13,-S-,"V_{a,O}",1,EU POR,+,s,z~z̠,,−,F,D,0.875,+,2,+,1.0
14,-S-,"V_{a,O}",1,LMO,,,,,,,,,,,,1.0
15,-S-,"V_{a,O}",1,RMH,,,,,,,,,,,,1.0
16,-S-,"V_{a,O}",1,FUR,,,,,,,,,,,,1.0
17,-S-,"V_{a,O}",1,LOG SRD,,,,,,,,,,,,1.0
18,-S-,"V_{a,O}",1,CPN SRD,,,,,,,,,,,,1.0
19,-S-,"V_{a,O}",1,COR,,,,,,,,,,,,1.0
20,-S-,"V_{a,O}",1,ITA,+,s,s̪/z̪(s/z),,−,F,D,1.1666666666666667,+,2,−/+,1.0
21,-S-,"V_{a,O}",1,ABR,,,,,,,,,,,,1.0
22,-S-,"V_{a,O}",1,CAM,,,,,,,,,,,,1.0
23,-S-,"V_{a,O}",1,PGL,,,,,,,,,,,,1.0
24,-S-,"V_{a,O}",1,SCN,,,,,,,,,,,,1.0
25,-S-,"V_{a,O}",1,VEN,,,,,,,,,,,,1.0
26,-S-,"V_{a,O}",1,ARO,,,,,,,,,,,,1.0
27,-S-,"V_{a,O}",1,ROM,+,s,s̪,,−,F,D,1.3333333333333333,+,2,−,1.0
28,-S-,"V_{a,O}",1,GAL,,s,,,,,,,,,,1.0
29,-S-,"V_{a,O}",1,ASL,,s,,,,,,,,,,1.0
30,-S-,"V_{a,O}",1,CAS ESP,+,s,s̠,,−,F,D,0.5,+,2,−,1.0
31,-S-,"V_{a,O}",1,AND ESP,+,s,s̟,,−,F,D,1.6666666666666667,+,2,−,1.0
32,-S-,"V_{a,O}",1,ARG,,s,,,,,,,,,,1.0
0,-R-,V_V,1,BR POR,+,r,ɾ,83,−,L,D,0.75,−,0.875,+,1.0
1,-R-,V_V,1,AMR ESP,+,r,ɾ,83,−,L,D,0.75,−,0.875,+,1.0
2,-R-,V_V,1,LAT,+,R,r,79,−,L,D,0.75,−,1.25,+,1.0
3,-R-,V_V,1,CAT,+,r,ɾ,,−,L,D,,−,0.875,+,1.0
4,-R-,V_V,1,VAL,+,r,ɾ,,−,L,D,,−,0.875,+,1.0
5,-R-,V_V,1,BAL,+,r,ɾ,,−,L,D,,−,0.875,+,1.0
6,-R-,V_V,1,OCC,+,r,ɾ,83,−,L,D,0.75,−,0.875,+,1.0
7,-R-,V_V,1,GAS OCC,+,r,ɾ,83,−,L,D,0.75,−,0.875,+,1.0
8,-R-,V_V,1,EU FRA,+,r,ʁ (ʀ),128,−,F (L),Q,-4,−,1.75,+,1.0
9,-R-,V_V,1,QBC FRA,+,r,ʁ (ʀ),128,−,F (L),Q,-4,−,1.75,+,1.0
10,-R-,V_V,1,WAL,+,r,ʀ,81,−,L,Q,-4,−,1.25,+,1.0
11,-R-,V_V,1,ARP,+,r,rː  (ʀ),127,−,LL (L),D (Q),-0.8333333333333334,−,1.4583333333333333,+,1.0
12,-R-,V_V,1,LIG,,,,,,,,,,,,1.0
13,-R-,V_V,1,EU POR,+,r,ɾ,83,−,L,D,0.75,−,0.875,+,1.0
14,-R-,V_V,1,LMO,,,,,,,,,,,,1.0
15,-R-,V_V,1,RMH,,,,,,,,,,,,1.0
16,-R-,V_V,1,FUR,,,,,,,,,,,,1.0
17,-R-,V_V,1,LOG SRD,+,r,ɾ,83,−,L,D,0.75,−,0.875,+,1.0
18,-R-,V_V,1,CPN SRD,+,r,ɾ,83,−,L,D,0.75,−,0.875,+,1.0
19,-R-,V_V,1,COR,,,,,,,,,,,,1.0
20,-R-,V_V,1,ITA,+,r,ɾ,83,−,L,D,0.75,−,0.875,+,1.0
21,-R-,V_V,1,ABR,+,r,ɾ,83,−,L,D,0.75,−,0.875,+,1.0
22,-R-,V_V,1,CAM,+,r,ɾ,83,−,L,D,0.75,−,0.875,+,1.0
23,-R-,V_V,1,PGL,+,r,ɾ,83,−,L,D,0.75,−,0.875,+,1.0
24,-R-,V_V,1,SCN,+,r,ɾ,83,−,L,D,0.75,−,0.875,+,1.0
25,-R-,V_V,1,VEN,+,r,ɾ,83,−,L,D,0.75,−,0.875,+,1.0
26,-R-,V_V,1,ARO,,,,,,,,,,,,1.0
27,-R-,V_V,1,ROM,+,r,r̪,78,−,L,D,1.6666666666666667,−,1.25,+,1.0
29,-R-,V_V,1,ROM,+,n,n,,−,N,D,1.67,−,1.5,+,2.0
30,-R-,V_V,1,GAL,+,r,ɾ,83,−,L,D,0.75,−,0.875,+,1.0
31,-R-,V_V,1,ASL,+,r,ɾ,83,−,L,D,0.75,−,0.875,+,1.0
32,-R-,V_V,1,CAS ESP,+,r,ɾ,83,−,L,D,0.75,−,0.875,+,1.0
33,-R-,V_V,1,AND ESP,+,r,ɾ,83,−,L,D,0.75,−,0.875,+,1.0
34,-R-,V_V,1,ARG,+,r,ɾ,83,−,L,D,0.75,−,0.875,+,1.0
0,-L-,V_V,1,BR POR,−,∅,∅,∅,+,∅,D,1,−,0,+,1.0
1,-L-,V_V,1,AMR ESP,+,l,l,,+,LW,D,0.75,−,0.75,+,1.0
2,-L-,V_V,1,LAT,+,L,ɫ̪,87,+,LW,DQ,-1.1666666666666667,−,0.75,+,1.0
3,-L-,V_V,1,CAT,+,l,l,,+,LW,D,0.75,−,0.75,+,1.0
4,-L-,V_V,1,VAL,+,l,ɫ,,+,LW,DK,-1.125,−,0.75,+,1.0
5,-L-,V_V,1,BAL,+,l,ʟ,,+,LW,Ɉ,-3,−,0.75,+,1.0
6,-L-,V_V,1,OCC,,,,,,,,,,,,1.0
7,-L-,V_V,1,GAS OCC,,,,,,,,,,,,1.0
8,-L-,V_V,1,EU FRA,+,l,l,,+,LW,D,0.75,−,0.75,+,1.0
9,-L-,V_V,1,QBC FRA,,,,,,,,,,,,1.0
10,-L-,V_V,1,WAL,,,,,,,,,,,,1.0
11,-L-,V_V,1,ARP,,,,,,,,,,,,1.0
12,-L-,V_V,1,LIG,,,,,,,,,,,,1.0
13,-L-,V_V,1,EU POR,−,∅,∅,∅,+,∅,D,1,−,0,+,1.0
14,-L-,V_V,1,LMO,,,,,,,,,,,,1.0
15,-L-,V_V,1,RMH,,,,,,,,,,,,1.0
16,-L-,V_V,1,FUR,,,,,,,,,,,,1.0
17,-L-,V_V,1,LOG SRD,,,,,,,,,,,,1.0
18,-L-,V_V,1,CPN SRD,,,,,,,,,,,,1.0
19,-L-,V_V,1,COR,,,,,,,,,,,,1.0
20,-L-,V_V,1,ITA,+,l,l,,+,LW,D,0.75,−,0.75,+,1.0
21,-L-,V_V,1,ABR,,,,,,,,,,,,1.0
22,-L-,V_V,1,CAM,,,,,,,,,,,,1.0
23,-L-,V_V,1,PGL,,,,,,,,,,,,1.0
24,-L-,V_V,1,SCN,,,,,,,,,,,,1.0
25,-L-,V_V,1,VEN,,,,,,,,,,,,1.0
26,-L-,V_V,1,ARO,,,,,,,,,,,,1.0
27,-L-,V_V,1,ROM,+,r,ɾ,,−,L,D,0.75,−,0.875,+,1.0
29,-L-,V_V,1,LAT,+,L,l̪ʲ,139,+,LW,Ɉ,-0.16666666666666666,−,0.75,+,2.0
30,-L-,V_V,1,GAL,,,,,,,,,,,,1.0
31,-L-,V_V,1,ASL,,,,,,,,,,,,1.0
32,-L-,V_V,1,CAS ESP,+,l,l,,+,LW,D,0.75,−,0.75,+,1.0
33,-L-,V_V,1,AND ESP,+,l,l,,+,LW,D,0.75,−,0.75,+,1.0
34,-L-,V_V,1,ARG,,,,,,,,,,,,1.0
0,-J-,Vˈ_V,1,BR POR,+/−,j,j~∅,,−,W~∅,Ɉ,-2,−,0.25,+,1.0
1,-J-,Vˈ_V,1,AMR ESP,+,y,ʝ,,−,F,Ɉ,-2,−,2,+,1.0
2,-J-,Vˈ_V,1,LAT,+,I,j,,−,W,Ɉ,-2,−,0.5,+,1.0
3,-J-,Vˈ_V,1,CAT,+,j,ʒ,,−,F,Ɉ,-0.5,+,2,+,1.0
4,-J-,Vˈ_V,1,VAL,+,j,d̠͡ʒ,,−,P͡F,Ɉ,-0.5,+,3,+,1.0
5,-J-,Vˈ_V,1,BAL,+,j,ʒ,,−,F,Ɉ,-0.5,+,2,+,1.0
6,-J-,Vˈ_V,1,OCC,,,,,,,,,,,,1.0
7,-J-,Vˈ_V,1,GAS OCC,,,,,,,,,,,,1.0
8,-J-,Vˈ_V,1,EU FRA,−,i,∅,,−,∅,Ɉ,-2,−,0,+,1.0
9,-J-,Vˈ_V,1,QBC FRA,,,,,,,,,,,,1.0
10,-J-,Vˈ_V,1,WAL,,,,,,,,,,,,1.0
11,-J-,Vˈ_V,1,ARP,,,,,,,,,,,,1.0
12,-J-,Vˈ_V,1,LIG,,,,,,,,,,,,1.0
13,-J-,Vˈ_V,1,EU POR,+/−,j,j~∅,,−,W~∅,Ɉ,-2,−,0.25,+,1.0
14,-J-,Vˈ_V,1,LMO,,,,,,,,,,,,1.0
15,-J-,Vˈ_V,1,RMH,,,,,,,,,,,,1.0
16,-J-,Vˈ_V,1,FUR,,,,,,,,,,,,1.0
17,-J-,Vˈ_V,1,LOG SRD,,,,,,,,,,,,1.0
18,-J-,Vˈ_V,1,CPN SRD,,,,,,,,,,,,1.0
19,-J-,Vˈ_V,1,COR,,,,,,,,,,,,1.0
20,-J-,Vˈ_V,1,ITA,+,ggi,d̠d̠͡ʒ,,−,PP͡F,Ɉ,-0.5,+,3.75,+,1.0
21,-J-,Vˈ_V,1,ABR,,,,,,,,,,,,1.0
22,-J-,Vˈ_V,1,CAM,,,,,,,,,,,,1.0
23,-J-,Vˈ_V,1,PGL,,,,,,,,,,,,1.0
24,-J-,Vˈ_V,1,SCN,,,,,,,,,,,,1.0
25,-J-,Vˈ_V,1,VEN,,,,,,,,,,,,1.0
26,-J-,Vˈ_V,1,ARO,,,,,,,,,,,,1.0
27,-J-,Vˈ_V,1,ROM,+/−,j/∅,ʒ/∅,,−,F/∅,Ɉ,-0.5,+/−,1,+,1.0
29,-J-,Vˈ_V,1,EU POR,+,j,ʒ,,−,F,Ɉ,-0.5,+,2,+,2.0
30,-J-,Vˈ_V,1,BR POR,+,j,ʒ,,−,F,Ɉ,-0.5,+,2,+,2.0
31,-J-,Vˈ_V,1,CAS ESP,−,∅,∅,,−,∅,Ɉ,-2,−,0,+,1.0
32,-J-,Vˈ_V,1,AND ESP,−,∅,∅,,−,∅,Ɉ,-2,−,0,+,1.0
33,-J-,Vˈ_V,1,AMR ESP,−,∅,∅,,−,∅,Ɉ,-2,−,0,+,2.0
34,-J-,Vˈ_V,1,GAL,,,,,,,,,,,,1.0
35,-J-,Vˈ_V,1,ASL,,,,,,,,,,,,1.0
36,-J-,Vˈ_V,1,CAS ESP,+,y,ʝ,,−,F,Ɉ,-2,−,2,+,2.0
37,-J-,Vˈ_V,1,AND ESP,+,y,ʝ,,−,F,Ɉ,-2,−,2,+,2.0
38,-J-,Vˈ_V,1,ARG,,,,,,,,,,,,1.0
21,W-,#_E,2,ABR,,,,,,,,,,,,1.0
21,W-,#_E,1,ABR,,,,,,,,,,,,1.0
1,W-,#_E,1,AMR ESP,+,gu,ɡ,20,−,P,K,-3,−,4,+,1.0
1,W-,#_E,2,AMR ESP,,,,,,,,,,,,1.0
31,W-,#_E,2,AND ESP,,,,,,,,,,,,1.0
31,W-,#_E,1,AND ESP,+,gu,ɡ,20,−,P,K,-3,−,4,+,1.0
32,W-,#_E,1,ARG,+,gu,ɡ,20,−,P,K,-3,−,4,+,1.0
32,W-,#_E,2,ARG,,,,,,,,,,,,1.0
26,W-,#_E,2,ARO,,,,,,,,,,,,1.0
26,W-,#_E,1,ARO,,,,,,,,,,,,1.0
11,W-,#_E,1,ARP,+,gu,ɡ,20,−,P,K,-3,−,4,+,1.0
11,W-,#_E,2,ARP,,,,,,,,,,,,1.0
29,W-,#_E,2,ASL,,,,,,,,,,,,1.0
29,W-,#_E,1,ASL,+,gu,ɡ,20,−,P,K,-3,−,4,+,1.0
5,W-,#_E,2,BAL,,,,,,,,,,,,1.0
5,W-,#_E,1,BAL,+,gu,ɡ,20,−,P,K,-3,−,4,+,1.0
0,W-,#_E,1,BR POR,+,gu,ɡ,20,−,P,K,-3,−,4,+,1.0
0,W-,#_E,2,BR POR,,,,,,,,,,,,1.0
22,W-,#_E,2,CAM,+,u/v,w~v,137,−,W~F,BK~B,1.25,−,1.5,+,1.0
22,W-,#_E,1,CAM,+/−,g/∅,ɡ~∅,136,−,P~∅,K,-3,−,2,+/−,1.0
30,W-,#_E,2,CAS ESP,,,,,,,,,,,,1.0
30,W-,#_E,1,CAS ESP,+,gu,ɡ,20,−,P,K,-3,−,4,+,1.0
3,W-,#_E,1,CAT,+,gu,ɡ,20,−,P,K,-3,−,4,+,1.0
3,W-,#_E,2,CAT,,,,,,,,,,,,1.0
19,W-,#_E,2,COR,,,,,,,,,,,,1.0
19,W-,#_E,1,COR,+,gu,gʷ,16,−,P,BK,-1.5,−,4,+,1.0
18,W-,#_E,2,CPN SRD,+,u,w,97,−,W,BK,0,−,0.5,+,1.0
18,W-,#_E,1,CPN SRD,+,g,ɡ,20,−,P,K,-3,−,4,+,1.0
8,W-,#_E,1,EU FRA,+,gu,ɡ,20,−,P,K,-3,−,4,+,1.0
8,W-,#_E,2,EU FRA,,,,,,,,,,,,1.0
13,W-,#_E,1,EU POR,+,gu,ɡ,20,−,P,K,-3,−,4,+,1.0
13,W-,#_E,2,EU POR,,,,,,,,,,,,1.0
16,W-,#_E,2,FUR,+,u,w,97,−,W,BK,0,−,0.5,+,1.0
16,W-,#_E,1,FUR,+/−,v,v~∅,138,−,F~∅,B,2.5,−,1,+/−,1.0
28,W-,#_E,1,GAL,+,gu,ɡ,20,−,P,K,-3,−,4,+,1.0
28,W-,#_E,2,GAL,,,,,,,,,,,,1.0
7,W-,#_E,1,GAS OCC,+,gu,ɡ,20,−,P,K,-3,−,4,+,1.0
7,W-,#_E,2,GAS OCC,,,,,,,,,,,,1.0
20,W-,#_E,1,ITA,+,g,ɡ,20,−,P,K,-3,−,4,+,1.0
20,W-,#_E,2,ITA,+,u,w,97,−,W,BK,0,−,0.5,+,1.0
2,W-,#_E,1,LAT,,,,,,,,,,,,1.0
2,W-,#_E,2,LAT,+,UU,w,97,−,W,BK,0,−,0.5,+,1.0
12,W-,#_E,1,LIG,+,g,ɡ,20,−,P,K,-3,−,4,+,1.0
12,W-,#_E,2,LIG,+,o,w,97,−,W,BK,0,−,0.5,+,1.0
14,W-,#_E,2,LMO,+,u,w,97,−,W,BK,0,−,0.5,+,1.0
14,W-,#_E,1,LMO,+,g,ɡ,20,−,P,K,-3,−,4,+,1.0
17,W-,#_E,2,LOG SRD,+/−,u/∅,w~∅,134,−,W~∅,BK,0,−,0.16666666666666666,+/−,1.0
17,W-,#_E,1,LOG SRD,+,g,ɡ,20,−,P,K,-3,−,4,+,1.0
6,W-,#_E,2,OCC,,,,,,,,,,,,1.0
6,W-,#_E,1,OCC,+,gu,ɡ,20,−,P,K,-3,−,4,+,1.0
23,W-,#_E,1,PGL,,,,,,,,,,,,1.0
23,W-,#_E,2,PGL,,,,,,,,,,,,1.0
9,W-,#_E,2,QBC FRA,,,,,,,,,,,,1.0
9,W-,#_E,1,QBC FRA,+,gu,ɡ,20,−,P,K,-3,−,4,+,1.0
15,W-,#_E,2,RMH,+/−,u/∅,w~∅,134,−,W~∅,BK,0,−,0.16666666666666666,+/−,1.0
15,W-,#_E,1,RMH,+,g,ɡ,20,−,P,K,-3,−,4,+,1.0
27,W-,#_E,1,ROM,,,,,,,,,,,,1.0
27,W-,#_E,2,ROM,,,,,,,,,,,,1.0
24,W-,#_E,1,SCN,,,,,,,,,,,,1.0
24,W-,#_E,2,SCN,,,,,,,,,,,,1.0
4,W-,#_E,1,VAL,+,gu,ɡ,20,−,P,K,-3,−,4,+,1.0
4,W-,#_E,2,VAL,,,,,,,,,,,,1.0
25,W-,#_E,1,VEN,+/−,g/∅,ɡ~∅,136,−,P~∅,K,-3,−,2,+/−,1.0
25,W-,#_E,2,VEN,+,u/v,w~v,137,−,W~F,BK~B,1.25,−,1.5,+,1.0
10,W-,#_E,1,WAL,,,,,,,,,,,,1.0
10,W-,#_E,2,WAL,+,w,w,97,−,W,BK,0,−,0.5,+,1.0
21,W-,#_a,2,ABR,,,,,,,,,,,,1.0
21,W-,#_a,1,ABR,,,,,,,,,,,,1.0
1,W-,#_a,1,AMR ESP,+,g,ɡ,20,−,P,K,-3,−,4,+,1.0
1,W-,#_a,2,AMR ESP,+,u,w,97,−,W,BK,0,−,0.5,+,1.0
31,W-,#_a,2,AND ESP,+,u,w,97,−,W,BK,0,−,0.5,+,1.0
31,W-,#_a,1,AND ESP,+,g,ɡ,20,−,P,K,-3,−,4,+,1.0
32,W-,#_a,1,ARG,,,,,,,,,,,,1.0
32,W-,#_a,2,ARG,,,,,,,,,,,,1.0
26,W-,#_a,2,ARO,,,,,,,,,,,,1.0
26,W-,#_a,1,ARO,,,,,,,,,,,,1.0
11,W-,#_a,1,ARP,,,,,,,,,,,,1.0
11,W-,#_a,2,ARP,+,o,ɡ~w,135,−,P~W,K~BK,-1.5,−,2.25,+,1.0
29,W-,#_a,2,ASL,+,u,w,97,−,W,BK,0,−,0.5,+,1.0
29,W-,#_a,1,ASL,+,g,ɡ,20,−,P,K,-3,−,4,+,1.0
5,W-,#_a,2,BAL,+,u,w,97,−,W,BK,0,−,0.5,+,1.0
5,W-,#_a,1,BAL,+,g,ɡ,20,−,P,K,-3,−,4,+,1.0
0,W-,#_a,1,BR POR,+,g,ɡ,20,−,P,K,-3,−,4,+,1.0
0,W-,#_a,2,BR POR,+,u,w,97,−,W,BK,0,−,0.5,+,1.0
22,W-,#_a,2,CAM,+,u/v,w~v,137,−,W~F,BK~B,1.25,−,1.5,+,1.0
22,W-,#_a,1,CAM,+/−,g/∅,ɡ~∅,136,−,P~∅,K,-3,−,2,+/−,1.0
30,W-,#_a,2,CAS ESP,+,u,w,97,−,W,BK,0,−,0.5,+,1.0
30,W-,#_a,1,CAS ESP,+,g,ɡ,20,−,P,K,-3,−,4,+,1.0
3,W-,#_a,1,CAT,+,g,ɡ,20,−,P,K,-3,−,4,+,1.0
3,W-,#_a,2,CAT,+,u,w,97,−,W,BK,0,−,0.5,+,1.0
19,W-,#_a,2,COR,,,,,,,,,,,,1.0
19,W-,#_a,1,COR,+,gu,gʷ,16,−,P,BK,-1.5,−,4,+,1.0
18,W-,#_a,2,CPN SRD,+,u,w,97,−,W,BK,0,−,0.5,+,1.0
18,W-,#_a,1,CPN SRD,+,g,ɡ,20,−,P,K,-3,−,4,+,1.0
8,W-,#_a,1,EU FRA,+,g,ɡ,20,−,P,K,-3,−,4,+,1.0
8,W-,#_a,2,EU FRA,,,,,,,,,,,,1.0
13,W-,#_a,1,EU POR,+,g,ɡ,20,−,P,K,-3,−,4,+,1.0
13,W-,#_a,2,EU POR,+,u,w,97,−,W,BK,0,−,0.5,+,1.0
16,W-,#_a,2,FUR,+,u,w,97,−,W,BK,0,−,0.5,+,1.0
16,W-,#_a,1,FUR,+/−,v,v~∅,138,−,F~∅,B,2.5,−,1,+/−,1.0
28,W-,#_a,1,GAL,+,g,ɡ,20,−,P,K,-3,−,4,+,1.0
28,W-,#_a,2,GAL,+/−,u/∅,w~∅,134,−,W~∅,BK,0,−,0.16666666666666666,+/−,1.0
7,W-,#_a,1,GAS OCC,+/−,g,ɡ~∅,136,−,P~∅,K,-3,−,2,+/−,1.0
7,W-,#_a,2,GAS OCC,+/−,u/∅,w~∅,134,−,W~∅,BK,0,−,0.16666666666666666,+/−,1.0
20,W-,#_a,1,ITA,+,g,ɡ,20,−,P,K,-3,−,4,+,1.0
20,W-,#_a,2,ITA,+,u,w,97,−,W,BK,0,−,0.5,+,1.0
2,W-,#_a,1,LAT,,,,,,,,,,,,1.0
2,W-,#_a,2,LAT,+,UU,w,97,−,W,BK,0,−,0.5,+,1.0
12,W-,#_a,1,LIG,+,g,ɡ,20,−,P,K,-3,−,4,+,1.0
12,W-,#_a,2,LIG,+,o,w,97,−,W,BK,0,−,0.5,+,1.0
14,W-,#_a,2,LMO,+,u,w,97,−,W,BK,0,−,0.5,+,1.0
14,W-,#_a,1,LMO,+,g,ɡ,20,−,P,K,-3,−,4,+,1.0
17,W-,#_a,2,LOG SRD,+/−,u/∅,w~∅,134,−,W~∅,BK,0,−,0.16666666666666666,+/−,1.0
17,W-,#_a,1,LOG SRD,+,g,ɡ,20,−,P,K,-3,−,4,+,1.0
6,W-,#_a,2,OCC,,,,,,,,,,,,1.0
6,W-,#_a,1,OCC,+,g,ɡ,20,−,P,K,-3,−,4,+,1.0
23,W-,#_a,1,PGL,,,,,,,,,,,,1.0
23,W-,#_a,2,PGL,,,,,,,,,,,,1.0
9,W-,#_a,2,QBC FRA,,,,,,,,,,,,1.0
9,W-,#_a,1,QBC FRA,+,g,ɡ,20,−,P,K,-3,−,4,+,1.0
15,W-,#_a,2,RMH,+/−,u/∅,w~∅,134,−,W~∅,BK,0,−,0.16666666666666666,+/−,1.0
15,W-,#_a,1,RMH,+,g,ɡ,20,−,P,K,-3,−,4,+,1.0
27,W-,#_a,1,ROM,,,,,,,,,,,,1.0
27,W-,#_a,2,ROM,,,,,,,,,,,,1.0
24,W-,#_a,1,SCN,,,,,,,,,,,,1.0
24,W-,#_a,2,SCN,,,,,,,,,,,,1.0
4,W-,#_a,1,VAL,+,g,ɡ,20,−,P,K,-3,−,4,+,1.0
4,W-,#_a,2,VAL,+,u,w,97,−,W,BK,0,−,0.5,+,1.0
25,W-,#_a,1,VEN,+/−,g/∅,ɡ~∅,136,−,P~∅,K,-3,−,2,+/−,1.0
25,W-,#_a,2,VEN,+,u/v,w~v,137,−,W~F,BK~B,1.25,−,1.5,+,1.0
10,W-,#_a,1,WAL,,,,,,,,,,,,1.0
10,W-,#_a,2,WAL,+,w,w,97,−,W,BK,0,−,0.5,+,1.0
21,PL-,#_,2,ABR,+,i,j,98,−,W,Ɉ,-2,−,0.5,+,1.0
21,PL-,#_,1,ABR,+,p,p,1,−,P,B,3,−,4,−,1.0
1,PL-,#_,1,AMR ESP,,,,,,,,,,,,1.0
1,PL-,#_,2,AMR ESP,+,ll,ɟ͡ʝ,39,−,P͡F,Ɉ,-2,−,3,+,1.0
33,PL-,#_,2,AND ESP,+,ll,ɟ͡ʝ,39,−,P͡F,Ɉ,-2,−,3,+,1.0
33,PL-,#_,1,AND ESP,,,,,,,,,,,,1.0
34,PL-,#_,1,ARG,+,p,p,1,−,P,B,3,−,4,−,1.0
34,PL-,#_,2,ARG,+,l (ll),l (ȴ),130,+,LW,D (Ɉ),0.5625,−,0.75,+,1.0
26,PL-,#_,2,ARO,+,l,l,85,+,LW,D,0.75,−,0.75,+,1.0
26,PL-,#_,1,ARO,+,p,p,1,−,P,B,3,−,4,−,1.0
11,PL-,#_,1,ARP,+,p,p,1,−,P,B,3,−,4,−,1.0
11,PL-,#_,2,ARP,+,l (ll),l (ȴ~j),133,+ (−),LW(W),D (Ɉ),0.16666666666666666,−,0.6666666666666666,+,1.0
31,PL-,#_,2,ASL,+,ll (ḷḷ),ȴ[ʎ̟] (ʈ͡ʂ),129,+ (−),LW (P͡F),Ɉ,-0.4166666666666667,− (+),1.5,+ (−),1.0
31,PL-,#_,1,ASL,,,,,,,,,,,,1.0
5,PL-,#_,2,BAL,+,l,ʟ,140,+,LW,K,-3,−,0.75,+,1.0
5,PL-,#_,1,BAL,+,p,p,1,−,P,B,3,−,4,−,1.0
0,PL-,#_,1,BR POR,+,ch,ʃ,56,−,F,Ɉ,-0.5,+,2,−,1.0
0,PL-,#_,2,BR POR,,,,,,,,,,,,1.0
22,PL-,#_,2,CAM,,,,,,,,,,,,1.0
22,PL-,#_,1,CAM,+,chi,c,17,−,P,Ɉ,-2,−,4,−,1.0
32,PL-,#_,2,CAS ESP,+,ll,ʎ,90,+,L,Ɉ,-2,−,0.75,+,1.0
32,PL-,#_,1,CAS ESP,,,,,,,,,,,,1.0
3,PL-,#_,1,CAT,+,p,p,1,−,P,B,3,−,4,−,1.0
3,PL-,#_,2,CAT,+,l,l,85,+,LW,D,0.75,−,0.75,+,1.0
19,PL-,#_,2,COR,+,i,j,98,−,W,Ɉ,-2,−,0.5,+,1.0
19,PL-,#_,1,COR,+,p,p,1,−,P,B,3,−,4,−,1.0
18,PL-,#_,2,CPN SRD,+,r,ɾ,83,−,L,D,0.75,−,0.875,+,1.0
18,PL-,#_,1,CPN SRD,+,p,p,1,−,P,B,3,−,4,−,1.0
8,PL-,#_,1,EU FRA,+,p,p,1,−,P,B,3,−,4,−,1.0
8,PL-,#_,2,EU FRA,+,l,l,85,+,LW,D,0.75,−,0.75,+,1.0
13,PL-,#_,2,EU POR,,,,,,,,,,,,1.0
13,PL-,#_,1,EU POR,+,ch,ʃ,56,−,F,Ɉ,-0.5,+,2,−,1.0
16,PL-,#_,2,FUR,+,l,l,85,+,LW,D,0.75,−,0.75,+,1.0
16,PL-,#_,1,FUR,+,p,p,1,−,P,B,3,−,4,−,1.0
30,PL-,#_,1,GAL,+,ch,t̠͡ʃ,34,−,P͡F,Ɉ,-0.5,+,3,−,1.0
30,PL-,#_,2,GAL,,,,,,,,,,,,1.0
7,PL-,#_,1,GAS OCC,+,p,p,1,−,P,B,3,−,4,−,1.0
7,PL-,#_,2,GAS OCC,+,l,l,85,+,LW,D,0.75,−,0.75,+,1.0
20,PL-,#_,2,ITA,+,i,j,98,−,W,Ɉ,-2,−,0.5,+,1.0
20,PL-,#_,1,ITA,+,p,p,1,−,P,B,3,−,4,−,1.0
2,PL-,#_,1,LAT,+,P,p,1,−,P,B,3,−,4,−,1.0
2,PL-,#_,2,LAT,+,L,ɫ̪,87,+,LW,DQ,-1.1666666666666667,−,0.75,+,1.0
29,PL-,#_,1,LAT,+,P,p,1,−,P,B,3,−,4,−,2.0
29,PL-,#_,2,LAT,+,L,l̪ʲ,139,+,LW,Ɉ,-0.16666666666666666,−,0.75,+,2.0
12,PL-,#_,1,LIG,+,ci,t̠͡ʃ,34,−,P͡F,Ɉ,-0.5,+,3,−,1.0
12,PL-,#_,2,LIG,,,,,,,,,,,,1.0
14,PL-,#_,2,LMO,+,i,j,98,−,W,Ɉ,-2,−,0.5,+,1.0
14,PL-,#_,1,LMO,+,p,p,1,−,P,B,3,−,4,−,1.0
17,PL-,#_,2,LOG SRD,+,r,ɾ,83,−,L,D,0.75,−,0.875,+,1.0
17,PL-,#_,1,LOG SRD,+,p,p,1,−,P,B,3,−,4,−,1.0
6,PL-,#_,2,OCC,+,l,l,85,+,LW,D,0.75,−,0.75,+,1.0
6,PL-,#_,1,OCC,+,p,p,1,−,P,B,3,−,4,−,1.0
23,PL-,#_,2,PGL,,,,,,,,,,,,1.0
23,PL-,#_,1,PGL,+,chi,c,17,−,P,Ɉ,-2,−,4,−,1.0
9,PL-,#_,2,QBC FRA,+,l,l,85,+,LW,D,0.75,−,0.75,+,1.0
9,PL-,#_,1,QBC FRA,+,p,p,1,−,P,B,3,−,4,−,1.0
15,PL-,#_,2,RMH,+,l,l,85,+,LW,D,0.75,−,0.75,+,1.0
15,PL-,#_,1,RMH,+,p,p,1,−,P,B,3,−,4,−,1.0
27,PL-,#_,2,ROM,+,l,l,85,+,LW,D,0.75,−,0.75,+,1.0
27,PL-,#_,1,ROM,+,p,p,1,−,P,B,3,−,4,−,1.0
24,PL-,#_,1,SCN,+,chi,c,17,−,P,Ɉ,-2,−,4,−,1.0
24,PL-,#_,2,SCN,,,,,,,,,,,,1.0
4,PL-,#_,1,VAL,+,p,p,1,−,P,B,3,−,4,−,1.0
4,PL-,#_,2,VAL,+,l,ɫ,87,+,LW,DQ,-1.1666666666666667,−,0.75,+,1.0
25,PL-,#_,1,VEN,+,p,p,1,−,P,B,3,−,4,−,1.0
25,PL-,#_,2,VEN,+,i,j,98,−,W,Ɉ,-2,−,0.5,+,1.0
10,PL-,#_,1,WAL,+,p,p,1,−,P,B,3,−,4,−,1.0
10,PL-,#_,2,WAL,+,l,l,85,+,LW,D,0.75,−,0.75,+,1.0
21,BR-,#_,2,ABR,+,r,ɾ,83,−,L,D,0.75,−,0.875,+,1.0
21,BR-,#_,1,ABR,+,v,v,43,−,F,B,2.5,−,2,+,1.0
1,BR-,#_,1,AMR ESP,+,b,b,2,−,P,B,3,−,4,+,1.0
1,BR-,#_,2,AMR ESP,+,r,ɾ,83,−,L,D,0.75,−,0.875,+,1.0
31,BR-,#_,2,AND ESP,+,r,ɾ,83,−,L,D,0.75,−,0.875,+,1.0
31,BR-,#_,1,AND ESP,+,b,b,2,−,P,B,3,−,4,+,1.0
32,BR-,#_,1,ARG,+,b,b,2,−,P,B,3,−,4,+,1.0
32,BR-,#_,2,ARG,+,r,ɾ,83,−,L,D,0.75,−,0.875,+,1.0
26,BR-,#_,2,ARO,+,r,ɾ,83,−,L,D,0.75,−,0.875,+,1.0
26,BR-,#_,1,ARO,+,b,b,2,−,P,B,3,−,4,+,1.0
11,BR-,#_,1,ARP,+,b,b,2,−,P,B,3,−,4,+,1.0
11,BR-,#_,2,ARP,+,r,ɾ (ʀ),143,−,L,D (Q),-0.8333333333333334,−,1,+,1.0
29,BR-,#_,2,ASL,+,r,ɾ,83,−,L,D,0.75,−,0.875,+,1.0
29,BR-,#_,1,ASL,+,b,b,2,−,P,B,3,−,4,+,1.0
5,BR-,#_,2,BAL,+,r,ɾ,83,−,L,D,0.75,−,0.875,+,1.0
5,BR-,#_,1,BAL,+,b,b,2,−,P,B,3,−,4,+,1.0
0,BR-,#_,1,BR POR,+,b,b,2,−,P,B,3,−,4,+,1.0
0,BR-,#_,2,BR POR,+,r,ɾ,83,−,L,D,0.75,−,0.875,+,1.0
22,BR-,#_,2,CAM,+,r,ɾ,83,−,L,D,0.75,−,0.875,+,1.0
22,BR-,#_,1,CAM,+,v,v,43,−,F,B,2.5,−,2,+,1.0
30,BR-,#_,2,CAS ESP,+,r,ɾ,83,−,L,D,0.75,−,0.875,+,1.0
30,BR-,#_,1,CAS ESP,+,b,b,2,−,P,B,3,−,4,+,1.0
3,BR-,#_,1,CAT,+,b,b,2,−,P,B,3,−,4,+,1.0
3,BR-,#_,2,CAT,+,r,ɾ,83,−,L,D,0.75,−,0.875,+,1.0
19,BR-,#_,2,COR,+,r,ɾ,83,−,L,D,0.75,−,0.875,+,1.0
19,BR-,#_,1,COR,+,b,b,2,−,P,B,3,−,4,+,1.0
18,BR-,#_,2,CPN SRD,+,r,ɾ,83,−,L,D,0.75,−,0.875,+,1.0
18,BR-,#_,1,CPN SRD,+,b,b,2,−,P,B,3,−,4,+,1.0
8,BR-,#_,1,EU FRA,+,b,b,2,−,P,B,3,−,4,+,1.0
8,BR-,#_,2,EU FRA,+,r,ʁ (ʀ),142,−,F (L),Q,-4,−,1.75,+,1.0
13,BR-,#_,1,EU POR,+,b,b,2,−,P,B,3,−,4,+,1.0
13,BR-,#_,2,EU POR,+,r,ɾ,83,−,L,D,0.75,−,0.875,+,1.0
16,BR-,#_,2,FUR,+,r,ɾ,83,−,L,D,0.75,−,0.875,+,1.0
16,BR-,#_,1,FUR,+,b,b,2,−,P,B,3,−,4,+,1.0
28,BR-,#_,1,GAL,+,b,b,2,−,P,B,3,−,4,+,1.0
28,BR-,#_,2,GAL,+,r,ɾ,83,−,L,D,0.75,−,0.875,+,1.0
7,BR-,#_,1,GAS OCC,+,b,b,2,−,P,B,3,−,4,+,1.0
7,BR-,#_,2,GAS OCC,+,r,ɾ,83,−,L,D,0.75,−,0.875,+,1.0
20,BR-,#_,1,ITA,+,b,b,2,−,P,B,3,−,4,+,1.0
20,BR-,#_,2,ITA,+,r,ɾ,83,−,L,D,0.75,−,0.875,+,1.0
2,BR-,#_,1,LAT,+,B,b,2,−,P,B,3,−,4,+,1.0
2,BR-,#_,2,LAT,+,R,ɾ,83,−,L,D,0.75,−,0.875,+,1.0
12,BR-,#_,1,LIG,+,b,b,2,−,P,B,3,−,4,+,1.0
12,BR-,#_,2,LIG,+,r,ɾ,83,−,L,D,0.75,−,0.875,+,1.0
14,BR-,#_,2,LMO,+,r,ɾ,83,−,L,D,0.75,−,0.875,+,1.0
14,BR-,#_,1,LMO,+,b,b,2,−,P,B,3,−,4,+,1.0
17,BR-,#_,2,LOG SRD,+,r,ɾ,83,−,L,D,0.75,−,0.875,+,1.0
17,BR-,#_,1,LOG SRD,+,b,b,2,−,P,B,3,−,4,+,1.0
6,BR-,#_,2,OCC,+,r,ɾ (ʀ),143,−,L,D (Q),-0.8333333333333334,−,1,+,1.0
6,BR-,#_,1,OCC,+,b,b,2,−,P,B,3,−,4,+,1.0
23,BR-,#_,1,PGL,+,v,v,43,−,F,B,2.5,−,2,+,1.0
23,BR-,#_,2,PGL,+,r,ɾ,83,−,L,D,0.75,−,0.875,+,1.0
9,BR-,#_,2,QBC FRA,+,r,ʁ (ʀ),142,−,F (L),Q,-4,−,1.75,+,1.0
9,BR-,#_,1,QBC FRA,+,b,b,2,−,P,B,3,−,4,+,1.0
15,BR-,#_,2,RMH,+,r,ɾ,83,−,L,D,0.75,−,0.875,+,1.0
15,BR-,#_,1,RMH,+,b,b,2,−,P,B,3,−,4,+,1.0
27,BR-,#_,1,ROM,+,b,b,2,−,P,B,3,−,4,+,1.0
27,BR-,#_,2,ROM,+,r,ɾ,83,−,L,D,0.75,−,0.875,+,1.0
24,BR-,#_,1,SCN,+,v,v,43,−,F,B,2.5,−,2,+,1.0
24,BR-,#_,2,SCN,+,r,ɾ,83,−,L,D,0.75,−,0.875,+,1.0
4,BR-,#_,1,VAL,+,b,b,2,−,P,B,3,−,4,+,1.0
4,BR-,#_,2,VAL,+,r,ɾ,83,−,L,D,0.75,−,0.875,+,1.0
25,BR-,#_,1,VEN,+,b,b,2,−,P,B,3,−,4,+,1.0
25,BR-,#_,2,VEN,+,r,ɾ,83,−,L,D,0.75,−,0.875,+,1.0
10,BR-,#_,1,WAL,+,b,b,2,−,P,B,3,−,4,+,1.0
10,BR-,#_,2,WAL,+,r,ʀ,81,−,L,Q,-4,−,1.25,+,1.0
21,BL-,#_,2,ABR,+,i,j,98,−,W,Ɉ,-2,−,0.5,+,1.0
21,BL-,#_,1,ABR,+,b,b,2,−,P,B,3,−,4,+,1.0
1,BL-,#_,1,AMR ESP,+,b,b,2,−,P,B,3,−,4,+,1.0
38,BL-,#_,2,AMR ESP,+,l,l,85,+,LW,D,0.75,−,0.75,+,2.0
1,BL-,#_,2,AMR ESP,+,l,l,85,+,LW,D,0.75,−,0.75,+,1.0
38,BL-,#_,1,AMR ESP,,,,,,,,,,,,2.0
37,BL-,#_,2,AND ESP,+,l,l,85,+,LW,D,0.75,−,0.75,+,1.0
41,BL-,#_,2,AND ESP,+,l,l,85,+,LW,D,0.75,−,0.75,+,2.0
41,BL-,#_,1,AND ESP,+,b,b,2,−,P,B,3,−,4,+,2.0
37,BL-,#_,1,AND ESP,,,,,,,,,,,,1.0
42,BL-,#_,1,ARG,+,b,b,2,−,P,B,3,−,4,+,1.0
42,BL-,#_,2,ARG,+,l (ll),l (ȴ),130,+,LW,D (Ɉ),0.5625,−,0.75,+,1.0
26,BL-,#_,2,ARO,+,l,l,85,+,LW,D,0.75,−,0.75,+,1.0
26,BL-,#_,1,ARO,+,b,b,2,−,P,B,3,−,4,+,1.0
11,BL-,#_,2,ARP,+,l (ll),l (ȴ~j),133,+ (−),LW(W),D (Ɉ),0.16666666666666666,−,0.6666666666666666,+,1.0
11,BL-,#_,1,ARP,+,b,b,2,−,P,B,3,−,4,+,1.0
39,BL-,#_,2,ASL,+,l,l,85,+,LW,D,0.75,−,0.75,+,2.0
35,BL-,#_,2,ASL,+,l,l,85,+,LW,D,0.75,−,0.75,+,1.0
39,BL-,#_,1,ASL,+,b,b,2,−,P,B,3,−,4,+,2.0
35,BL-,#_,1,ASL,,,,,,,,,,,,1.0
5,BL-,#_,2,BAL,+,l,ʟ,140,+,LW,K,-3,−,0.75,+,1.0
5,BL-,#_,1,BAL,+,b,b,2,−,P,B,3,−,4,+,1.0
32,BL-,#_,2,BR POR,+,l,l,85,+,LW,D,0.75,−,0.75,+,2.0
0,BL-,#_,2,BR POR,+,r,ɾ,83,−,L,D,0.75,−,0.875,+,1.0
32,BL-,#_,1,BR POR,,,,,,,,,,,,2.0
0,BL-,#_,1,BR POR,+,b,b,2,−,P,B,3,−,4,+,1.0
22,BL-,#_,2,CAM,+,j,j,98,−,W,Ɉ,-2,−,0.5,+,1.0
22,BL-,#_,1,CAM,,,,,,,,,,,,1.0
40,BL-,#_,2,CAS ESP,+,l,l,85,+,LW,D,0.75,−,0.75,+,2.0
36,BL-,#_,2,CAS ESP,+,l,l,85,+,LW,D,0.75,−,0.75,+,1.0
36,BL-,#_,1,CAS ESP,,,,,,,,,,,,1.0
40,BL-,#_,1,CAS ESP,+,b,b,2,−,P,B,3,−,4,+,2.0
3,BL-,#_,2,CAT,+,l,l,85,+,LW,D,0.75,−,0.75,+,1.0
3,BL-,#_,1,CAT,+,b,b,2,−,P,B,3,−,4,+,1.0
19,BL-,#_,1,COR,+,b,b,2,−,P,B,3,−,4,+,1.0
19,BL-,#_,2,COR,+,i,j,98,−,W,Ɉ,-2,−,0.5,+,1.0
18,BL-,#_,1,CPN SRD,+,b,b,2,−,P,B,3,−,4,+,1.0
18,BL-,#_,2,CPN SRD,+,r,ɾ,83,−,L,D,0.75,−,0.875,+,1.0
8,BL-,#_,2,EU FRA,+,l,l,85,+,LW,D,0.75,−,0.75,+,1.0
8,BL-,#_,1,EU FRA,+,b,b,2,−,P,B,3,−,4,+,1.0
13,BL-,#_,1,EU POR,+,b,b,2,−,P,B,3,−,4,+,1.0
31,BL-,#_,2,EU POR,+,l,ɫ̪,87,+,LW,DQ,-1.1666666666666667,−,0.75,+,2.0
31,BL-,#_,1,EU POR,,,,,,,,,,,,2.0
13,BL-,#_,2,EU POR,+,r,ɾ,83,−,L,D,0.75,−,0.875,+,1.0
16,BL-,#_,2,FUR,+,l,l,85,+,LW,D,0.75,−,0.75,+,1.0
16,BL-,#_,1,FUR,+,b,b,2,−,P,B,3,−,4,+,1.0
33,BL-,#_,1,GAL,,,,,,,,,,,,1.0
34,BL-,#_,2,GAL,+,r,ɾ,83,−,L,D,0.75,−,0.875,+,2.0
33,BL-,#_,2,GAL,+,l,l,85,+,LW,D,0.75,−,0.75,+,1.0
34,BL-,#_,1,GAL,+,b,b,2,−,P,B,3,−,4,+,2.0
7,BL-,#_,1,GAS OCC,+,b,b,2,−,P,B,3,−,4,+,1.0
7,BL-,#_,2,GAS OCC,+,l,l,85,+,LW,D,0.75,−,0.75,+,1.0
20,BL-,#_,1,ITA,+,b,b,2,−,P,B,3,−,4,+,1.0
20,BL-,#_,2,ITA,+,i,j,98,−,W,Ɉ,-2,−,0.5,+,1.0
29,BL-,#_,1,LAT,+,B,b,2,−,P,B,3,−,4,+,2.0
2,BL-,#_,1,LAT,+,B,b,2,−,P,B,3,−,4,+,1.0
2,BL-,#_,2,LAT,+,L,ɫ̪,87,+,LW,DQ,-1.1666666666666667,−,0.75,+,1.0
29,BL-,#_,2,LAT,+,L,l̪ʲ,139,+,LW,Ɉ,-0.16666666666666666,−,0.75,+,2.0
12,BL-,#_,2,LIG,,,,,,,,,,,,1.0
12,BL-,#_,1,LIG,+,gi,d̠͡ʒ,35,−,P͡F,Ɉ,-0.5,+,3,+,1.0
14,BL-,#_,2,LMO,+,i,j,98,−,W,Ɉ,-2,−,0.5,+,1.0
14,BL-,#_,1,LMO,+,b,b,2,−,P,B,3,−,4,+,1.0
17,BL-,#_,1,LOG SRD,+,b,b,2,−,P,B,3,−,4,+,1.0
17,BL-,#_,2,LOG SRD,+,r,ɾ,83,−,L,D,0.75,−,0.875,+,1.0
6,BL-,#_,1,OCC,+,b,b,2,−,P,B,3,−,4,+,1.0
6,BL-,#_,2,OCC,+,l,l,85,+,LW,D,0.75,−,0.75,+,1.0
23,BL-,#_,1,PGL,,,,,,,,,,,,1.0
23,BL-,#_,2,PGL,+,j,j,98,−,W,Ɉ,-2,−,0.5,+,1.0
9,BL-,#_,2,QBC FRA,+,l,l,85,+,LW,D,0.75,−,0.75,+,1.0
9,BL-,#_,1,QBC FRA,+,b,b,2,−,P,B,3,−,4,+,1.0
15,BL-,#_,1,RMH,+,b,b,2,−,P,B,3,−,4,+,1.0
15,BL-,#_,2,RMH,+,l,l,85,+,LW,D,0.75,−,0.75,+,1.0
27,BL-,#_,2,ROM,+,l,l,85,+,LW,D,0.75,−,0.75,+,1.0
27,BL-,#_,1,ROM,+,b,b,2,−,P,B,3,−,4,+,1.0
24,BL-,#_,2,SCN,+,j,j,98,−,W,Ɉ,-2,−,0.5,+,1.0
24,BL-,#_,1,SCN,,,,,,,,,,,,1.0
4,BL-,#_,2,VAL,+,l,ɫ,87,+,LW,DQ,-1.1666666666666667,−,0.75,+,1.0
4,BL-,#_,1,VAL,+,b,b,2,−,P,B,3,−,4,+,1.0
25,BL-,#_,2,VEN,+,i,j,98,−,W,Ɉ,-2,−,0.5,+,1.0
25,BL-,#_,1,VEN,+,b,b,2,−,P,B,3,−,4,+,1.0
10,BL-,#_,1,WAL,+,b,b,2,−,P,B,3,−,4,+,1.0
10,BL-,#_,2,WAL,+,l,l,85,+,LW,D,0.75,−,0.75,+,1.0
21,TR-,#_,2,ABR,+,r,ɾ,83,−,L,D,0.75,−,0.875,+,1.0
21,TR-,#_,1,ABR,+,t,t̪,5,−,P,D,1.6666666666666667,−,4,−,1.0
1,TR-,#_,1,AMR ESP,+,t,t̪,5,−,P,D,1.6666666666666667,−,4,−,1.0
1,TR-,#_,2,AMR ESP,+,r,ɾ,83,−,L,D,0.75,−,0.875,+,1.0
31,TR-,#_,2,AND ESP,+,r,ɾ,83,−,L,D,0.75,−,0.875,+,1.0
31,TR-,#_,1,AND ESP,+,t,t̪,5,−,P,D,1.6666666666666667,−,4,−,1.0
32,TR-,#_,1,ARG,+,t,t̪,5,−,P,D,1.6666666666666667,−,4,−,1.0
32,TR-,#_,2,ARG,+,r,ɾ,83,−,L,D,0.75,−,0.875,+,1.0
26,TR-,#_,2,ARO,+,r,ɾ,83,−,L,D,0.75,−,0.875,+,1.0
26,TR-,#_,1,ARO,+,t,t̪,5,−,P,D,1.6666666666666667,−,4,−,1.0
11,TR-,#_,1,ARP,+,t,t̪,5,−,P,D,1.6666666666666667,−,4,−,1.0
11,TR-,#_,2,ARP,+,r,ɾ (ʀ),143,−,L,D (Q),-0.8333333333333334,−,1,+,1.0
29,TR-,#_,2,ASL,+,r,ɾ,83,−,L,D,0.75,−,0.875,+,1.0
29,TR-,#_,1,ASL,+,t,t̪,5,−,P,D,1.6666666666666667,−,4,−,1.0
5,TR-,#_,2,BAL,+,r,ɾ,83,−,L,D,0.75,−,0.875,+,1.0
5,TR-,#_,1,BAL,+,t,t̪,5,−,P,D,1.6666666666666667,−,4,−,1.0
0,TR-,#_,1,BR POR,+,t,t̪,5,−,P,D,1.6666666666666667,−,4,−,1.0
0,TR-,#_,2,BR POR,+,r,ɾ,83,−,L,D,0.75,−,0.875,+,1.0
22,TR-,#_,2,CAM,+,r,ɾ,83,−,L,D,0.75,−,0.875,+,1.0
22,TR-,#_,1,CAM,+,t,t̪,5,−,P,D,1.6666666666666667,−,4,−,1.0
30,TR-,#_,2,CAS ESP,+,r,ɾ,83,−,L,D,0.75,−,0.875,+,1.0
30,TR-,#_,1,CAS ESP,+,t,t̪,5,−,P,D,1.6666666666666667,−,4,−,1.0
3,TR-,#_,1,CAT,+,t,t̪,5,−,P,D,1.6666666666666667,−,4,−,1.0
3,TR-,#_,2,CAT,+,r,ɾ,83,−,L,D,0.75,−,0.875,+,1.0
19,TR-,#_,2,COR,+,r,ɾ~ɽ,146,−,L,D~Ɉ,-0.25,−,1.0625,+,1.0
19,TR-,#_,1,COR,+,t,t̪~ʈ,145,−,P,D~Ɉ,0.5416666666666667,−,4,−,1.0
18,TR-,#_,2,CPN SRD,+,r,ɾ,83,−,L,D,0.75,−,0.875,+,1.0
18,TR-,#_,1,CPN SRD,+,t,t̪,5,−,P,D,1.6666666666666667,−,4,−,1.0
8,TR-,#_,1,EU FRA,+,t,t̪,5,−,P,D,1.6666666666666667,−,4,−,1.0
8,TR-,#_,2,EU FRA,+,r,ʁ (ʀ),142,−,F (L),Q,-4,−,1.75,+,1.0
13,TR-,#_,1,EU POR,+,t,t̪,5,−,P,D,1.6666666666666667,−,4,−,1.0
13,TR-,#_,2,EU POR,+,r,ɾ,83,−,L,D,0.75,−,0.875,+,1.0
16,TR-,#_,2,FUR,+,r,ɾ,83,−,L,D,0.75,−,0.875,+,1.0
16,TR-,#_,1,FUR,+,t,t̪,5,−,P,D,1.6666666666666667,−,4,−,1.0
28,TR-,#_,1,GAL,+,t,t̪,5,−,P,D,1.6666666666666667,−,4,−,1.0
28,TR-,#_,2,GAL,+,r,ɾ,83,−,L,D,0.75,−,0.875,+,1.0
7,TR-,#_,1,GAS OCC,+,t,t̪,5,−,P,D,1.6666666666666667,−,4,−,1.0
7,TR-,#_,2,GAS OCC,+,r,ɾ,83,−,L,D,0.75,−,0.875,+,1.0
20,TR-,#_,1,ITA,+,t,t̪,5,−,P,D,1.6666666666666667,−,4,−,1.0
20,TR-,#_,2,ITA,+,r,ɾ,83,−,L,D,0.75,−,0.875,+,1.0
2,TR-,#_,1,LAT,+,T,t̪,5,−,P,D,1.6666666666666667,−,4,−,1.0
2,TR-,#_,2,LAT,+,R,ɾ,83,−,L,D,0.75,−,0.875,+,1.0
12,TR-,#_,1,LIG,+,t,t̪,5,−,P,D,1.6666666666666667,−,4,−,1.0
12,TR-,#_,2,LIG,+,r,ɾ,83,−,L,D,0.75,−,0.875,+,1.0
14,TR-,#_,2,LMO,+,r,ɾ,83,−,L,D,0.75,−,0.875,+,1.0
14,TR-,#_,1,LMO,+,t,t̪,5,−,P,D,1.6666666666666667,−,4,−,1.0
17,TR-,#_,2,LOG SRD,+,r,ɾ,83,−,L,D,0.75,−,0.875,+,1.0
17,TR-,#_,1,LOG SRD,+,t,t̪,5,−,P,D,1.6666666666666667,−,4,−,1.0
6,TR-,#_,2,OCC,+,r,ɾ (ʀ),143,−,L,D (Q),-0.8333333333333334,−,1,+,1.0
6,TR-,#_,1,OCC,+,t,t̪,5,−,P,D,1.6666666666666667,−,4,−,1.0
23,TR-,#_,1,PGL,+,t,t̪,5,−,P,D,1.6666666666666667,−,4,−,1.0
23,TR-,#_,2,PGL,+,r,ɾ,83,−,L,D,0.75,−,0.875,+,1.0
9,TR-,#_,2,QBC FRA,+,r,ʁ (ʀ),142,−,F (L),Q,-4,−,1.75,+,1.0
9,TR-,#_,1,QBC FRA,+,t,t̪,5,−,P,D,1.6666666666666667,−,4,−,1.0
15,TR-,#_,2,RMH,+,r,ɾ,83,−,L,D,0.75,−,0.875,+,1.0
15,TR-,#_,1,RMH,+,t,t̪,5,−,P,D,1.6666666666666667,−,4,−,1.0
27,TR-,#_,1,ROM,+,t,t̪,5,−,P,D,1.6666666666666667,−,4,−,1.0
27,TR-,#_,2,ROM,+,r,ɾ,83,−,L,D,0.75,−,0.875,+,1.0
24,TR-,#_,1,SCN,+,t,ʈ,13,−,P,Ɉ,-1.25,−,4,−,1.0
24,TR-,#_,2,SCN,+,r,ɽ,80,−,L,Ɉ,-1.25,−,1.25,+,1.0
4,TR-,#_,1,VAL,+,t,t̪,5,−,P,D,1.6666666666666667,−,4,−,1.0
4,TR-,#_,2,VAL,+,r,ɾ,83,−,L,D,0.75,−,0.875,+,1.0
25,TR-,#_,1,VEN,+,t,t̪,5,−,P,D,1.6666666666666667,−,4,−,1.0
25,TR-,#_,2,VEN,+,r,ɾ,83,−,L,D,0.75,−,0.875,+,1.0
10,TR-,#_,1,WAL,+,t,t̪,5,−,P,D,1.6666666666666667,−,4,−,1.0
10,TR-,#_,2,WAL,+,r,ʀ,81,−,L,Q,-4,−,1.25,+,1.0
21,DR-,#_,2,ABR,+,r,ɾ,83,−,L,D,0.75,−,0.875,+,1.0
21,DR-,#_,1,ABR,+,d,d̪,6,−,P,D,1.6666666666666667,−,4,+,1.0
1,DR-,#_,1,AMR ESP,+,d,d̪,6,−,P,D,1.6666666666666667,−,4,+,1.0
1,DR-,#_,2,AMR ESP,+,r,ɾ,83,−,L,D,0.75,−,0.875,+,1.0
31,DR-,#_,2,AND ESP,+,r,ɾ,83,−,L,D,0.75,−,0.875,+,1.0
31,DR-,#_,1,AND ESP,+,d,d̪,6,−,P,D,1.6666666666666667,−,4,+,1.0
32,DR-,#_,1,ARG,+,d,d̪,6,−,P,D,1.6666666666666667,−,4,+,1.0
32,DR-,#_,2,ARG,+,r,ɾ,83,−,L,D,0.75,−,0.875,+,1.0
26,DR-,#_,2,ARO,+,r,ɾ,83,−,L,D,0.75,−,0.875,+,1.0
26,DR-,#_,1,ARO,+,d,d̪,6,−,P,D,1.6666666666666667,−,4,+,1.0
11,DR-,#_,1,ARP,+,d,d̪,6,−,P,D,1.6666666666666667,−,4,+,1.0
11,DR-,#_,2,ARP,+,r,ɾ (ʀ),143,−,L,D (Q),-0.8333333333333334,−,1,+,1.0
29,DR-,#_,2,ASL,+,r,ɾ,83,−,L,D,0.75,−,0.875,+,1.0
29,DR-,#_,1,ASL,+,d,d̪,6,−,P,D,1.6666666666666667,−,4,+,1.0
5,DR-,#_,2,BAL,+,r,ɾ,83,−,L,D,0.75,−,0.875,+,1.0
5,DR-,#_,1,BAL,+,d,d̪,6,−,P,D,1.6666666666666667,−,4,+,1.0
0,DR-,#_,1,BR POR,+,d,d̪,6,−,P,D,1.6666666666666667,−,4,+,1.0
0,DR-,#_,2,BR POR,+,r,ɾ,83,−,L,D,0.75,−,0.875,+,1.0
22,DR-,#_,2,CAM,+,r,ɾ,83,−,L,D,0.75,−,0.875,+,1.0
22,DR-,#_,1,CAM,+,d,d̪,6,−,P,D,1.6666666666666667,−,4,+,1.0
30,DR-,#_,2,CAS ESP,+,r,ɾ,83,−,L,D,0.75,−,0.875,+,1.0
30,DR-,#_,1,CAS ESP,+,d,d̪,6,−,P,D,1.6666666666666667,−,4,+,1.0
3,DR-,#_,1,CAT,+,d,d̪,6,−,P,D,1.6666666666666667,−,4,+,1.0
3,DR-,#_,2,CAT,+,r,ɾ,83,−,L,D,0.75,−,0.875,+,1.0
19,DR-,#_,2,COR,+,r,ɾ~ɽ,146,−,L,D~Ɉ,-0.25,−,1.0625,+,1.0
19,DR-,#_,1,COR,+,d,d̪~ɖ,147,−,P,D~Ɉ,0.5416666666666667,−,4,+,1.0
18,DR-,#_,2,CPN SRD,+,r,ɾ,83,−,L,D,0.75,−,0.875,+,1.0
18,DR-,#_,1,CPN SRD,+,d,d̪,6,−,P,D,1.6666666666666667,−,4,+,1.0
8,DR-,#_,1,EU FRA,+,d,d̪,6,−,P,D,1.6666666666666667,−,4,+,1.0
8,DR-,#_,2,EU FRA,+,r,ʁ (ʀ),142,−,F (L),Q,-4,−,1.75,+,1.0
13,DR-,#_,1,EU POR,+,d,d̪,6,−,P,D,1.6666666666666667,−,4,+,1.0
13,DR-,#_,2,EU POR,+,r,ɾ,83,−,L,D,0.75,−,0.875,+,1.0
16,DR-,#_,2,FUR,+,r,ɾ,83,−,L,D,0.75,−,0.875,+,1.0
16,DR-,#_,1,FUR,+,d,d̪,6,−,P,D,1.6666666666666667,−,4,+,1.0
28,DR-,#_,1,GAL,+,d,d̪,6,−,P,D,1.6666666666666667,−,4,+,1.0
28,DR-,#_,2,GAL,+,r,ɾ,83,−,L,D,0.75,−,0.875,+,1.0
7,DR-,#_,1,GAS OCC,+,d,d̪,6,−,P,D,1.6666666666666667,−,4,+,1.0
7,DR-,#_,2,GAS OCC,+,r,ɾ,83,−,L,D,0.75,−,0.875,+,1.0
20,DR-,#_,1,ITA,+,d,d̪,6,−,P,D,1.6666666666666667,−,4,+,1.0
20,DR-,#_,2,ITA,+,r,ɾ,83,−,L,D,0.75,−,0.875,+,1.0
2,DR-,#_,1,LAT,+,D,d̪,6,−,P,D,1.6666666666666667,−,4,+,1.0
2,DR-,#_,2,LAT,+,R,ɾ,83,−,L,D,0.75,−,0.875,+,1.0
12,DR-,#_,1,LIG,+,d,d̪,6,−,P,D,1.6666666666666667,−,4,+,1.0
12,DR-,#_,2,LIG,+,r,ɾ,83,−,L,D,0.75,−,0.875,+,1.0
14,DR-,#_,2,LMO,+,r,ɾ,83,−,L,D,0.75,−,0.875,+,1.0
14,DR-,#_,1,LMO,+,d,d̪,6,−,P,D,1.6666666666666667,−,4,+,1.0
17,DR-,#_,2,LOG SRD,+,r,ɾ,83,−,L,D,0.75,−,0.875,+,1.0
17,DR-,#_,1,LOG SRD,+,d,d̪,6,−,P,D,1.6666666666666667,−,4,+,1.0
6,DR-,#_,2,OCC,+,r,ɾ (ʀ),143,−,L,D (Q),-0.8333333333333334,−,1,+,1.0
6,DR-,#_,1,OCC,+,d,d̪,6,−,P,D,1.6666666666666667,−,4,+,1.0
23,DR-,#_,1,PGL,+,d,d̪,6,−,P,D,1.6666666666666667,−,4,+,1.0
23,DR-,#_,2,PGL,+,r,ɾ,83,−,L,D,0.75,−,0.875,+,1.0
9,DR-,#_,2,QBC FRA,+,r,ʁ (ʀ),142,−,F (L),Q,-4,−,1.75,+,1.0
9,DR-,#_,1,QBC FRA,+,d,d̪,6,−,P,D,1.6666666666666667,−,4,+,1.0
15,DR-,#_,2,RMH,+,r,ɾ,83,−,L,D,0.75,−,0.875,+,1.0
15,DR-,#_,1,RMH,+,d,d̪,6,−,P,D,1.6666666666666667,−,4,+,1.0
27,DR-,#_,1,ROM,+,d,d̪,6,−,P,D,1.6666666666666667,−,4,+,1.0
27,DR-,#_,2,ROM,+,r,ɾ,83,−,L,D,0.75,−,0.875,+,1.0
24,DR-,#_,1,SCN,+,d,ɖ,14,−,P,Ɉ,-1.25,−,4,+,1.0
24,DR-,#_,2,SCN,+,r,ɽ,80,−,L,Ɉ,-1.25,−,1.25,+,1.0
4,DR-,#_,1,VAL,+,d,d̪,6,−,P,D,1.6666666666666667,−,4,+,1.0
4,DR-,#_,2,VAL,+,r,ɾ,83,−,L,D,0.75,−,0.875,+,1.0
25,DR-,#_,1,VEN,+,d,d̪,6,−,P,D,1.6666666666666667,−,4,+,1.0
25,DR-,#_,2,VEN,+,r,ɾ,83,−,L,D,0.75,−,0.875,+,1.0
10,DR-,#_,1,WAL,+,d,d̪,6,−,P,D,1.6666666666666667,−,4,+,1.0
10,DR-,#_,2,WAL,+,r,ʀ,81,−,L,Q,-4,−,1.25,+,1.0
21,CR-,#_,2,ABR,+,r,ɾ,83,−,L,D,0.75,−,0.875,+,1.0
21,CR-,#_,1,ABR,+,c,k,19,−,P,K,-3,−,4,−,1.0
1,CR-,#_,1,AMR ESP,+,c,k,19,−,P,K,-3,−,4,−,1.0
1,CR-,#_,2,AMR ESP,+,r,ɾ,83,−,L,D,0.75,−,0.875,+,1.0
31,CR-,#_,2,AND ESP,+,r,ɾ,83,−,L,D,0.75,−,0.875,+,1.0
31,CR-,#_,1,AND ESP,+,c,k,19,−,P,K,-3,−,4,−,1.0
32,CR-,#_,1,ARG,+,c,k,19,−,P,K,-3,−,4,−,1.0
32,CR-,#_,2,ARG,+,r,ɾ,83,−,L,D,0.75,−,0.875,+,1.0
26,CR-,#_,2,ARO,+,r,ɾ,83,−,L,D,0.75,−,0.875,+,1.0
26,CR-,#_,1,ARO,+,c,k,19,−,P,K,-3,−,4,−,1.0
11,CR-,#_,1,ARP,+,c,k,19,−,P,K,-3,−,4,−,1.0
11,CR-,#_,2,ARP,+,r,ɾ (ʀ),143,−,L,D (Q),-0.8333333333333334,−,1,+,1.0
29,CR-,#_,2,ASL,+,r,ɾ,83,−,L,D,0.75,−,0.875,+,1.0
29,CR-,#_,1,ASL,+,c,k,19,−,P,K,-3,−,4,−,1.0
5,CR-,#_,2,BAL,+,r,ɾ,83,−,L,D,0.75,−,0.875,+,1.0
5,CR-,#_,1,BAL,+,c,k,19,−,P,K,-3,−,4,−,1.0
0,CR-,#_,1,BR POR,+,c,k,19,−,P,K,-3,−,4,−,1.0
0,CR-,#_,2,BR POR,+,r,ɾ,83,−,L,D,0.75,−,0.875,+,1.0
22,CR-,#_,2,CAM,+,r,ɾ,83,−,L,D,0.75,−,0.875,+,1.0
22,CR-,#_,1,CAM,+,c,k,19,−,P,K,-3,−,4,−,1.0
30,CR-,#_,2,CAS ESP,+,r,ɾ,83,−,L,D,0.75,−,0.875,+,1.0
30,CR-,#_,1,CAS ESP,+,c,k,19,−,P,K,-3,−,4,−,1.0
3,CR-,#_,1,CAT,+,c,k,19,−,P,K,-3,−,4,−,1.0
3,CR-,#_,2,CAT,+,r,ɾ,83,−,L,D,0.75,−,0.875,+,1.0
19,CR-,#_,2,COR,+,r,ɾ,83,−,L,D,0.75,−,0.875,+,1.0
19,CR-,#_,1,COR,+,c,k,19,−,P,K,-3,−,4,−,1.0
18,CR-,#_,2,CPN SRD,+,r,ɾ,83,−,L,D,0.75,−,0.875,+,1.0
18,CR-,#_,1,CPN SRD,+,c,k,19,−,P,K,-3,−,4,−,1.0
8,CR-,#_,1,EU FRA,+,c,k,19,−,P,K,-3,−,4,−,1.0
8,CR-,#_,2,EU FRA,+,r,ʁ (ʀ),142,−,F (L),Q,-4,−,1.75,+,1.0
13,CR-,#_,1,EU POR,+,c,k,19,−,P,K,-3,−,4,−,1.0
13,CR-,#_,2,EU POR,+,r,ɾ,83,−,L,D,0.75,−,0.875,+,1.0
16,CR-,#_,2,FUR,+,r,ɾ,83,−,L,D,0.75,−,0.875,+,1.0
16,CR-,#_,1,FUR,+,c,k,19,−,P,K,-3,−,4,−,1.0
28,CR-,#_,1,GAL,+,c,k,19,−,P,K,-3,−,4,−,1.0
28,CR-,#_,2,GAL,+,r,ɾ,83,−,L,D,0.75,−,0.875,+,1.0
7,CR-,#_,1,GAS OCC,+,c,k,19,−,P,K,-3,−,4,−,1.0
7,CR-,#_,2,GAS OCC,+,r,ɾ,83,−,L,D,0.75,−,0.875,+,1.0
20,CR-,#_,1,ITA,+,c,k,19,−,P,K,-3,−,4,−,1.0
20,CR-,#_,2,ITA,+,r,ɾ,83,−,L,D,0.75,−,0.875,+,1.0
2,CR-,#_,1,LAT,+,C,k,19,−,P,K,-3,−,4,−,1.0
2,CR-,#_,2,LAT,+,R,ɾ,83,−,L,D,0.75,−,0.875,+,1.0
12,CR-,#_,1,LIG,+,c,k,19,−,P,K,-3,−,4,−,1.0
12,CR-,#_,2,LIG,+,r,ɾ,83,−,L,D,0.75,−,0.875,+,1.0
14,CR-,#_,2,LMO,+,r,ɾ,83,−,L,D,0.75,−,0.875,+,1.0
14,CR-,#_,1,LMO,+,c,k,19,−,P,K,-3,−,4,−,1.0
17,CR-,#_,2,LOG SRD,+,r,ɾ,83,−,L,D,0.75,−,0.875,+,1.0
17,CR-,#_,1,LOG SRD,+,c,k,19,−,P,K,-3,−,4,−,1.0
6,CR-,#_,2,OCC,+,r,ɾ (ʀ),143,−,L,D (Q),-0.8333333333333334,−,1,+,1.0
6,CR-,#_,1,OCC,+,c,k,19,−,P,K,-3,−,4,−,1.0
23,CR-,#_,1,PGL,+,c,k,19,−,P,K,-3,−,4,−,1.0
23,CR-,#_,2,PGL,+,r,ɾ,83,−,L,D,0.75,−,0.875,+,1.0
9,CR-,#_,2,QBC FRA,+,r,ʁ (ʀ),142,−,F (L),Q,-4,−,1.75,+,1.0
9,CR-,#_,1,QBC FRA,+,c,k,19,−,P,K,-3,−,4,−,1.0
15,CR-,#_,2,RMH,+,r,ɾ,83,−,L,D,0.75,−,0.875,+,1.0
15,CR-,#_,1,RMH,+,c,k,19,−,P,K,-3,−,4,−,1.0
27,CR-,#_,1,ROM,+,c,k,19,−,P,K,-3,−,4,−,1.0
27,CR-,#_,2,ROM,+,r,ɾ,83,−,L,D,0.75,−,0.875,+,1.0
24,CR-,#_,1,SCN,+,c,k,19,−,P,K,-3,−,4,−,1.0
24,CR-,#_,2,SCN,+,r,ɾ,83,−,L,D,0.75,−,0.875,+,1.0
4,CR-,#_,1,VAL,+,c,k,19,−,P,K,-3,−,4,−,1.0
4,CR-,#_,2,VAL,+,r,ɾ,83,−,L,D,0.75,−,0.875,+,1.0
25,CR-,#_,1,VEN,+,c,k,19,−,P,K,-3,−,4,−,1.0
25,CR-,#_,2,VEN,+,r,ɾ,83,−,L,D,0.75,−,0.875,+,1.0
10,CR-,#_,1,WAL,+,c,k,19,−,P,K,-3,−,4,−,1.0
10,CR-,#_,2,WAL,+,r,ʀ,81,−,L,Q,-4,−,1.25,+,1.0
21,CL-,#_,2,ABR,,,,,,,,,,,,1.0
21,CL-,#_,1,ABR,+,chi,c,17,−,P,Ɉ,-2,−,4,−,1.0
1,CL-,#_,1,AMR ESP,,,,,,,,,,,,1.0
1,CL-,#_,2,AMR ESP,+,ll,ɟ͡ʝ,39,−,P͡F,Ɉ,-2,−,3,+,1.0
34,CL-,#_,2,AND ESP,+,ll,ɟ͡ʝ,39,−,P͡F,Ɉ,-2,−,3,+,1.0
34,CL-,#_,1,AND ESP,,,,,,,,,,,,1.0
35,CL-,#_,1,ARG,+,c,k,19,−,P,K,-3,−,4,−,1.0
35,CL-,#_,2,ARG,+,l (ll),l (ȴ),130,+,LW,D (Ɉ),0.5625,−,0.75,+,1.0
26,CL-,#_,2,ARO,+,lj,ʎ,90,+,L,Ɉ,-2,−,0.75,+,1.0
26,CL-,#_,1,ARO,+,c,k,19,−,P,K,-3,−,4,−,1.0
11,CL-,#_,1,ARP,+,c,ȶ~k,148,−,P,Ɉ~K,-1.5,−,4,−,1.0
11,CL-,#_,2,ARP,+,ll,l~j,149,+/−,LW~W,D~Ɉ,-0.625,−,0.5416666666666666,+,1.0
32,CL-,#_,2,ASL,+,ll (ḷḷ),ȴ[ʎ̟] (ʈ͡ʂ),129,+ (−),LW (P͡F),Ɉ,-0.4166666666666667,− (+),1.5,+ (−),1.0
32,CL-,#_,1,ASL,,,,,,,,,,,,1.0
5,CL-,#_,2,BAL,+,l,ʟ,140,+,LW,K,-3,−,0.75,+,1.0
5,CL-,#_,1,BAL,+,c,k,19,−,P,K,-3,−,4,−,1.0
0,CL-,#_,1,BR POR,+,ch,ʃ,56,−,F,Ɉ,-0.5,+,2,−,1.0
0,CL-,#_,2,BR POR,,,,,,,,,,,,1.0
22,CL-,#_,2,CAM,,,,,,,,,,,,1.0
22,CL-,#_,1,CAM,+,chi,c,17,−,P,Ɉ,-2,−,4,−,1.0
33,CL-,#_,2,CAS ESP,+,ll,ʎ,90,+,L,Ɉ,-2,−,0.75,+,1.0
33,CL-,#_,1,CAS ESP,,,,,,,,,,,,1.0
3,CL-,#_,1,CAT,+,c,k,19,−,P,K,-3,−,4,−,1.0
3,CL-,#_,2,CAT,+,l,l,85,+,LW,D,0.75,−,0.75,+,1.0
19,CL-,#_,2,COR,,,,,,,,,,,,1.0
19,CL-,#_,1,COR,+,chj,c,17,−,P,Ɉ,-2,−,4,−,1.0
18,CL-,#_,2,CPN SRD,+,r,ɾ,83,−,L,D,0.75,−,0.875,+,1.0
18,CL-,#_,1,CPN SRD,+,c,k,19,−,P,K,-3,−,4,−,1.0
8,CL-,#_,1,EU FRA,+,c,k,19,−,P,K,-3,−,4,−,1.0
8,CL-,#_,2,EU FRA,+,l,l,85,+,LW,D,0.75,−,0.75,+,1.0
29,CL-,#_,2,EU FRA,+,l,l,85,+,LW,D,0.75,−,0.75,+,2.0
29,CL-,#_,1,EU FRA,+,g,ɡ,20,−,P,K,-3,−,4,+,2.0
13,CL-,#_,1,EU POR,+,ch,ʃ,56,−,F,Ɉ,-0.5,+,2,−,1.0
13,CL-,#_,2,EU POR,,,,,,,,,,,,1.0
16,CL-,#_,2,FUR,+,l,l,85,+,LW,D,0.75,−,0.75,+,1.0
16,CL-,#_,1,FUR,+,c,k,19,−,P,K,-3,−,4,−,1.0
31,CL-,#_,1,GAL,+,ch,t̠͡ʃ,34,−,P͡F,Ɉ,-0.5,+,3,−,1.0
31,CL-,#_,2,GAL,,,,,,,,,,,,1.0
7,CL-,#_,1,GAS OCC,+,c,k,19,−,P,K,-3,−,4,−,1.0
7,CL-,#_,2,GAS OCC,+,l,l,85,+,LW,D,0.75,−,0.75,+,1.0
20,CL-,#_,2,ITA,+,i,j,98,−,W,Ɉ,-2,−,0.5,+,1.0
20,CL-,#_,1,ITA,+,ch,k,19,−,P,K,-3,−,4,−,1.0
2,CL-,#_,2,LAT,+,L,ɫ̪,87,+,LW,DQ,-1.1666666666666667,−,0.75,+,1.0
2,CL-,#_,1,LAT,+,C,k,19,−,P,K,-3,−,4,−,1.0
30,CL-,#_,1,LAT,+,C,k,19,−,P,K,-3,−,4,−,2.0
30,CL-,#_,2,LAT,+,L,l̪ʲ,139,+,LW,Ɉ,-0.16666666666666666,−,0.75,+,2.0
12,CL-,#_,1,LIG,+,ci,t̠͡ʃ,34,−,P͡F,Ɉ,-0.5,+,3,−,1.0
12,CL-,#_,2,LIG,,,,,,,,,,,,1.0
14,CL-,#_,2,LMO,,,,,,,,,,,,1.0
14,CL-,#_,1,LMO,+,ci,t̠͡ʃ,34,−,P͡F,Ɉ,-0.5,+,3,−,1.0
17,CL-,#_,2,LOG SRD,+,r,ɾ,83,−,L,D,0.75,−,0.875,+,1.0
17,CL-,#_,1,LOG SRD,+,c,k,19,−,P,K,-3,−,4,−,1.0
6,CL-,#_,2,OCC,+,l,l,85,+,LW,D,0.75,−,0.75,+,1.0
6,CL-,#_,1,OCC,+,c,k,19,−,P,K,-3,−,4,−,1.0
23,CL-,#_,2,PGL,,,,,,,,,,,,1.0
23,CL-,#_,1,PGL,+,chi,c,17,−,P,Ɉ,-2,−,4,−,1.0
9,CL-,#_,1,QBC FRA,+,c,k,19,−,P,K,-3,−,4,−,1.0
9,CL-,#_,2,QBC FRA,+,l,l,85,+,LW,D,0.75,−,0.75,+,1.0
15,CL-,#_,2,RMH,+,l,l,85,+,LW,D,0.75,−,0.75,+,1.0
15,CL-,#_,1,RMH,+,c,k,19,−,P,K,-3,−,4,−,1.0
27,CL-,#_,1,ROM,+,ch,k~c,150,−,P,K~Ɉ,-2.5,−,4,−,1.0
27,CL-,#_,2,ROM,+,i,j~∅,151,−,W~∅,Ɉ,-2,−,0.16666666666666666,+/−,1.0
24,CL-,#_,2,SCN,,,,,,,,,,,,1.0
24,CL-,#_,1,SCN,+,chi,c,17,−,P,Ɉ,-2,−,4,−,1.0
4,CL-,#_,2,VAL,+,l,ɫ,87,+,LW,DQ,-1.1666666666666667,−,0.75,+,1.0
4,CL-,#_,1,VAL,+,c,k,19,−,P,K,-3,−,4,−,1.0
25,CL-,#_,2,VEN,,,,,,,,,,,,1.0
25,CL-,#_,1,VEN,+,ci,t̠͡ʃ,34,−,P͡F,Ɉ,-0.5,+,3,−,1.0
10,CL-,#_,1,WAL,+,c,k,19,−,P,K,-3,−,4,−,1.0
10,CL-,#_,2,WAL,+,l,l,85,+,LW,D,0.75,−,0.75,+,1.0
21,QU-,ˈ#_a,2,ABR,+,u,w,97,−,W,BK,0,−,0.5,+,1.0
21,QU-,ˈ#_a,1,ABR,+,q,k,19,−,P,K,-3,−,4,−,1.0
1,QU-,ˈ#_a,1,AMR ESP,+,c,k,19,−,P,K,-3,−,4,−,1.0
1,QU-,ˈ#_a,2,AMR ESP,+,u,w,97,−,W,BK,0,−,0.5,+,1.0
36,QU-,ˈ#_a,2,AND ESP,+,u,w,97,−,W,BK,0,−,0.5,+,1.0
36,QU-,ˈ#_a,1,AND ESP,+,c,k,19,−,P,K,-3,−,4,−,1.0
37,QU-,ˈ#_a,1,ARG,+,q,k,19,−,P,K,-3,−,4,−,1.0
37,QU-,ˈ#_a,2,ARG,+,u,w,97,−,W,BK,0,−,0.5,+,1.0
26,QU-,ˈ#_a,1,ARO,+,p,p,1,−,P,B,3,−,4,−,1.0
31,QU-,ˈ#_a,2,ARO,,,,,,,,,,,,2.0
26,QU-,ˈ#_a,2,ARO,,,,,,,,,,,,1.0
31,QU-,ˈ#_a,1,ARO,+,c,k,19,−,P,K,-3,−,4,−,2.0
11,QU-,ˈ#_a,1,ARP,+,qu,k,19,−,P,K,-3,−,4,−,1.0
11,QU-,ˈ#_a,2,ARP,,,,,,,,,,,,1.0
34,QU-,ˈ#_a,1,ASL,+,c,k,19,−,P,K,-3,−,4,−,1.0
34,QU-,ˈ#_a,2,ASL,+,u,w,97,−,W,BK,0,−,0.5,+,1.0
5,QU-,ˈ#_a,1,BAL,+,q,k,19,−,P,K,-3,−,4,−,1.0
5,QU-,ˈ#_a,2,BAL,+,u,w,97,−,W,BK,0,−,0.5,+,1.0
0,QU-,ˈ#_a,2,BR POR,+,u,w,97,−,W,BK,0,−,0.5,+,1.0
0,QU-,ˈ#_a,1,BR POR,+,q,k,19,−,P,K,-3,−,4,−,1.0
22,QU-,ˈ#_a,2,CAM,+,u,w,97,−,W,BK,0,−,0.5,+,1.0
22,QU-,ˈ#_a,1,CAM,+,q,k,19,−,P,K,-3,−,4,−,1.0
35,QU-,ˈ#_a,1,CAS ESP,+,c,k,19,−,P,K,-3,−,4,−,1.0
35,QU-,ˈ#_a,2,CAS ESP,+,u,w,97,−,W,BK,0,−,0.5,+,1.0
3,QU-,ˈ#_a,1,CAT,+,q,k,19,−,P,K,-3,−,4,−,1.0
3,QU-,ˈ#_a,2,CAT,+,u,w,97,−,W,BK,0,−,0.5,+,1.0
19,QU-,ˈ#_a,2,COR,,,,,,,,,,,,1.0
19,QU-,ˈ#_a,1,COR,+,qu,kʷ,15,−,P,BK,-1,−,4,−,1.0
18,QU-,ˈ#_a,2,CPN SRD,+,u,w,97,−,W,BK,0,−,0.5,+,1.0
30,QU-,ˈ#_a,1,CPN SRD,+,c,k,19,−,P,K,-3,−,4,−,2.0
30,QU-,ˈ#_a,2,CPN SRD,,,,,,,,,,,,2.0
18,QU-,ˈ#_a,1,CPN SRD,+,c,k,19,−,P,K,-3,−,4,−,1.0
8,QU-,ˈ#_a,1,EU FRA,+,qu,k,19,−,P,K,-3,−,4,−,1.0
8,QU-,ˈ#_a,2,EU FRA,,,,,,,,,,,,1.0
13,QU-,ˈ#_a,2,EU POR,+,u,w,97,−,W,BK,0,−,0.5,+,1.0
13,QU-,ˈ#_a,1,EU POR,+,q,k,19,−,P,K,-3,−,4,−,1.0
16,QU-,ˈ#_a,1,FUR,+,c,k,19,−,P,K,-3,−,4,−,1.0
16,QU-,ˈ#_a,2,FUR,+,u,w,97,−,W,BK,0,−,0.5,+,1.0
33,QU-,ˈ#_a,1,GAL,+,c,k,19,−,P,K,-3,−,4,−,1.0
33,QU-,ˈ#_a,2,GAL,+/−,u/∅,w~∅,134,−,W~∅,BK,0,−,0.16666666666666666,+/−,1.0
7,QU-,ˈ#_a,1,GAS OCC,+,q,k,19,−,P,K,-3,−,4,−,1.0
7,QU-,ˈ#_a,2,GAS OCC,+,u,w,97,−,W,BK,0,−,0.5,+,1.0
20,QU-,ˈ#_a,1,ITA,+,q,k,19,−,P,K,-3,−,4,−,1.0
20,QU-,ˈ#_a,2,ITA,+,u,w,97,−,W,BK,0,−,0.5,+,1.0
2,QU-,ˈ#_a,1,LAT,+,QV,kʷ,15,−,P,BK,-1,−,4,−,1.0
2,QU-,ˈ#_a,2,LAT,,,,,,,,,,,,1.0
12,QU-,ˈ#_a,1,LIG,+,q,k,19,−,P,K,-3,−,4,−,1.0
12,QU-,ˈ#_a,2,LIG,+,u,w,97,−,W,BK,0,−,0.5,+,1.0
14,QU-,ˈ#_a,2,LMO,+,u,w,97,−,W,BK,0,−,0.5,+,1.0
14,QU-,ˈ#_a,1,LMO,+,q,k,19,−,P,K,-3,−,4,−,1.0
29,QU-,ˈ#_a,1,LOG SRD,+,c,k,19,−,P,K,-3,−,4,−,2.0
17,QU-,ˈ#_a,2,LOG SRD,,,,,,,,,,,,1.0
17,QU-,ˈ#_a,1,LOG SRD,+,b,b,2,−,P,B,3,−,4,+,1.0
29,QU-,ˈ#_a,2,LOG SRD,,,,,,,,,,,,2.0
6,QU-,ˈ#_a,2,OCC,,,,,,,,,,,,1.0
6,QU-,ˈ#_a,1,OCC,+,qu,k,19,−,P,K,-3,−,4,−,1.0
23,QU-,ˈ#_a,2,PGL,+,u,w,97,−,W,BK,0,−,0.5,+,1.0
23,QU-,ˈ#_a,1,PGL,+,q,k,19,−,P,K,-3,−,4,−,1.0
9,QU-,ˈ#_a,1,QBC FRA,+,qu,k,19,−,P,K,-3,−,4,−,1.0
9,QU-,ˈ#_a,2,QBC FRA,,,,,,,,,,,,1.0
15,QU-,ˈ#_a,1,RMH,+,q,k,19,−,P,K,-3,−,4,−,1.0
15,QU-,ˈ#_a,2,RMH,+,u,w,97,−,W,BK,0,−,0.5,+,1.0
32,QU-,ˈ#_a,1,ROM,+,c,k,19,−,P,K,-3,−,4,−,2.0
27,QU-,ˈ#_a,2,ROM,,,,,,,,,,,,1.0
32,QU-,ˈ#_a,2,ROM,,,,,,,,,,,,2.0
27,QU-,ˈ#_a,1,ROM,+,p,p,1,−,P,B,3,−,4,−,1.0
24,QU-,ˈ#_a,2,SCN,+,u,w,97,−,W,BK,0,−,0.5,+,1.0
24,QU-,ˈ#_a,1,SCN,+,q,k,19,−,P,K,-3,−,4,−,1.0
4,QU-,ˈ#_a,1,VAL,+,q,k,19,−,P,K,-3,−,4,−,1.0
4,QU-,ˈ#_a,2,VAL,+,u,w,97,−,W,BK,0,−,0.5,+,1.0
25,QU-,ˈ#_a,2,VEN,+,u,w,97,−,W,BK,0,−,0.5,+,1.0
25,QU-,ˈ#_a,1,VEN,+,c,k,19,−,P,K,-3,−,4,−,1.0
10,QU-,ˈ#_a,1,WAL,+,c,k,19,−,P,K,-3,−,4,−,1.0
10,QU-,ˈ#_a,2,WAL,+/−,w,w~∅,134,−,W~∅,BK,0,−,0.16666666666666666,+/−,1.0
21,QU-,#_aˈ,2,ABR,+,u,w,97,−,W,BK,0,−,0.5,+,1.0
21,QU-,#_aˈ,1,ABR,+,q,k,19,−,P,K,-3,−,4,−,1.0
1,QU-,#_aˈ,1,AMR ESP,+,c,k,19,−,P,K,-3,−,4,−,1.0
1,QU-,#_aˈ,2,AMR ESP,,,,,,,,,,,,1.0
37,QU-,#_aˈ,2,AND ESP,,,,,,,,,,,,1.0
37,QU-,#_aˈ,1,AND ESP,+,c,k,19,−,P,K,-3,−,4,−,1.0
38,QU-,#_aˈ,1,ARG,+,c,k,19,−,P,K,-3,−,4,−,1.0
38,QU-,#_aˈ,2,ARG,,,,,,,,,,,,1.0
26,QU-,#_aˈ,1,ARO,+,p,p,1,−,P,B,3,−,4,−,1.0
26,QU-,#_aˈ,2,ARO,,,,,,,,,,,,1.0
11,QU-,#_aˈ,1,ARP,+,qu,k,19,−,P,K,-3,−,4,−,1.0
11,QU-,#_aˈ,2,ARP,,,,,,,,,,,,1.0
35,QU-,#_aˈ,2,ASL,,,,,,,,,,,,1.0
35,QU-,#_aˈ,1,ASL,+,c,k,19,−,P,K,-3,−,4,−,1.0
31,QU-,#_aˈ,1,BAL,+,q,k,19,−,P,K,-3,−,4,−,2.0
5,QU-,#_aˈ,1,BAL,+,c,k,19,−,P,K,-3,−,4,−,1.0
5,QU-,#_aˈ,2,BAL,,,,,,,,,,,,1.0
31,QU-,#_aˈ,2,BAL,+,u,w,97,−,W,BK,0,−,0.5,+,2.0
0,QU-,#_aˈ,2,BR POR,,,,,,,,,,,,1.0
0,QU-,#_aˈ,1,BR POR,+,c,k,19,−,P,K,-3,−,4,−,1.0
22,QU-,#_aˈ,1,CAM,+,q,k,19,−,P,K,-3,−,4,−,1.0
22,QU-,#_aˈ,2,CAM,+,u,w,97,−,W,BK,0,−,0.5,+,1.0
36,QU-,#_aˈ,1,CAS ESP,+,c,k,19,−,P,K,-3,−,4,−,1.0
36,QU-,#_aˈ,2,CAS ESP,,,,,,,,,,,,1.0
29,QU-,#_aˈ,1,CAT,+,q,k,19,−,P,K,-3,−,4,−,2.0
3,QU-,#_aˈ,1,CAT,+,c,k,19,−,P,K,-3,−,4,−,1.0
29,QU-,#_aˈ,2,CAT,+,u,w,97,−,W,BK,0,−,0.5,+,2.0
3,QU-,#_aˈ,2,CAT,,,,,,,,,,,,1.0
19,QU-,#_aˈ,2,COR,,,,,,,,,,,,1.0
19,QU-,#_aˈ,1,COR,+,qu,kʷ,15,−,P,BK,-1,−,4,−,1.0
18,QU-,#_aˈ,2,CPN SRD,,,,,,,,,,,,1.0
18,QU-,#_aˈ,1,CPN SRD,+,c,k,19,−,P,K,-3,−,4,−,1.0
8,QU-,#_aˈ,1,EU FRA,+,qu,k,19,−,P,K,-3,−,4,−,1.0
8,QU-,#_aˈ,2,EU FRA,,,,,,,,,,,,1.0
13,QU-,#_aˈ,1,EU POR,+,c,k,19,−,P,K,-3,−,4,−,1.0
13,QU-,#_aˈ,2,EU POR,,,,,,,,,,,,1.0
33,QU-,#_aˈ,2,FUR,+/−,u,w~∅,134,−,W~∅,BK,0,−,0.16666666666666666,+/−,2.0
33,QU-,#_aˈ,1,FUR,+,c,k,19,−,P,K,-3,−,4,−,2.0
16,QU-,#_aˈ,2,FUR,,,,,,,,,,,,1.0
16,QU-,#_aˈ,1,FUR,+,c,k,19,−,P,K,-3,−,4,−,1.0
34,QU-,#_aˈ,2,GAL,,,,,,,,,,,,1.0
34,QU-,#_aˈ,1,GAL,+,c,k,19,−,P,K,-3,−,4,−,1.0
7,QU-,#_aˈ,1,GAS OCC,+,c,k,19,−,P,K,-3,−,4,−,1.0
7,QU-,#_aˈ,2,GAS OCC,,,,,,,,,,,,1.0
20,QU-,#_aˈ,1,ITA,+,q,k,19,−,P,K,-3,−,4,−,1.0
20,QU-,#_aˈ,2,ITA,+,u,w,97,−,W,BK,0,−,0.5,+,1.0
2,QU-,#_aˈ,2,LAT,,,,,,,,,,,,1.0
2,QU-,#_aˈ,1,LAT,+,QV,kʷ,15,−,P,BK,-1,−,4,−,1.0
12,QU-,#_aˈ,1,LIG,+,q,k,19,−,P,K,-3,−,4,−,1.0
12,QU-,#_aˈ,2,LIG,+,u,w,97,−,W,BK,0,−,0.5,+,1.0
14,QU-,#_aˈ,1,LMO,+,q,k,19,−,P,K,-3,−,4,−,1.0
14,QU-,#_aˈ,2,LMO,+,u,w,97,−,W,BK,0,−,0.5,+,1.0
17,QU-,#_aˈ,2,LOG SRD,,,,,,,,,,,,1.0
17,QU-,#_aˈ,1,LOG SRD,+,b,b,2,−,P,B,3,−,4,+,1.0
6,QU-,#_aˈ,1,OCC,+,c,k,19,−,P,K,-3,−,4,−,1.0
6,QU-,#_aˈ,2,OCC,,,,,,,,,,,,1.0
23,QU-,#_aˈ,1,PGL,+,q,k,19,−,P,K,-3,−,4,−,1.0
23,QU-,#_aˈ,2,PGL,+,u,w,97,−,W,BK,0,−,0.5,+,1.0
9,QU-,#_aˈ,1,QBC FRA,+,qu,k,19,−,P,K,-3,−,4,−,1.0
9,QU-,#_aˈ,2,QBC FRA,,,,,,,,,,,,1.0
15,QU-,#_aˈ,2,RMH,+/−,u,w~∅,134,−,W~∅,BK,0,−,0.16666666666666666,+/−,1.0
15,QU-,#_aˈ,1,RMH,+,q,k,19,−,P,K,-3,−,4,−,1.0
27,QU-,#_aˈ,1,ROM,+,p,p,1,−,P,B,3,−,4,−,1.0
27,QU-,#_aˈ,2,ROM,,,,,,,,,,,,1.0
24,QU-,#_aˈ,1,SCN,+,q,k,19,−,P,K,-3,−,4,−,1.0
24,QU-,#_aˈ,2,SCN,+,u,w,97,−,W,BK,0,−,0.5,+,1.0
30,QU-,#_aˈ,1,VAL,+,q,k,19,−,P,K,-3,−,4,−,2.0
30,QU-,#_aˈ,2,VAL,+,u,w,97,−,W,BK,0,−,0.5,+,2.0
4,QU-,#_aˈ,2,VAL,,,,,,,,,,,,1.0
4,QU-,#_aˈ,1,VAL,+,c,k,19,−,P,K,-3,−,4,−,1.0
25,QU-,#_aˈ,2,VEN,+,u,w,97,−,W,BK,0,−,0.5,+,1.0
25,QU-,#_aˈ,1,VEN,+,c,k,19,−,P,K,-3,−,4,−,1.0
32,QU-,#_aˈ,2,WAL,+/−,w/∅,w~∅,134,−,W~∅,BK,0,−,0.16666666666666666,+/−,2.0
32,QU-,#_aˈ,1,WAL,+,c,k,19,−,P,K,-3,−,4,−,2.0
10,QU-,#_aˈ,1,WAL,+,c,k,19,−,P,K,-3,−,4,−,1.0
10,QU-,#_aˈ,2,WAL,,,,,,,,,,,,1.0
21,QU-,#_O,2,ABR,,,,,,,,,,,,1.0
21,QU-,#_O,1,ABR,+,c,k,19,−,P,K,-3,−,4,−,1.0
1,QU-,#_O,1,AMR ESP,+,c,k,19,−,P,K,-3,−,4,−,1.0
1,QU-,#_O,2,AMR ESP,,,,,,,,,,,,1.0
31,QU-,#_O,2,AND ESP,,,,,,,,,,,,1.0
31,QU-,#_O,1,AND ESP,+,c,k,19,−,P,K,-3,−,4,−,1.0
32,QU-,#_O,1,ARG,+,c,k,19,−,P,K,-3,−,4,−,1.0
32,QU-,#_O,2,ARG,,,,,,,,,,,,1.0
26,QU-,#_O,2,ARO,,,,,,,,,,,,1.0
26,QU-,#_O,1,ARO,+,c,k,19,−,P,K,-3,−,4,−,1.0
11,QU-,#_O,1,ARP,+,c,k,19,−,P,K,-3,−,4,−,1.0
11,QU-,#_O,2,ARP,,,,,,,,,,,,1.0
29,QU-,#_O,2,ASL,,,,,,,,,,,,1.0
29,QU-,#_O,1,ASL,+,c,k,19,−,P,K,-3,−,4,−,1.0
5,QU-,#_O,2,BAL,,,,,,,,,,,,1.0
5,QU-,#_O,1,BAL,+,c,k,19,−,P,K,-3,−,4,−,1.0
0,QU-,#_O,1,BR POR,+,c,k,19,−,P,K,-3,−,4,−,1.0
0,QU-,#_O,2,BR POR,,,,,,,,,,,,1.0
22,QU-,#_O,2,CAM,,,,,,,,,,,,1.0
22,QU-,#_O,1,CAM,+,c,k,19,−,P,K,-3,−,4,−,1.0
30,QU-,#_O,2,CAS ESP,,,,,,,,,,,,1.0
30,QU-,#_O,1,CAS ESP,+,c,k,19,−,P,K,-3,−,4,−,1.0
3,QU-,#_O,1,CAT,+,c,k,19,−,P,K,-3,−,4,−,1.0
3,QU-,#_O,2,CAT,,,,,,,,,,,,1.0
19,QU-,#_O,2,COR,,,,,,,,,,,,1.0
19,QU-,#_O,1,COR,+,c,k,19,−,P,K,-3,−,4,−,1.0
18,QU-,#_O,2,CPN SRD,,,,,,,,,,,,1.0
18,QU-,#_O,1,CPN SRD,+,c,k,19,−,P,K,-3,−,4,−,1.0
8,QU-,#_O,1,EU FRA,+,c,k,19,−,P,K,-3,−,4,−,1.0
8,QU-,#_O,2,EU FRA,,,,,,,,,,,,1.0
13,QU-,#_O,1,EU POR,+,c,k,19,−,P,K,-3,−,4,−,1.0
13,QU-,#_O,2,EU POR,,,,,,,,,,,,1.0
16,QU-,#_O,2,FUR,,,,,,,,,,,,1.0
16,QU-,#_O,1,FUR,+,c,k,19,−,P,K,-3,−,4,−,1.0
28,QU-,#_O,1,GAL,+,c,k,19,−,P,K,-3,−,4,−,1.0
28,QU-,#_O,2,GAL,,,,,,,,,,,,1.0
7,QU-,#_O,1,GAS OCC,+,c,k,19,−,P,K,-3,−,4,−,1.0
7,QU-,#_O,2,GAS OCC,,,,,,,,,,,,1.0
20,QU-,#_O,1,ITA,+,c,k,19,−,P,K,-3,−,4,−,1.0
20,QU-,#_O,2,ITA,,,,,,,,,,,,1.0
2,QU-,#_O,1,LAT,+,QV,kʷ,15,−,P,BK,-1,−,4,−,1.0
2,QU-,#_O,2,LAT,,,,,,,,,,,,1.0
12,QU-,#_O,1,LIG,+,c,k,19,−,P,K,-3,−,4,−,1.0
12,QU-,#_O,2,LIG,,,,,,,,,,,,1.0
14,QU-,#_O,2,LMO,,,,,,,,,,,,1.0
14,QU-,#_O,1,LMO,+,c,k,19,−,P,K,-3,−,4,−,1.0
17,QU-,#_O,2,LOG SRD,,,,,,,,,,,,1.0
17,QU-,#_O,1,LOG SRD,+,c,k,19,−,P,K,-3,−,4,−,1.0
6,QU-,#_O,2,OCC,,,,,,,,,,,,1.0
6,QU-,#_O,1,OCC,+,c,k,19,−,P,K,-3,−,4,−,1.0
23,QU-,#_O,1,PGL,+,c,k,19,−,P,K,-3,−,4,−,1.0
23,QU-,#_O,2,PGL,,,,,,,,,,,,1.0
9,QU-,#_O,2,QBC FRA,,,,,,,,,,,,1.0
9,QU-,#_O,1,QBC FRA,+,c,k,19,−,P,K,-3,−,4,−,1.0
15,QU-,#_O,2,RMH,,,,,,,,,,,,1.0
15,QU-,#_O,1,RMH,+,c,k,19,−,P,K,-3,−,4,−,1.0
27,QU-,#_O,1,ROM,+,c,k,19,−,P,K,-3,−,4,−,1.0
27,QU-,#_O,2,ROM,,,,,,,,,,,,1.0
24,QU-,#_O,1,SCN,+,c,k,19,−,P,K,-3,−,4,−,1.0
24,QU-,#_O,2,SCN,,,,,,,,,,,,1.0
4,QU-,#_O,1,VAL,+,c,k,19,−,P,K,-3,−,4,−,1.0
4,QU-,#_O,2,VAL,,,,,,,,,,,,1.0
25,QU-,#_O,1,VEN,+,c,k,19,−,P,K,-3,−,4,−,1.0
25,QU-,#_O,2,VEN,,,,,,,,,,,,1.0
10,QU-,#_O,1,WAL,+,c,k,19,−,P,K,-3,−,4,−,1.0
10,QU-,#_O,2,WAL,,,,,,,,,,,,1.0
37,QU-,#_E,2,ABR,+,u,w,97,−,W,BK,0,−,0.5,+,2.0
21,QU-,#_E,2,ABR,,,,,,,,,,,,1.0
37,QU-,#_E,1,ABR,+,q,k,19,−,P,K,-3,−,4,−,2.0
21,QU-,#_E,1,ABR,,,,,,,,,,,,1.0
1,QU-,#_E,1,AMR ESP,+,qu,k,19,−,P,K,-3,−,4,−,1.0
1,QU-,#_E,2,AMR ESP,,,,,,,,,,,,1.0
44,QU-,#_E,2,AND ESP,,,,,,,,,,,,1.0
44,QU-,#_E,1,AND ESP,+,qu,k,19,−,P,K,-3,−,4,−,1.0
45,QU-,#_E,1,ARG,+,qu,k,19,−,P,K,-3,−,4,−,1.0
45,QU-,#_E,2,ARG,,,,,,,,,,,,1.0
26,QU-,#_E,2,ARO,,,,,,,,,,,,1.0
26,QU-,#_E,1,ARO,+,ts,t͡s̪,26,−,P͡F,D,1.3333333333333333,+,3,−,1.0
11,QU-,#_E,1,ARP,+,qu,k,19,−,P,K,-3,−,4,−,1.0
11,QU-,#_E,2,ARP,,,,,,,,,,,,1.0
42,QU-,#_E,1,ASL,+,qu,k,19,−,P,K,-3,−,4,−,1.0
42,QU-,#_E,2,ASL,,,,,,,,,,,,1.0
5,QU-,#_E,2,BAL,,,,,,,,,,,,1.0
5,QU-,#_E,1,BAL,+,qu,k~c,150,−,P,K~Ɉ,-2.5,−,4,−,1.0
0,QU-,#_E,1,BR POR,+,qu,k,19,−,P,K,-3,−,4,−,1.0
0,QU-,#_E,2,BR POR,,,,,,,,,,,,1.0
22,QU-,#_E,1,CAM,+,c,k,19,−,P,K,-3,−,4,−,1.0
38,QU-,#_E,1,CAM,+,q,k,19,−,P,K,-3,−,4,−,2.0
38,QU-,#_E,2,CAM,+,u,w,97,−,W,BK,0,−,0.5,+,2.0
22,QU-,#_E,2,CAM,,,,,,,,,,,,1.0
43,QU-,#_E,1,CAS ESP,+,qu,k,19,−,P,K,-3,−,4,−,1.0
43,QU-,#_E,2,CAS ESP,,,,,,,,,,,,1.0
3,QU-,#_E,2,CAT,,,,,,,,,,,,1.0
3,QU-,#_E,1,CAT,+,qu,k,19,−,P,K,-3,−,4,−,1.0
35,QU-,#_E,1,COR,+,q,k,19,−,P,K,-3,−,4,−,2.0
19,QU-,#_E,2,COR,,,,,,,,,,,,1.0
19,QU-,#_E,1,COR,+,ch,k,19,−,P,K,-3,−,4,−,1.0
35,QU-,#_E,2,COR,+,u,w,97,−,W,BK,0,−,0.5,+,2.0
33,QU-,#_E,1,CPN SRD,+,c,k,19,−,P,K,-3,−,4,−,2.0
18,QU-,#_E,1,CPN SRD,+,ch,k,19,−,P,K,-3,−,4,−,1.0
18,QU-,#_E,2,CPN SRD,,,,,,,,,,,,1.0
33,QU-,#_E,2,CPN SRD,+,u,w,97,−,W,BK,0,−,0.5,+,2.0
8,QU-,#_E,1,EU FRA,+,qu/c,k,19,−,P,K,-3,−,4,−,1.0
8,QU-,#_E,2,EU FRA,,,,,,,,,,,,1.0
13,QU-,#_E,2,EU POR,,,,,,,,,,,,1.0
13,QU-,#_E,1,EU POR,+,qu,k,19,−,P,K,-3,−,4,−,1.0
16,QU-,#_E,2,FUR,+,u,w,97,−,W,BK,0,−,0.5,+,1.0
16,QU-,#_E,1,FUR,+,c,k,19,−,P,K,-3,−,4,−,1.0
34,QU-,#_E,1,GAL,+,qu,k,19,−,P,K,-3,−,4,−,1.0
34,QU-,#_E,2,GAL,,,,,,,,,,,,1.0
7,QU-,#_E,2,GAS OCC,,,,,,,,,,,,1.0
7,QU-,#_E,1,GAS OCC,+,qu,k,19,−,P,K,-3,−,4,−,1.0
20,QU-,#_E,2,ITA,,,,,,,,,,,,1.0
36,QU-,#_E,1,ITA,+,q,k,19,−,P,K,-3,−,4,−,2.0
36,QU-,#_E,2,ITA,+,u,w,97,−,W,BK,0,−,0.5,+,2.0
20,QU-,#_E,1,ITA,+,ch,k,19,−,P,K,-3,−,4,−,1.0
2,QU-,#_E,1,LAT,+,QV,kʷ,15,−,P,BK,-1,−,4,−,1.0
2,QU-,#_E,2,LAT,,,,,,,,,,,,1.0
29,QU-,#_E,2,LIG,+,u,w,97,−,W,BK,0,−,0.5,+,2.0
12,QU-,#_E,1,LIG,+,ch,k,19,−,P,K,-3,−,4,−,1.0
12,QU-,#_E,2,LIG,,,,,,,,,,,,1.0
29,QU-,#_E,1,LIG,+,q,k,19,−,P,K,-3,−,4,−,2.0
14,QU-,#_E,1,LMO,+,ch,k,19,−,P,K,-3,−,4,−,1.0
30,QU-,#_E,2,LMO,+,u,w,97,−,W,BK,0,−,0.5,+,2.0
14,QU-,#_E,2,LMO,,,,,,,,,,,,1.0
30,QU-,#_E,1,LMO,+,q,k,19,−,P,K,-3,−,4,−,2.0
32,QU-,#_E,2,LOG SRD,,,,,,,,,,,,2.0
17,QU-,#_E,1,LOG SRD,+,ch,k,19,−,P,K,-3,−,4,−,1.0
17,QU-,#_E,2,LOG SRD,,,,,,,,,,,,1.0
32,QU-,#_E,1,LOG SRD,+,b,b,2,−,P,B,3,−,4,+,2.0
6,QU-,#_E,2,OCC,,,,,,,,,,,,1.0
6,QU-,#_E,1,OCC,+,qu,k,19,−,P,K,-3,−,4,−,1.0
39,QU-,#_E,2,PGL,+,u,w,97,−,W,BK,0,−,0.5,+,2.0
23,QU-,#_E,1,PGL,,,,,,,,,,,,1.0
23,QU-,#_E,2,PGL,,,,,,,,,,,,1.0
39,QU-,#_E,1,PGL,+,q,k,19,−,P,K,-3,−,4,−,2.0
9,QU-,#_E,1,QBC FRA,+,qu/c,k,19,−,P,K,-3,−,4,−,1.0
9,QU-,#_E,2,QBC FRA,,,,,,,,,,,,1.0
31,QU-,#_E,2,RMH,+,u,w,97,−,W,BK,0,−,0.5,+,2.0
31,QU-,#_E,1,RMH,+,q,k,19,−,P,K,-3,−,4,−,2.0
15,QU-,#_E,1,RMH,+,ch/tg,c~t̠͡ʃ,152,−,P~P͡F,Ɉ,-1.25,−/+,3.5,−,1.0
15,QU-,#_E,2,RMH,,,,,,,,,,,,1.0
27,QU-,#_E,1,ROM,+,c,t̠͡ʃ,34,−,P͡F,Ɉ,-0.5,+,3,−,1.0
27,QU-,#_E,2,ROM,,,,,,,,,,,,1.0
24,QU-,#_E,2,SCN,+/−,w/∅,w~∅,134,−,W~∅,BK,0,−,0.16666666666666666,+/−,1.0
40,QU-,#_E,2,SCN,+,u,w,97,−,W,BK,0,−,0.5,+,2.0
24,QU-,#_E,1,SCN,+,q/ch,k,19,−,P,K,-3,−,4,−,1.0
40,QU-,#_E,1,SCN,+,q,k,19,−,P,K,-3,−,4,−,2.0
4,QU-,#_E,2,VAL,,,,,,,,,,,,1.0
4,QU-,#_E,1,VAL,+,qu,k,19,−,P,K,-3,−,4,−,1.0
41,QU-,#_E,2,VEN,+,u,w,97,−,W,BK,0,−,0.5,+,2.0
41,QU-,#_E,1,VEN,+,c,k,19,−,P,K,-3,−,4,−,2.0
25,QU-,#_E,1,VEN,+,ch,k,19,−,P,K,-3,−,4,−,1.0
25,QU-,#_E,2,VEN,,,,,,,,,,,,1.0
10,QU-,#_E,2,WAL,+/−,w,w~∅,134,−,W~∅,BK,0,−,0.16666666666666666,+/−,1.0
10,QU-,#_E,1,WAL,+,c,k,19,−,P,K,-3,−,4,−,1.0
21,GL-,#_,2,ABR,+,gli/j,ȴ[ʎ̟]~j,155,+/−,LW~W,Ɉ,-1,−,0.5416666666666666,+,1.0
21,GL-,#_,1,ABR,,,,,,,,,,,,1.0
1,GL-,#_,1,AMR ESP,,,,,,,,,,,,1.0
1,GL-,#_,2,AMR ESP,+,l,l,85,+,LW,D,0.75,−,0.75,+,1.0
38,GL-,#_,2,AND ESP,+,l,l,85,+,LW,D,0.75,−,0.75,+,1.0
38,GL-,#_,1,AND ESP,,,,,,,,,,,,1.0
39,GL-,#_,1,ARG,+,g,ɡ,20,−,P,K,-3,−,4,+,1.0
39,GL-,#_,2,ARG,+,l (ll),l (ȴ),130,+,LW,D (Ɉ),0.5625,−,0.75,+,1.0
26,GL-,#_,2,ARO,+,lj,ʎ,90,+,L,Ɉ,-2,−,0.75,+,1.0
26,GL-,#_,1,ARO,+,g,ɡ,20,−,P,K,-3,−,4,+,1.0
11,GL-,#_,1,ARP,+,g,ɡ~j,112,−,P~W,K~Ɉ,-2.5,−,2.1666666666666665,+,1.0
11,GL-,#_,2,ARP,+,ll,l~j,149,+/−,LW~W,D~Ɉ,-0.625,−,0.5416666666666666,+,1.0
36,GL-,#_,2,ASL,+,ll (ḷḷ),ȴ[ʎ̟] (ʈ͡ʂ),129,+ (−),LW (P͡F),Ɉ,-0.4166666666666667,− (+),1.5,+ (−),1.0
36,GL-,#_,1,ASL,,,,,,,,,,,,1.0
5,GL-,#_,2,BAL,+,l,ʟ,140,+,LW,Ɉ,-3,−,0.75,+,1.0
5,GL-,#_,1,BAL,+,g,ɡ,20,−,P,K,-3,−,4,+,1.0
0,GL-,#_,1,BR POR,,,,,,,,,,,,1.0
0,GL-,#_,2,BR POR,+,l,l,85,+,LW,D,0.75,−,0.75,+,1.0
22,GL-,#_,2,CAM,+,gli/j,ȴ[ʎ̟]~j,155,+/−,LW~W,Ɉ,-1,−,0.5416666666666666,+,1.0
22,GL-,#_,1,CAM,,,,,,,,,,,,1.0
37,GL-,#_,2,CAS ESP,+,l,l,85,+,LW,D,0.75,−,0.75,+,1.0
37,GL-,#_,1,CAS ESP,,,,,,,,,,,,1.0
3,GL-,#_,1,CAT,+,g,ɡ,20,−,P,K,-3,−,4,+,1.0
3,GL-,#_,2,CAT,+,l,l,85,+,LW,D,0.75,−,0.75,+,1.0
19,GL-,#_,2,COR,,,,,,,,,,,,1.0
19,GL-,#_,1,COR,+,ghj,ɟ,18,−,P,Ɉ,-2,−,4,+,1.0
18,GL-,#_,2,CPN SRD,,,,,,,,,,,,1.0
32,GL-,#_,2,CPN SRD,+,l,l,85,+,LW,D,0.75,−,0.75,+,2.0
32,GL-,#_,1,CPN SRD,,,,,,,,,,,,2.0
18,GL-,#_,1,CPN SRD,+,gi,d̠͡ʒ,35,−,P͡F,Ɉ,-0.5,+,3,+,1.0
8,GL-,#_,1,EU FRA,+,g,ɡ,20,−,P,K,-3,−,4,+,1.0
8,GL-,#_,2,EU FRA,+,l,l,85,+,LW,D,0.75,−,0.75,+,1.0
29,GL-,#_,1,EU FRA,,,,,,,,,,,,2.0
29,GL-,#_,2,EU FRA,+,l,l,85,+,LW,D,0.75,−,0.75,+,2.0
13,GL-,#_,2,EU POR,+,l,ɫ̪,87,+,LW,DQ,-1.1666666666666667,−,0.75,+,1.0
13,GL-,#_,1,EU POR,,,,,,,,,,,,1.0
16,GL-,#_,1,FUR,+,g,ɡ,20,−,P,K,-3,−,4,+,1.0
16,GL-,#_,2,FUR,+,l,l,85,+,LW,D,0.75,−,0.75,+,1.0
34,GL-,#_,1,GAL,,,,,,,,,,,,1.0
34,GL-,#_,2,GAL,+,l,l,85,+,LW,D,0.75,−,0.75,+,1.0
7,GL-,#_,1,GAS OCC,+,g,ɡ,20,−,P,K,-3,−,4,+,1.0
7,GL-,#_,2,GAS OCC,+,l,l,85,+,LW,D,0.75,−,0.75,+,1.0
20,GL-,#_,2,ITA,+,i,j,98,−,W,Ɉ,-2,−,0.5,+,1.0
20,GL-,#_,1,ITA,+,gh,ɡ,20,−,P,K,-3,−,4,+,1.0
35,GL-,#_,1,LAT,+,G,ɡ,20,−,P,K,-3,−,4,+,2.0
2,GL-,#_,1,LAT,+,G,ɡ,20,−,P,K,-3,−,4,+,1.0
2,GL-,#_,2,LAT,+,L,ɫ̪,87,+,LW,DQ,-1.1666666666666667,−,0.75,+,1.0
35,GL-,#_,2,LAT,+,L,l̪ʲ,139,+,LW,Ɉ,-0.16666666666666666,−,0.75,+,2.0
12,GL-,#_,1,LIG,+,gi,d̠͡ʒ,35,−,P͡F,Ɉ,-0.5,+,3,+,1.0
12,GL-,#_,2,LIG,,,,,,,,,,,,1.0
14,GL-,#_,2,LMO,,,,,,,,,,,,1.0
14,GL-,#_,1,LMO,+,gi,d̠͡ʒ,35,−,P͡F,Ɉ,-0.5,+,3,+,1.0
31,GL-,#_,2,LOG SRD,+,l,l,85,+,LW,D,0.75,−,0.75,+,2.0
17,GL-,#_,2,LOG SRD,+,r,ɾ,83,−,L,D,0.75,−,0.875,+,1.0
31,GL-,#_,1,LOG SRD,,,,,,,,,,,,2.0
17,GL-,#_,1,LOG SRD,+,g,ɡ,20,−,P,K,-3,−,4,+,1.0
6,GL-,#_,2,OCC,+,l,l,85,+,LW,D,0.75,−,0.75,+,1.0
6,GL-,#_,1,OCC,+,g,ɡ,20,−,P,K,-3,−,4,+,1.0
23,GL-,#_,2,PGL,,,,,,,,,,,,1.0
23,GL-,#_,1,PGL,+,gh,ɟ,18,−,P,Ɉ,-2,−,4,+,1.0
30,GL-,#_,2,QBC FRA,+,l,l,85,+,LW,D,0.75,−,0.75,+,2.0
30,GL-,#_,1,QBC FRA,,,,,,,,,,,,2.0
9,GL-,#_,1,QBC FRA,+,g,ɡ,20,−,P,K,-3,−,4,+,1.0
9,GL-,#_,2,QBC FRA,+,l,l,85,+,LW,D,0.75,−,0.75,+,1.0
15,GL-,#_,1,RMH,+,g,ɡ,20,−,P,K,-3,−,4,+,1.0
15,GL-,#_,2,RMH,+,l,l,85,+,LW,D,0.75,−,0.75,+,1.0
27,GL-,#_,2,ROM,+,i,j~∅,151,−,W~∅,Ɉ,-2,−,0.16666666666666666,+/−,1.0
27,GL-,#_,1,ROM,+,gh,ɡ~ɟ,154,−,P,K~Ɉ,-2.5,−,4,+,1.0
24,GL-,#_,2,SCN,+,∅/j,ȴ[ʎ̟]~j,155,+/−,LW~W,Ɉ,-1,−,0.5416666666666666,+,1.0
24,GL-,#_,1,SCN,+/−,gh/∅,ɟ~∅,156,−,P~∅,Ɉ,-2,−,2,+/−,1.0
4,GL-,#_,1,VAL,+,g,ɡ,20,−,P,K,-3,−,4,+,1.0
4,GL-,#_,2,VAL,+,l,ɫ,87,+,LW,DK,-1.125,−,0.75,+,1.0
25,GL-,#_,2,VEN,,,,,,,,,,,,1.0
25,GL-,#_,1,VEN,+,gi,d̠͡ʒ,35,−,P͡F,Ɉ,-0.5,+,3,+,1.0
10,GL-,#_,1,WAL,+,g,ɡ,20,−,P,K,-3,−,4,+,1.0
10,GL-,#_,2,WAL,+,l,l,85,+,LW,D,0.75,−,0.75,+,1.0
21,FR-,#_,2,ABR,+,r,ɾ,83,−,L,D,0.75,−,0.875,+,1.0
21,FR-,#_,1,ABR,+,f,f,42,−,F,B,2.5,−,2,−,1.0
1,FR-,#_,1,AMR ESP,+,f,f,42,−,F,B,2.5,−,2,−,1.0
1,FR-,#_,2,AMR ESP,+,r,ɾ,83,−,L,D,0.75,−,0.875,+,1.0
31,FR-,#_,2,AND ESP,+,r,ɾ,83,−,L,D,0.75,−,0.875,+,1.0
31,FR-,#_,1,AND ESP,+,f,f,42,−,F,B,2.5,−,2,−,1.0
32,FR-,#_,1,ARG,+,f,f,42,−,F,B,2.5,−,2,−,1.0
32,FR-,#_,2,ARG,+,r,ɾ,83,−,L,D,0.75,−,0.875,+,1.0
26,FR-,#_,2,ARO,+,r,ɾ,83,−,L,D,0.75,−,0.875,+,1.0
26,FR-,#_,1,ARO,+,f,f,42,−,F,B,2.5,−,2,−,1.0
11,FR-,#_,1,ARP,+,f,f,42,−,F,B,2.5,−,2,−,1.0
11,FR-,#_,2,ARP,+,r,ɾ (ʀ),143,−,L,D (Q),-0.8333333333333334,−,1,+,1.0
29,FR-,#_,2,ASL,+,r,ɾ,83,−,L,D,0.75,−,0.875,+,1.0
29,FR-,#_,1,ASL,+,f,f,42,−,F,B,2.5,−,2,−,1.0
5,FR-,#_,2,BAL,+,r,ɾ,83,−,L,D,0.75,−,0.875,+,1.0
5,FR-,#_,1,BAL,+,f,f,42,−,F,B,2.5,−,2,−,1.0
0,FR-,#_,1,BR POR,+,f,f,42,−,F,B,2.5,−,2,−,1.0
0,FR-,#_,2,BR POR,+,r,ɾ,83,−,L,D,0.75,−,0.875,+,1.0
22,FR-,#_,2,CAM,+,r,ɾ,83,−,L,D,0.75,−,0.875,+,1.0
22,FR-,#_,1,CAM,+,f,f,42,−,F,B,2.5,−,2,−,1.0
30,FR-,#_,2,CAS ESP,+,r,ɾ,83,−,L,D,0.75,−,0.875,+,1.0
30,FR-,#_,1,CAS ESP,+,f,f,42,−,F,B,2.5,−,2,−,1.0
3,FR-,#_,1,CAT,+,f,f,42,−,F,B,2.5,−,2,−,1.0
3,FR-,#_,2,CAT,+,r,ɾ,83,−,L,D,0.75,−,0.875,+,1.0
19,FR-,#_,2,COR,+,r,ɾ,83,−,L,D,0.75,−,0.875,+,1.0
19,FR-,#_,1,COR,+,f,f,42,−,F,B,2.5,−,2,−,1.0
18,FR-,#_,2,CPN SRD,+,r,ɾ,83,−,L,D,0.75,−,0.875,+,1.0
18,FR-,#_,1,CPN SRD,+,f,f,42,−,F,B,2.5,−,2,−,1.0
8,FR-,#_,1,EU FRA,+,f,f,42,−,F,B,2.5,−,2,−,1.0
8,FR-,#_,2,EU FRA,+,r,ʁ (ʀ),142,−,F (L),Q,-4,−,1.75,+,1.0
13,FR-,#_,1,EU POR,+,f,f,42,−,F,B,2.5,−,2,−,1.0
13,FR-,#_,2,EU POR,+,r,ɾ,83,−,L,D,0.75,−,0.875,+,1.0
16,FR-,#_,2,FUR,+,r,ɾ,83,−,L,D,0.75,−,0.875,+,1.0
16,FR-,#_,1,FUR,+,f,f,42,−,F,B,2.5,−,2,−,1.0
28,FR-,#_,1,GAL,+,f,f,42,−,F,B,2.5,−,2,−,1.0
28,FR-,#_,2,GAL,+,r,ɾ,83,−,L,D,0.75,−,0.875,+,1.0
7,FR-,#_,1,GAS OCC,+,f,f,42,−,F,B,2.5,−,2,−,1.0
7,FR-,#_,2,GAS OCC,+,r,ɾ,83,−,L,D,0.75,−,0.875,+,1.0
20,FR-,#_,1,ITA,+,f,f,42,−,F,B,2.5,−,2,−,1.0
20,FR-,#_,2,ITA,+,r,ɾ,83,−,L,D,0.75,−,0.875,+,1.0
2,FR-,#_,1,LAT,+,F,ɸ~f,114,−,F,B,2.75,−,2,−,1.0
2,FR-,#_,2,LAT,+,R,ɾ,83,−,L,D,0.75,−,0.875,+,1.0
12,FR-,#_,1,LIG,+,f,f,42,−,F,B,2.5,−,2,−,1.0
12,FR-,#_,2,LIG,+,r,ɾ,83,−,L,D,0.75,−,0.875,+,1.0
14,FR-,#_,2,LMO,+,r,ɾ,83,−,L,D,0.75,−,0.875,+,1.0
14,FR-,#_,1,LMO,+,f,f,42,−,F,B,2.5,−,2,−,1.0
17,FR-,#_,2,LOG SRD,+,r,ɾ,83,−,L,D,0.75,−,0.875,+,1.0
17,FR-,#_,1,LOG SRD,+,f,f,42,−,F,B,2.5,−,2,−,1.0
6,FR-,#_,2,OCC,+,r,ɾ (ʀ),143,−,L,D (Q),-0.8333333333333334,−,1,+,1.0
6,FR-,#_,1,OCC,+,f,f,42,−,F,B,2.5,−,2,−,1.0
23,FR-,#_,1,PGL,+,f,f,42,−,F,B,2.5,−,2,−,1.0
23,FR-,#_,2,PGL,+,r,ɾ,83,−,L,D,0.75,−,0.875,+,1.0
9,FR-,#_,2,QBC FRA,+,r,ʁ (ʀ),142,−,F (L),Q,-4,−,1.75,+,1.0
9,FR-,#_,1,QBC FRA,+,f,f,42,−,F,B,2.5,−,2,−,1.0
15,FR-,#_,2,RMH,+,r,ɾ,83,−,L,D,0.75,−,0.875,+,1.0
15,FR-,#_,1,RMH,+,f,f,42,−,F,B,2.5,−,2,−,1.0
27,FR-,#_,1,ROM,+,f,f,42,−,F,B,2.5,−,2,−,1.0
27,FR-,#_,2,ROM,+,r,ɾ,83,−,L,D,0.75,−,0.875,+,1.0
24,FR-,#_,1,SCN,+,f,f,42,−,F,B,2.5,−,2,−,1.0
24,FR-,#_,2,SCN,+,r,ɾ,83,−,L,D,0.75,−,0.875,+,1.0
4,FR-,#_,1,VAL,+,f,f,42,−,F,B,2.5,−,2,−,1.0
4,FR-,#_,2,VAL,+,r,ɾ,83,−,L,D,0.75,−,0.875,+,1.0
25,FR-,#_,1,VEN,+,f,f,42,−,F,B,2.5,−,2,−,1.0
25,FR-,#_,2,VEN,+,r,ɾ,83,−,L,D,0.75,−,0.875,+,1.0
10,FR-,#_,1,WAL,+,f,f,42,−,F,B,2.5,−,2,−,1.0
10,FR-,#_,2,WAL,+,r,ʀ,81,−,L,Q,-4,−,1.25,+,1.0
21,FL-,#_,2,ABR,+,i,j,98,−,W,Ɉ,-2,−,0.5,+,1.0
21,FL-,#_,1,ABR,+,f,f,42,−,F,B,2.5,−,2,−,1.0
1,FL-,#_,1,AMR ESP,,,,,,,,,,,,1.0
37,FL-,#_,2,AMR ESP,+,l,l,85,+,LW,D,0.75,−,0.75,+,2.0
1,FL-,#_,2,AMR ESP,+,ll,ɟ͡ʝ,39,−,P͡F,Ɉ,-2,−,3,+,1.0
37,FL-,#_,1,AMR ESP,+,f,f,42,−,F,B,2.5,−,2,−,2.0
36,FL-,#_,2,AND ESP,+,l,l,85,+,LW,D,0.75,−,0.75,+,1.0
40,FL-,#_,2,AND ESP,+,ll,ɟ͡ʝ,39,−,P͡F,Ɉ,-2,−,3,+,2.0
40,FL-,#_,1,AND ESP,,,,,,,,,,,,2.0
36,FL-,#_,1,AND ESP,+,f,f,42,−,F,B,2.5,−,2,−,1.0
41,FL-,#_,1,ARG,+,f,f,42,−,F,B,2.5,−,2,−,1.0
41,FL-,#_,2,ARG,+,l (ll),l (ȴ),130,+,LW,D (Ɉ),0.5625,−,0.75,+,1.0
26,FL-,#_,2,ARO,+,l,l,85,+,LW,D,0.75,−,0.75,+,1.0
26,FL-,#_,1,ARO,+,f,f,42,−,F,B,2.5,−,2,−,1.0
11,FL-,#_,2,ARP,+,l (ll),l (ȴ~j),133,+ (−),LW(W),D (Ɉ),0.16666666666666666,−,0.6666666666666666,+,1.0
11,FL-,#_,1,ARP,+,f,f~ç,157,−,F,B~Ɉ,0.25,−,2,−,1.0
38,FL-,#_,2,ASL,+,ll (ḷḷ),ȴ[ʎ̟] (ʈ͡ʂ),129,+ (−),LW (P͡F),Ɉ,-0.4166666666666667,− (+),1.5,+ (−),1.0
38,FL-,#_,1,ASL,,,,,,,,,,,,1.0
5,FL-,#_,2,BAL,+,l,ʟ,140,+,LW,K,-3,−,0.75,+,1.0
5,FL-,#_,1,BAL,+,f,f,42,−,F,B,2.5,−,2,−,1.0
32,FL-,#_,2,BR POR,+,r,ɾ,83,−,L,D,0.75,−,0.875,+,2.0
0,FL-,#_,2,BR POR,,,,,,,,,,,,1.0
32,FL-,#_,1,BR POR,+,f,f,42,−,F,B,2.5,−,2,−,2.0
0,FL-,#_,1,BR POR,+,ch,ʃ,56,−,F,Ɉ,-0.5,+,2,−,1.0
22,FL-,#_,1,CAM,+,sci,ʃ,56,−,F,Ɉ,-0.5,+,2,−,1.0
22,FL-,#_,2,CAM,,,,,,,,,,,,1.0
35,FL-,#_,2,CAS ESP,+,l,l,85,+,LW,D,0.75,−,0.75,+,1.0
39,FL-,#_,2,CAS ESP,+,ll,ʎ,90,+,L,Ɉ,-2,−,0.75,+,2.0
39,FL-,#_,1,CAS ESP,,,,,,,,,,,,2.0
35,FL-,#_,1,CAS ESP,+,f,f,42,−,F,B,2.5,−,2,−,1.0
3,FL-,#_,2,CAT,+,l,l,85,+,LW,D,0.75,−,0.75,+,1.0
3,FL-,#_,1,CAT,+,f,f,42,−,F,B,2.5,−,2,−,1.0
19,FL-,#_,2,COR,+,i,j,98,−,W,Ɉ,-2,−,0.5,+,1.0
19,FL-,#_,1,COR,+,f,f,42,−,F,B,2.5,−,2,−,1.0
18,FL-,#_,2,CPN SRD,+,r,ɾ,83,−,L,D,0.75,−,0.875,+,1.0
18,FL-,#_,1,CPN SRD,+,f,f,42,−,F,B,2.5,−,2,−,1.0
8,FL-,#_,1,EU FRA,+,f,f,42,−,F,B,2.5,−,2,−,1.0
8,FL-,#_,2,EU FRA,+,l,l,85,+,LW,D,0.75,−,0.75,+,1.0
31,FL-,#_,2,EU POR,+,r,ɾ,83,−,L,D,0.75,−,0.875,+,2.0
31,FL-,#_,1,EU POR,+,f,f,42,−,F,B,2.5,−,2,−,2.0
13,FL-,#_,2,EU POR,,,,,,,,,,,,1.0
13,FL-,#_,1,EU POR,+,ch,ʃ,56,−,F,Ɉ,-0.5,+,2,−,1.0
16,FL-,#_,1,FUR,+,f,f,42,−,F,B,2.5,−,2,−,1.0
16,FL-,#_,2,FUR,+,l,l,85,+,LW,D,0.75,−,0.75,+,1.0
34,FL-,#_,2,GAL,,,,,,,,,,,,2.0
33,FL-,#_,2,GAL,+,r,ɾ,83,−,L,D,0.75,−,0.875,+,1.0
34,FL-,#_,1,GAL,+,ch,t̠͡ʃ,34,−,P͡F,Ɉ,-0.5,+,3,−,2.0
33,FL-,#_,1,GAL,+,f,f,42,−,F,B,2.5,−,2,−,1.0
7,FL-,#_,1,GAS OCC,+,f,f,42,−,F,B,2.5,−,2,−,1.0
7,FL-,#_,2,GAS OCC,+,l,l,85,+,LW,D,0.75,−,0.75,+,1.0
20,FL-,#_,1,ITA,+,f,f,42,−,F,B,2.5,−,2,−,1.0
20,FL-,#_,2,ITA,+,i,j,98,−,W,Ɉ,-2,−,0.5,+,1.0
29,FL-,#_,2,LAT,+,L,l̪ʲ,139,+,LW,Ɉ,-0.16666666666666666,−,0.75,+,2.0
2,FL-,#_,1,LAT,+,F,ɸ~f,114,−,F,B,2.75,−,2,−,1.0
29,FL-,#_,1,LAT,+,F,ɸ~f,114,−,F,B,2.75,−,2,−,2.0
2,FL-,#_,2,LAT,+,L,ɫ̪,87,+,LW,DQ,-1.1666666666666667,−,0.75,+,1.0
12,FL-,#_,1,LIG,+,sci,ʃ,56,−,F,Ɉ,-0.5,+,2,−,1.0
12,FL-,#_,2,LIG,,,,,,,,,,,,1.0
14,FL-,#_,2,LMO,+,i,j,98,−,W,Ɉ,-2,−,0.5,+,1.0
14,FL-,#_,1,LMO,+,f,f,42,−,F,B,2.5,−,2,−,1.0
17,FL-,#_,2,LOG SRD,+,r,ɾ,83,−,L,D,0.75,−,0.875,+,1.0
17,FL-,#_,1,LOG SRD,+,f,f,42,−,F,B,2.5,−,2,−,1.0
6,FL-,#_,1,OCC,+,f,f,42,−,F,B,2.5,−,2,−,1.0
6,FL-,#_,2,OCC,+,l,l,85,+,LW,D,0.75,−,0.75,+,1.0
23,FL-,#_,1,PGL,+,f,f,42,−,F,B,2.5,−,2,−,1.0
23,FL-,#_,2,PGL,+,i,j,98,−,W,Ɉ,-2,−,0.5,+,1.0
9,FL-,#_,1,QBC FRA,+,f,f,42,−,F,B,2.5,−,2,−,1.0
9,FL-,#_,2,QBC FRA,+,l,l,85,+,LW,D,0.75,−,0.75,+,1.0
15,FL-,#_,2,RMH,+,l,l,85,+,LW,D,0.75,−,0.75,+,1.0
15,FL-,#_,1,RMH,+,f,f,42,−,F,B,2.5,−,2,−,1.0
27,FL-,#_,1,ROM,+,f,f,42,−,F,B,2.5,−,2,−,1.0
27,FL-,#_,2,ROM,+,l,l,85,+,LW,D,0.75,−,0.75,+,1.0
24,FL-,#_,2,SCN,,,,,,,,,,,,1.0
24,FL-,#_,1,SCN,+,ci/hi/xh,ç~ʃ,158,−,F,Ɉ,-1,−/+,2,−,1.0
4,FL-,#_,2,VAL,+,l,ɫ,87,+,LW,DQ,-1.1666666666666667,−,0.75,+,1.0
4,FL-,#_,1,VAL,+,f,f,42,−,F,B,2.5,−,2,−,1.0
25,FL-,#_,2,VEN,+,i,j,98,−,W,Ɉ,-2,−,0.5,+,1.0
25,FL-,#_,1,VEN,+,f,f,42,−,F,B,2.5,−,2,−,1.0
10,FL-,#_,2,WAL,+,l,l,85,+,LW,D,0.75,−,0.75,+,1.0
10,FL-,#_,1,WAL,+,f,f,42,−,F,B,2.5,−,2,−,1.0
21,-PJ-,V_V,2,ABR,,,,,,,,,,,,1.0
21,-PJ-,V_V,1,ABR,,,,,,,,,,,,1.0
1,-PJ-,V_V,1,AMR ESP,−,∅,∅,,−,∅,Ɉ,-2,−,0,+,1.0
1,-PJ-,V_V,2,AMR ESP,+,p,p,,−,P,B,3,−,4,−,1.0
34,-PJ-,V_V,2,AND ESP,+,p,p,,−,P,B,3,−,4,−,1.0
34,-PJ-,V_V,1,AND ESP,−,∅,∅,,−,∅,Ɉ,-2,−,0,+,1.0
35,-PJ-,V_V,1,ARG,,,,,,,,,,,,1.0
35,-PJ-,V_V,2,ARG,,,,,,,,,,,,1.0
26,-PJ-,V_V,2,ARO,,,j,,,,,,,,,1.0
26,-PJ-,V_V,1,ARO,,,k,,,,,,,,,1.0
11,-PJ-,V_V,1,ARP,,,,,,,,,,,,1.0
11,-PJ-,V_V,2,ARP,,,,,,,,,,,,1.0
32,-PJ-,V_V,2,ASL,,,,,,,,,,,,1.0
32,-PJ-,V_V,1,ASL,,,,,,,,,,,,1.0
5,-PJ-,V_V,2,BAL,,,,,,,,,,,,1.0
5,-PJ-,V_V,1,BAL,+,p/b,p~b,,−,P,B,3,−,4,−/+,1.0
0,-PJ-,V_V,1,BR POR,+,i,j,,−,W,Ɉ,-2,−,0.5,+,1.0
0,-PJ-,V_V,2,BR POR,+,b,b,,−,P,B,3,−,4,+,1.0
22,-PJ-,V_V,2,CAM,,,,,,,,,,,,1.0
22,-PJ-,V_V,1,CAM,,,,,,,,,,,,1.0
33,-PJ-,V_V,2,CAS ESP,+,p,p,,−,P,B,3,−,4,−,1.0
33,-PJ-,V_V,1,CAS ESP,−,∅,∅,,−,∅,Ɉ,-2,−,0,+,1.0
3,-PJ-,V_V,1,CAT,+,p/b,p~b,,−,P,B,3,−,4,−/+,1.0
3,-PJ-,V_V,2,CAT,,,,,,,,,,,,1.0
19,-PJ-,V_V,1,COR,,,,,,,,,,,,1.0
19,-PJ-,V_V,2,COR,,,,,,,,,,,,1.0
18,-PJ-,V_V,2,CPN SRD,,,,,,,,,,,,1.0
18,-PJ-,V_V,1,CPN SRD,,,,,,,,,,,,1.0
8,-PJ-,V_V,1,EU FRA,−,∅/i,∅,,−,∅,Ɉ,-2,−,0,+,1.0
8,-PJ-,V_V,2,EU FRA,+,ch,ʃ,,−,F,Ɉ,-0.5,+,2,−,1.0
13,-PJ-,V_V,1,EU POR,+,i,j,,−,W,Ɉ,-2,−,0.5,+,1.0
13,-PJ-,V_V,2,EU POR,+,b,b,,−,P,B,3,−,4,+,1.0
16,-PJ-,V_V,2,FUR,,,,,,,,,,,,1.0
16,-PJ-,V_V,1,FUR,,,,,,,,,,,,1.0
31,-PJ-,V_V,2,GAL,,,,,,,,,,,,1.0
31,-PJ-,V_V,1,GAL,,,,,,,,,,,,1.0
7,-PJ-,V_V,2,GAS OCC,,,,,,,,,,,,1.0
7,-PJ-,V_V,1,GAS OCC,,,,,,,,,,,,1.0
20,-PJ-,V_V,2,ITA,+,i,j,,−,W,Ɉ,-2,−,0.5,+,1.0
20,-PJ-,V_V,1,ITA,+,pp,pp,,−,PP,B,3,−,5,−,1.0
29,-PJ-,V_V,1,ITA,+,p,p,,−,P,B,3,−,4,−,2.0
29,-PJ-,V_V,2,ITA,+,i,j,,−,W,Ɉ,-2,−,0.5,+,2.0
2,-PJ-,V_V,1,LAT,+,P,p,,−,P,B,3,−,4,−,1.0
2,-PJ-,V_V,2,LAT,+,I/E,j,,−,W,Ɉ,-2,−,0.5,+,1.0
12,-PJ-,V_V,1,LIG,,,,,,,,,,,,1.0
12,-PJ-,V_V,2,LIG,,,,,,,,,,,,1.0
14,-PJ-,V_V,2,LMO,,,,,,,,,,,,1.0
14,-PJ-,V_V,1,LMO,,,,,,,,,,,,1.0
17,-PJ-,V_V,2,LOG SRD,,,,,,,,,,,,1.0
17,-PJ-,V_V,1,LOG SRD,,,,,,,,,,,,1.0
6,-PJ-,V_V,2,OCC,,,,,,,,,,,,1.0
6,-PJ-,V_V,1,OCC,,,,,,,,,,,,1.0
23,-PJ-,V_V,2,PGL,,,,,,,,,,,,1.0
23,-PJ-,V_V,1,PGL,,,,,,,,,,,,1.0
9,-PJ-,V_V,2,QBC FRA,,,,,,,,,,,,1.0
9,-PJ-,V_V,1,QBC FRA,,,,,,,,,,,,1.0
15,-PJ-,V_V,2,RMH,,,,,,,,,,,,1.0
15,-PJ-,V_V,1,RMH,,,,,,,,,,,,1.0
30,-PJ-,V_V,2,ROM,−/+,i,i~j,,−,∅~W,Ɉ,-2,−,0.25,+,2.0
30,-PJ-,V_V,1,ROM,+,p,p,,−,P,B,3,−,4,−,2.0
27,-PJ-,V_V,2,ROM,+,p,p,,−,P,B,3,−,4,−,1.0
27,-PJ-,V_V,1,ROM,+,i,j,,−,W,Ɉ,-2,−,0.5,+,1.0
24,-PJ-,V_V,1,SCN,,,,,,,,,,,,1.0
24,-PJ-,V_V,2,SCN,,,,,,,,,,,,1.0
4,-PJ-,V_V,1,VAL,+,p/b,p~b,,−,P,B,3,−,4,−/+,1.0
4,-PJ-,V_V,2,VAL,,,,,,,,,,,,1.0
25,-PJ-,V_V,1,VEN,,,,,,,,,,,,1.0
25,-PJ-,V_V,2,VEN,,,,,,,,,,,,1.0
10,-PJ-,V_V,1,WAL,,,,,,,,,,,,1.0
10,-PJ-,V_V,2,WAL,,,,,,,,,,,,1.0
21,-BJ-,V_V,2,ABR,,,,,,,,,,,,1.0
21,-BJ-,V_V,1,ABR,,,,,,,,,,,,1.0
1,-BJ-,V_V,1,AMR ESP,+,b,β̞,,−,W,B,3,−,0.5,+,1.0
47,-BJ-,V_V,2,AMR ESP,−,∅,∅,,−,∅,Ɉ,-2,−,0,+,3.0
33,-BJ-,V_V,2,AMR ESP,+,y,ʝ,,−,F,Ɉ,-2,−,2,+,2.0
1,-BJ-,V_V,2,AMR ESP,+,i,j,,−,W,Ɉ,-2,−,0.5,+,1.0
47,-BJ-,V_V,1,AMR ESP,,,,,,,,,,,,3.0
33,-BJ-,V_V,1,AMR ESP,,,,,,,,,,,,2.0
46,-BJ-,V_V,2,AND ESP,−,∅,∅,,−,∅,Ɉ,-2,−,0,+,2.0
32,-BJ-,V_V,2,AND ESP,+,y,ʝ,,−,F,Ɉ,-2,−,2,+,1.0
55,-BJ-,V_V,2,AND ESP,+,i,j,,−,W,Ɉ,-2,−,0.5,+,3.0
55,-BJ-,V_V,1,AND ESP,+,b,β̞,,−,W,B,3,−,0.5,+,3.0
46,-BJ-,V_V,1,AND ESP,,,,,,,,,,,,2.0
32,-BJ-,V_V,1,AND ESP,,,,,,,,,,,,1.0
56,-BJ-,V_V,1,ARG,,,,,,,,,,,,1.0
56,-BJ-,V_V,2,ARG,,,,,,,,,,,,1.0
26,-BJ-,V_V,2,ARO,,,j,,,,,,,,,1.0
26,-BJ-,V_V,1,ARO,,,k,,,,,,,,,1.0
11,-BJ-,V_V,2,ARP,,,,,,,,,,,,1.0
11,-BJ-,V_V,1,ARP,,,,,,,,,,,,1.0
45,-BJ-,V_V,2,ASL,,,,,,,,,,,,1.0
45,-BJ-,V_V,1,ASL,,,,,,,,,,,,1.0
5,-BJ-,V_V,2,BAL,−/+,i,i~j,,−,∅~W,Ɉ,-2,−,0.25,+,1.0
50,-BJ-,V_V,2,BAL,−,∅,∅,,−,∅,Ɉ,-2,−,0,+,3.0
50,-BJ-,V_V,1,BAL,,,,,,,,,,,,3.0
5,-BJ-,V_V,1,BAL,+,b/v,v~β,,−,F,B,2.75,−,2,+,1.0
37,-BJ-,V_V,2,BAL,+,gu,ɡ~ɣ,,−,P~F,K,-3,−,3,+,2.0
37,-BJ-,V_V,1,BAL,−,∅,∅,,−,∅,Ɉ,-2,−,0,+,2.0
0,-BJ-,V_V,2,BR POR,+,v,v,,−,F,B,2.5,−,2,+,1.0
30,-BJ-,V_V,2,BR POR,+,j,ʒ,,−,F,Ɉ,-0.5,+,2,+,2.0
43,-BJ-,V_V,1,BR POR,,,,,,,,,,,,3.0
43,-BJ-,V_V,2,BR POR,+,i,j,,−,W,Ɉ,-2,−,0.5,+,3.0
0,-BJ-,V_V,1,BR POR,+,i,j,,−,W,Ɉ,-2,−,0.5,+,1.0
30,-BJ-,V_V,1,BR POR,,,,,,,,,,,,2.0
22,-BJ-,V_V,1,CAM,,,,,,,,,,,,1.0
22,-BJ-,V_V,2,CAM,,,,,,,,,,,,1.0
54,-BJ-,V_V,1,CAS ESP,+,b,β̞,,−,W,B,3,−,0.5,+,3.0
31,-BJ-,V_V,1,CAS ESP,,,,,,,,,,,,1.0
54,-BJ-,V_V,2,CAS ESP,+,i,j,,−,W,Ɉ,-2,−,0.5,+,3.0
31,-BJ-,V_V,2,CAS ESP,+,y,ʝ,,−,F,Ɉ,-2,−,2,+,1.0
44,-BJ-,V_V,1,CAS ESP,,,,,,,,,,,,2.0
44,-BJ-,V_V,2,CAS ESP,−,∅,∅,,−,∅,Ɉ,-2,−,0,+,2.0
48,-BJ-,V_V,1,CAT,,,,,,,,,,,,3.0
3,-BJ-,V_V,1,CAT,+,b/v,β~β̞,,−,F~W,B,3,−,1.25,+,1.0
48,-BJ-,V_V,2,CAT,−,∅,∅,,−,∅,Ɉ,-2,−,0,+,3.0
35,-BJ-,V_V,2,CAT,+,gu,ɣ~ɣ̞,,−,F~W,K,-3,−,1.25,+,2.0
35,-BJ-,V_V,1,CAT,−,∅,∅,,−,∅,Ɉ,-2,−,0,+,2.0
3,-BJ-,V_V,2,CAT,−/+,i,i~j,,−,∅~W,Ɉ,-2,−,0.25,+,1.0
19,-BJ-,V_V,2,COR,,,,,,,,,,,,1.0
19,-BJ-,V_V,1,COR,,,,,,,,,,,,1.0
18,-BJ-,V_V,2,CPN SRD,,,,,,,,,,,,1.0
18,-BJ-,V_V,1,CPN SRD,,,,,,,,,,,,1.0
8,-BJ-,V_V,2,EU FRA,+,ge,ʒ,,−,F,Ɉ,-0.5,+,2,+,1.0
38,-BJ-,V_V,1,EU FRA,,,,,,,,,,,,2.0
51,-BJ-,V_V,1,EU FRA,,,,,,,,,,,,3.0
51,-BJ-,V_V,2,EU FRA,−,∅,∅,,−,∅,Ɉ,-2,−,0,+,3.0
38,-BJ-,V_V,2,EU FRA,−,∅,∅,,−,∅,Ɉ,-2,−,0,+,2.0
8,-BJ-,V_V,1,EU FRA,,,,,,,,,,,,1.0
13,-BJ-,V_V,2,EU POR,+,v~β,v,,−,F,B,2.75,−,2,+,1.0
42,-BJ-,V_V,2,EU POR,+,i,j,,−,W,Ɉ,-2,−,0.5,+,3.0
13,-BJ-,V_V,1,EU POR,+,i,j,,−,W,Ɉ,-2,−,0.5,+,1.0
29,-BJ-,V_V,1,EU POR,,,,,,,,,,,,2.0
29,-BJ-,V_V,2,EU POR,+,j,ʒ,,−,F,Ɉ,-0.5,+,2,+,2.0
42,-BJ-,V_V,1,EU POR,,,,,,,,,,,,3.0
16,-BJ-,V_V,2,FUR,,,,,,,,,,,,1.0
16,-BJ-,V_V,1,FUR,,,,,,,,,,,,1.0
34,-BJ-,V_V,2,GAL,,,,,,,,,,,,1.0
34,-BJ-,V_V,1,GAL,,,,,,,,,,,,1.0
7,-BJ-,V_V,1,GAS OCC,,,,,,,,,,,,1.0
7,-BJ-,V_V,2,GAS OCC,,,,,,,,,,,,1.0
52,-BJ-,V_V,2,ITA,−,∅,∅,,−,∅,Ɉ,-2,−,0,+,3.0
39,-BJ-,V_V,2,ITA,+,i,j,,−,W,Ɉ,-2,−,0.5,+,2.0
20,-BJ-,V_V,1,ITA,+,bb,bb,,−,PP,B,3,−,5,+,1.0
20,-BJ-,V_V,2,ITA,+,i,j,,−,W,Ɉ,-2,−,0.5,+,1.0
39,-BJ-,V_V,1,ITA,+,bb,bb,,−,PP,B,3,−,5,+,2.0
52,-BJ-,V_V,1,ITA,,,,,,,,,,,,3.0
2,-BJ-,V_V,2,LAT,+,I/E,j,,−,W,Ɉ,-2,−,0.5,+,1.0
2,-BJ-,V_V,1,LAT,+,B,b,,−,P,B,3,−,4,+,1.0
12,-BJ-,V_V,1,LIG,,,,,,,,,,,,1.0
12,-BJ-,V_V,2,LIG,,,,,,,,,,,,1.0
14,-BJ-,V_V,2,LMO,,,,,,,,,,,,1.0
14,-BJ-,V_V,1,LMO,,,,,,,,,,,,1.0
17,-BJ-,V_V,2,LOG SRD,,,,,,,,,,,,1.0
17,-BJ-,V_V,1,LOG SRD,,,,,,,,,,,,1.0
6,-BJ-,V_V,1,OCC,,,,,,,,,,,,1.0
6,-BJ-,V_V,2,OCC,,,,,,,,,,,,1.0
23,-BJ-,V_V,1,PGL,,,,,,,,,,,,1.0
23,-BJ-,V_V,2,PGL,,,,,,,,,,,,1.0
9,-BJ-,V_V,2,QBC FRA,,,,,,,,,,,,1.0
9,-BJ-,V_V,1,QBC FRA,,,,,,,,,,,,1.0
15,-BJ-,V_V,1,RMH,,,,,,,,,,,,1.0
15,-BJ-,V_V,2,RMH,,,,,,,,,,,,1.0
40,-BJ-,V_V,1,ROM,+,i,j,,−,W,Ɉ,-2,−,0.5,+,2.0
53,-BJ-,V_V,2,ROM,,,,,,,,,,,,3.0
40,-BJ-,V_V,2,ROM,+,b,b,,−,P,B,3,−,4,+,2.0
53,-BJ-,V_V,1,ROM,,,,,,,,,,,,3.0
27,-BJ-,V_V,2,ROM,+,b,b,,−,P,B,3,−,4,+,1.0
27,-BJ-,V_V,1,ROM,+,i,j,,−,W,Ɉ,-2,−,0.5,+,1.0
24,-BJ-,V_V,2,SCN,,,,,,,,,,,,1.0
24,-BJ-,V_V,1,SCN,,,,,,,,,,,,1.0
49,-BJ-,V_V,2,VAL,−,∅,∅,,−,∅,Ɉ,-2,−,0,+,3.0
49,-BJ-,V_V,1,VAL,,,,,,,,,,,,3.0
4,-BJ-,V_V,2,VAL,−/+,i,i~j,,−,∅~W,Ɉ,-2,−,0.25,+,1.0
36,-BJ-,V_V,1,VAL,−,∅,∅,,−,∅,Ɉ,-2,−,0,+,2.0
36,-BJ-,V_V,2,VAL,+,gu,ɡ~ɣ̞,,−,P~W,K,-3,−,2.25,+,2.0
4,-BJ-,V_V,1,VAL,+,b/v,v~β̞,,−,F~W,B,2.75,−,1.25,+,1.0
25,-BJ-,V_V,1,VEN,,,,,,,,,,,,1.0
25,-BJ-,V_V,2,VEN,,,,,,,,,,,,1.0
10,-BJ-,V_V,1,WAL,,,,,,,,,,,,1.0
10,-BJ-,V_V,2,WAL,,,,,,,,,,,,1.0
21,-TJ-,Vˈ_V,2,ABR,,,,,,,,,,,,1.0
21,-TJ-,Vˈ_V,1,ABR,,,,,,,,,,,,1.0
1,-TJ-,Vˈ_V,1,AMR ESP,+,z,s,,−,F,D,1,+,2,−,1.0
1,-TJ-,Vˈ_V,2,AMR ESP,,,,,,,,,,,,1.0
35,-TJ-,Vˈ_V,2,AND ESP,,,,,,,,,,,,1.0
35,-TJ-,Vˈ_V,1,AND ESP,+,z,s̟,,−,F,D,1.6666666666666667,+,2,−,1.0
36,-TJ-,Vˈ_V,1,ARG,,,,,,,,,,,,1.0
36,-TJ-,Vˈ_V,2,ARG,,,,,,,,,,,,1.0
26,-TJ-,Vˈ_V,1,ARO,,,,,,,,,,,,1.0
26,-TJ-,Vˈ_V,2,ARO,,,,,,,,,,,,1.0
11,-TJ-,Vˈ_V,1,ARP,,,,,,,,,,,,1.0
11,-TJ-,Vˈ_V,2,ARP,,,,,,,,,,,,1.0
33,-TJ-,Vˈ_V,1,ASL,,,,,,,,,,,,1.0
33,-TJ-,Vˈ_V,2,ASL,,,,,,,,,,,,1.0
5,-TJ-,Vˈ_V,1,BAL,−,∅,∅,,−,∅,D,0.5,+,0,+,1.0
5,-TJ-,Vˈ_V,2,BAL,,,,,,,,,,,,1.0
30,-TJ-,Vˈ_V,1,BR POR,+,ç,s,,−,F,D,1,+,2,−,2.0
0,-TJ-,Vˈ_V,2,BR POR,,,,,,,,,,,,1.0
30,-TJ-,Vˈ_V,2,BR POR,,,,,,,,,,,,2.0
0,-TJ-,Vˈ_V,1,BR POR,+,z,z,,−,F,D,1,+,2,+,1.0
22,-TJ-,Vˈ_V,1,CAM,,,,,,,,,,,,1.0
22,-TJ-,Vˈ_V,2,CAM,,,,,,,,,,,,1.0
34,-TJ-,Vˈ_V,1,CAS ESP,+,z,θ,,−,F,D,2,−,2,−,1.0
34,-TJ-,Vˈ_V,2,CAS ESP,,,,,,,,,,,,1.0
3,-TJ-,Vˈ_V,1,CAT,−,∅,∅,,−,∅,D,0.5,+,0,+,1.0
3,-TJ-,Vˈ_V,2,CAT,,,,,,,,,,,,1.0
19,-TJ-,Vˈ_V,2,COR,,,,,,,,,,,,1.0
19,-TJ-,Vˈ_V,1,COR,,,,,,,,,,,,1.0
18,-TJ-,Vˈ_V,2,CPN SRD,,,,,,,,,,,,1.0
18,-TJ-,Vˈ_V,1,CPN SRD,,,,,,,,,,,,1.0
8,-TJ-,Vˈ_V,1,EU FRA,+,s,z̪,,−,F,D,1.3333333333333333,+,2,+,1.0
8,-TJ-,Vˈ_V,2,EU FRA,,,,,,,,,,,,1.0
29,-TJ-,Vˈ_V,2,EU POR,,,,,,,,,,,,2.0
13,-TJ-,Vˈ_V,1,EU POR,+,z,z~z̪,,−,F,D,1.0833333333333333,+,2,+,1.0
29,-TJ-,Vˈ_V,1,EU POR,+,ç,s~s̪,,−,F,D,1.0833333333333333,+,2,−,2.0
13,-TJ-,Vˈ_V,2,EU POR,,,,,,,,,,,,1.0
16,-TJ-,Vˈ_V,2,FUR,,,,,,,,,,,,1.0
16,-TJ-,Vˈ_V,1,FUR,,,,,,,,,,,,1.0
32,-TJ-,Vˈ_V,1,GAL,,,,,,,,,,,,1.0
32,-TJ-,Vˈ_V,2,GAL,,,,,,,,,,,,1.0
7,-TJ-,Vˈ_V,1,GAS OCC,,,,,,,,,,,,1.0
7,-TJ-,Vˈ_V,2,GAS OCC,,,,,,,,,,,,1.0
31,-TJ-,Vˈ_V,1,ITA,+,zz,tt͡s,,−,PP͡F,D,1,+,3.75,−,2.0
20,-TJ-,Vˈ_V,2,ITA,,,,,,,,,,,,1.0
31,-TJ-,Vˈ_V,2,ITA,,,,,,,,,,,,2.0
20,-TJ-,Vˈ_V,1,ITA,+,zz (gi),tt͡s (ʒ),,−,PP͡F (F),D (Ɉ),0.5,+,3.1666666666666665,− (+),1.0
2,-TJ-,Vˈ_V,2,LAT,+,I/E,j,,−,W,Ɉ,-2,−,0.5,+,1.0
2,-TJ-,Vˈ_V,1,LAT,+,T,t̪,,−,P,D,1.6666666666666667,−,4,−,1.0
12,-TJ-,Vˈ_V,1,LIG,,,,,,,,,,,,1.0
12,-TJ-,Vˈ_V,2,LIG,,,,,,,,,,,,1.0
14,-TJ-,Vˈ_V,2,LMO,,,,,,,,,,,,1.0
14,-TJ-,Vˈ_V,1,LMO,,,,,,,,,,,,1.0
17,-TJ-,Vˈ_V,2,LOG SRD,,,,,,,,,,,,1.0
17,-TJ-,Vˈ_V,1,LOG SRD,,,,,,,,,,,,1.0
6,-TJ-,Vˈ_V,2,OCC,,,,,,,,,,,,1.0
6,-TJ-,Vˈ_V,1,OCC,,,,,,,,,,,,1.0
23,-TJ-,Vˈ_V,2,PGL,,,,,,,,,,,,1.0
23,-TJ-,Vˈ_V,1,PGL,,,,,,,,,,,,1.0
9,-TJ-,Vˈ_V,1,QBC FRA,,,,,,,,,,,,1.0
9,-TJ-,Vˈ_V,2,QBC FRA,,,,,,,,,,,,1.0
15,-TJ-,Vˈ_V,2,RMH,,,,,,,,,,,,1.0
15,-TJ-,Vˈ_V,1,RMH,,,,,,,,,,,,1.0
27,-TJ-,Vˈ_V,1,ROM,+,ț (ci),t͡s (t̠͡ʃ),,−,P͡F,D (Ɉ),0.5,+,3,−,1.0
27,-TJ-,Vˈ_V,2,ROM,,,,,,,,,,,,1.0
24,-TJ-,Vˈ_V,2,SCN,,,,,,,,,,,,1.0
24,-TJ-,Vˈ_V,1,SCN,,,,,,,,,,,,1.0
4,-TJ-,Vˈ_V,2,VAL,,,,,,,,,,,,1.0
4,-TJ-,Vˈ_V,1,VAL,−,∅,∅,,−,∅,D,0.5,+,0,+,1.0
25,-TJ-,Vˈ_V,2,VEN,,,,,,,,,,,,1.0
25,-TJ-,Vˈ_V,1,VEN,,,,,,,,,,,,1.0
10,-TJ-,Vˈ_V,1,WAL,,,,,,,,,,,,1.0
10,-TJ-,Vˈ_V,2,WAL,,,,,,,,,,,,1.0
21,-TJ-,ˈV_V,2,ABR,,,,,,,,,,,,1.0
21,-TJ-,ˈV_V,1,ABR,,,,,,,,,,,,1.0
1,-TJ-,ˈV_V,1,AMR ESP,+,z,s,,−,F,D,1,+,2,−,1.0
1,-TJ-,ˈV_V,2,AMR ESP,,,,,,,,,,,,1.0
34,-TJ-,ˈV_V,2,AND ESP,,,,,,,,,,,,1.0
34,-TJ-,ˈV_V,1,AND ESP,+,z,s̟,,−,F,D,1.6666666666666667,+,2,−,1.0
35,-TJ-,ˈV_V,1,ARG,,,,,,,,,,,,1.0
35,-TJ-,ˈV_V,2,ARG,,,,,,,,,,,,1.0
26,-TJ-,ˈV_V,1,ARO,,,,,,,,,,,,1.0
26,-TJ-,ˈV_V,2,ARO,,,,,,,,,,,,1.0
11,-TJ-,ˈV_V,1,ARP,,,,,,,,,,,,1.0
11,-TJ-,ˈV_V,2,ARP,,,,,,,,,,,,1.0
32,-TJ-,ˈV_V,1,ASL,,,,,,,,,,,,1.0
32,-TJ-,ˈV_V,2,ASL,,,,,,,,,,,,1.0
5,-TJ-,ˈV_V,1,BAL,−,∅,∅,,−,∅,D,0.5,+,0,+,1.0
5,-TJ-,ˈV_V,2,BAL,,,,,,,,,,,,1.0
30,-TJ-,ˈV_V,1,BR POR,+,ç,s,,−,F,D,1,+,2,−,2.0
0,-TJ-,ˈV_V,2,BR POR,,,,,,,,,,,,1.0
30,-TJ-,ˈV_V,2,BR POR,,,,,,,,,,,,2.0
0,-TJ-,ˈV_V,1,BR POR,+,z/ç,z~s,,−,F,D,1,+,2,+/−,1.0
22,-TJ-,ˈV_V,1,CAM,,,,,,,,,,,,1.0
22,-TJ-,ˈV_V,2,CAM,,,,,,,,,,,,1.0
33,-TJ-,ˈV_V,1,CAS ESP,+,z,θ,,−,F,D,2,−,2,−,1.0
33,-TJ-,ˈV_V,2,CAS ESP,,,,,,,,,,,,1.0
3,-TJ-,ˈV_V,1,CAT,−,∅,∅,,−,∅,D,0.5,+,0,+,1.0
3,-TJ-,ˈV_V,2,CAT,,,,,,,,,,,,1.0
19,-TJ-,ˈV_V,2,COR,,,,,,,,,,,,1.0
19,-TJ-,ˈV_V,1,COR,,,,,,,,,,,,1.0
18,-TJ-,ˈV_V,2,CPN SRD,,,,,,,,,,,,1.0
18,-TJ-,ˈV_V,1,CPN SRD,,,,,,,,,,,,1.0
8,-TJ-,ˈV_V,1,EU FRA,+,s,z̪,,−,F,D,1.3333333333333333,+,2,+,1.0
8,-TJ-,ˈV_V,2,EU FRA,,,,,,,,,,,,1.0
13,-TJ-,ˈV_V,1,EU POR,+,z/ç,z/s(z̪/s̪),,−,F,D,1.0833333333333333,+,2,+/−,1.0
13,-TJ-,ˈV_V,2,EU POR,,,,,,,,,,,,1.0
29,-TJ-,ˈV_V,2,EU POR,,,,,,,,,,,,2.0
29,-TJ-,ˈV_V,1,EU POR,+,ç,s~s̪,,−,F,D,1.0833333333333333,+,2,−,2.0
16,-TJ-,ˈV_V,2,FUR,,,,,,,,,,,,1.0
16,-TJ-,ˈV_V,1,FUR,,,,,,,,,,,,1.0
31,-TJ-,ˈV_V,1,GAL,,,,,,,,,,,,1.0
31,-TJ-,ˈV_V,2,GAL,,,,,,,,,,,,1.0
7,-TJ-,ˈV_V,1,GAS OCC,,,,,,,,,,,,1.0
7,-TJ-,ˈV_V,2,GAS OCC,,,,,,,,,,,,1.0
20,-TJ-,ˈV_V,2,ITA,,,,,,,,,,,,1.0
20,-TJ-,ˈV_V,1,ITA,+,zz,tt͡s,,−,PP͡F,D,1,+,3.75,−,1.0
2,-TJ-,ˈV_V,2,LAT,+,I/E,j,,−,W,Ɉ,-2,−,0.5,+,1.0
2,-TJ-,ˈV_V,1,LAT,+,T,t̪,,−,P,D,1.6666666666666667,−,4,−,1.0
12,-TJ-,ˈV_V,1,LIG,,,,,,,,,,,,1.0
12,-TJ-,ˈV_V,2,LIG,,,,,,,,,,,,1.0
14,-TJ-,ˈV_V,2,LMO,,,,,,,,,,,,1.0
14,-TJ-,ˈV_V,1,LMO,,,,,,,,,,,,1.0
17,-TJ-,ˈV_V,2,LOG SRD,,,,,,,,,,,,1.0
17,-TJ-,ˈV_V,1,LOG SRD,,,,,,,,,,,,1.0
6,-TJ-,ˈV_V,2,OCC,,,,,,,,,,,,1.0
6,-TJ-,ˈV_V,1,OCC,,,,,,,,,,,,1.0
23,-TJ-,ˈV_V,2,PGL,,,,,,,,,,,,1.0
23,-TJ-,ˈV_V,1,PGL,,,,,,,,,,,,1.0
9,-TJ-,ˈV_V,1,QBC FRA,,,,,,,,,,,,1.0
9,-TJ-,ˈV_V,2,QBC FRA,,,,,,,,,,,,1.0
15,-TJ-,ˈV_V,1,RMH,,,,,,,,,,,,1.0
15,-TJ-,ˈV_V,2,RMH,,,,,,,,,,,,1.0
27,-TJ-,ˈV_V,2,ROM,,,,,,,,,,,,1.0
27,-TJ-,ˈV_V,1,ROM,+,ț,t͡s,,−,P͡F,D,1,+,3,−,1.0
24,-TJ-,ˈV_V,2,SCN,,,,,,,,,,,,1.0
24,-TJ-,ˈV_V,1,SCN,,,,,,,,,,,,1.0
4,-TJ-,ˈV_V,1,VAL,−,∅,∅,,−,∅,D,0.5,+,0,+,1.0
4,-TJ-,ˈV_V,2,VAL,,,,,,,,,,,,1.0
25,-TJ-,ˈV_V,2,VEN,,,,,,,,,,,,1.0
25,-TJ-,ˈV_V,1,VEN,,,,,,,,,,,,1.0
10,-TJ-,ˈV_V,2,WAL,,,,,,,,,,,,1.0
10,-TJ-,ˈV_V,1,WAL,,,,,,,,,,,,1.0
21,-DJ-,V_V,2,ABR,,,,,,,,,,,,1.0
21,-DJ-,V_V,1,ABR,,,,,,,,,,,,1.0
1,-DJ-,V_V,1,AMR ESP,+,y,ʝ,,−,F,Ɉ,-2,−,2,+,1.0
1,-DJ-,V_V,2,AMR ESP,,,,,,,,,,,,1.0
31,-DJ-,V_V,2,AND ESP,,,,,,,,,,,,1.0
31,-DJ-,V_V,1,AND ESP,+,y,ʝ,,−,F,Ɉ,-2,−,2,+,1.0
32,-DJ-,V_V,1,ARG,+,,ʝ,,−,F,Ɉ,-2,−,2,+,1.0
32,-DJ-,V_V,2,ARG,,,,,,,,,,,,1.0
26,-DJ-,V_V,2,ARO,,,,,,,,,,,,1.0
26,-DJ-,V_V,1,ARO,,,,,,,,,,,,1.0
11,-DJ-,V_V,1,ARP,,,,,,,,,,,,1.0
11,-DJ-,V_V,2,ARP,,,,,,,,,,,,1.0
29,-DJ-,V_V,2,ASL,,,,,,,,,,,,1.0
29,-DJ-,V_V,1,ASL,,,,,,,,,,,,1.0
5,-DJ-,V_V,2,BAL,,,,,,,,,,,,1.0
5,-DJ-,V_V,1,BAL,+,j,ʒ,,−,F,Ɉ,-0.5,+,2,+,1.0
0,-DJ-,V_V,1,BR POR,+,j (i),ʒ (j),,−,F (W),Ɉ,-1,+ (−),1.5,+,1.0
0,-DJ-,V_V,2,BR POR,,,,,,,,,,,,1.0
22,-DJ-,V_V,2,CAM,,,,,,,,,,,,1.0
22,-DJ-,V_V,1,CAM,,,,,,,,,,,,1.0
30,-DJ-,V_V,2,CAS ESP,,,,,,,,,,,,1.0
30,-DJ-,V_V,1,CAS ESP,+,y,ʝ,,−,F,Ɉ,-2,−,2,+,1.0
3,-DJ-,V_V,1,CAT,+,j,ʒ,,−,F,Ɉ,-0.5,+,2,+,1.0
3,-DJ-,V_V,2,CAT,,,,,,,,,,,,1.0
19,-DJ-,V_V,2,COR,,,,,,,,,,,,1.0
19,-DJ-,V_V,1,COR,,,,,,,,,,,,1.0
18,-DJ-,V_V,2,CPN SRD,,,,,,,,,,,,1.0
18,-DJ-,V_V,1,CPN SRD,,,,,,,,,,,,1.0
8,-DJ-,V_V,1,EU FRA,,,,,,,,,,,,1.0
8,-DJ-,V_V,2,EU FRA,+,i/y,j,,−,W,Ɉ,-2,−,0.5,+,1.0
13,-DJ-,V_V,1,EU POR,+,j (i),ʒ (j),,−,F (W),Ɉ,-1,+ (−),1.5,+,1.0
13,-DJ-,V_V,2,EU POR,,,,,,,,,,,,1.0
16,-DJ-,V_V,2,FUR,,,,,,,,,,,,1.0
16,-DJ-,V_V,1,FUR,,,,,,,,,,,,1.0
28,-DJ-,V_V,1,GAL,,,ʃ,,,,,,,,,1.0
28,-DJ-,V_V,2,GAL,,,,,,,,,,,,1.0
7,-DJ-,V_V,1,GAS OCC,,,,,,,,,,,,1.0
7,-DJ-,V_V,2,GAS OCC,,,,,,,,,,,,1.0
20,-DJ-,V_V,1,ITA,+,ggi/zz,d̠d̠͡ʒ/dd͡z,,−,PP͡F,Ɉ/D,0.33333333333333337,+,3.75,+,1.0
20,-DJ-,V_V,2,ITA,,,,,,,,,,,,1.0
2,-DJ-,V_V,1,LAT,+,D,d̪,,−,P,D,1.6666666666666667,−,4,+,1.0
2,-DJ-,V_V,2,LAT,+,I/E,j,,−,W,Ɉ,-2,−,0.5,+,1.0
12,-DJ-,V_V,1,LIG,,,,,,,,,,,,1.0
12,-DJ-,V_V,2,LIG,,,,,,,,,,,,1.0
14,-DJ-,V_V,2,LMO,,,,,,,,,,,,1.0
14,-DJ-,V_V,1,LMO,,,,,,,,,,,,1.0
17,-DJ-,V_V,2,LOG SRD,,,,,,,,,,,,1.0
17,-DJ-,V_V,1,LOG SRD,,,,,,,,,,,,1.0
6,-DJ-,V_V,2,OCC,,,,,,,,,,,,1.0
6,-DJ-,V_V,1,OCC,,,,,,,,,,,,1.0
23,-DJ-,V_V,1,PGL,,,,,,,,,,,,1.0
23,-DJ-,V_V,2,PGL,,,,,,,,,,,,1.0
9,-DJ-,V_V,2,QBC FRA,,,,,,,,,,,,1.0
9,-DJ-,V_V,1,QBC FRA,,,,,,,,,,,,1.0
15,-DJ-,V_V,2,RMH,,,,,,,,,,,,1.0
15,-DJ-,V_V,1,RMH,,,,,,,,,,,,1.0
27,-DJ-,V_V,1,ROM,+,z,z̪,,−,F,D,1.3333333333333333,+,2,+,1.0
27,-DJ-,V_V,2,ROM,,,,,,,,,,,,1.0
24,-DJ-,V_V,1,SCN,,,,,,,,,,,,1.0
24,-DJ-,V_V,2,SCN,,,,,,,,,,,,1.0
4,-DJ-,V_V,1,VAL,+,j,d̠͡ʒ,,−,P͡F,Ɉ,-0.5,+,3,+,1.0
4,-DJ-,V_V,2,VAL,,,,,,,,,,,,1.0
25,-DJ-,V_V,1,VEN,,,,,,,,,,,,1.0
25,-DJ-,V_V,2,VEN,,,,,,,,,,,,1.0
10,-DJ-,V_V,1,WAL,,,,,,,,,,,,1.0
10,-DJ-,V_V,2,WAL,,,,,,,,,,,,1.0
21,-CJ-,Vˈ_V,2,ABR,,,,,,,,,,,,1.0
21,-CJ-,Vˈ_V,1,ABR,,,,,,,,,,,,1.0
1,-CJ-,Vˈ_V,1,AMR ESP,+,c,s,,−,F,D,1,+,2,−,1.0
1,-CJ-,Vˈ_V,2,AMR ESP,,,,,,,,,,,,1.0
31,-CJ-,Vˈ_V,2,AND ESP,,,,,,,,,,,,1.0
31,-CJ-,Vˈ_V,1,AND ESP,+,c,s̟,,−,F,D,1.6666666666666667,+,2,−,1.0
32,-CJ-,Vˈ_V,1,ARG,,,,,,,,,,,,1.0
32,-CJ-,Vˈ_V,2,ARG,,,,,,,,,,,,1.0
26,-CJ-,Vˈ_V,2,ARO,,,,,,,,,,,,1.0
26,-CJ-,Vˈ_V,1,ARO,,,,,,,,,,,,1.0
11,-CJ-,Vˈ_V,1,ARP,,,,,,,,,,,,1.0
11,-CJ-,Vˈ_V,2,ARP,,,,,,,,,,,,1.0
29,-CJ-,Vˈ_V,2,ASL,,,,,,,,,,,,1.0
29,-CJ-,Vˈ_V,1,ASL,,,,,,,,,,,,1.0
5,-CJ-,Vˈ_V,2,BAL,,,,,,,,,,,,1.0
5,-CJ-,Vˈ_V,1,BAL,+,ç/c,s̠,,−,F,D,0.5,+,2,−,1.0
0,-CJ-,Vˈ_V,1,BR POR,+,ç/c,s,,−,F,D,1,+,2,−,1.0
0,-CJ-,Vˈ_V,2,BR POR,,,,,,,,,,,,1.0
22,-CJ-,Vˈ_V,2,CAM,,,,,,,,,,,,1.0
22,-CJ-,Vˈ_V,1,CAM,,,,,,,,,,,,1.0
30,-CJ-,Vˈ_V,2,CAS ESP,,,,,,,,,,,,1.0
30,-CJ-,Vˈ_V,1,CAS ESP,+,c,θ,,−,F,D,2,−,2,−,1.0
3,-CJ-,Vˈ_V,1,CAT,+,ç/c,s̠,,−,F,D,0.5,+,2,−,1.0
3,-CJ-,Vˈ_V,2,CAT,,,,,,,,,,,,1.0
19,-CJ-,Vˈ_V,2,COR,,,,,,,,,,,,1.0
19,-CJ-,Vˈ_V,1,COR,,,,,,,,,,,,1.0
18,-CJ-,Vˈ_V,2,CPN SRD,,,,,,,,,,,,1.0
18,-CJ-,Vˈ_V,1,CPN SRD,,,,,,,,,,,,1.0
8,-CJ-,Vˈ_V,1,EU FRA,+,ss/ce,s̪,,−,F,D,1.3333333333333333,+,2,−,1.0
8,-CJ-,Vˈ_V,2,EU FRA,,,,,,,,,,,,1.0
13,-CJ-,Vˈ_V,1,EU POR,+,ç/c,s,,−,F,D,1,+,2,−,1.0
13,-CJ-,Vˈ_V,2,EU POR,,,,,,,,,,,,1.0
16,-CJ-,Vˈ_V,2,FUR,,,,,,,,,,,,1.0
16,-CJ-,Vˈ_V,1,FUR,,,,,,,,,,,,1.0
28,-CJ-,Vˈ_V,1,GAL,,,,,,,,,,,,1.0
28,-CJ-,Vˈ_V,2,GAL,,,,,,,,,,,,1.0
7,-CJ-,Vˈ_V,1,GAS OCC,,,,,,,,,,,,1.0
7,-CJ-,Vˈ_V,2,GAS OCC,,,,,,,,,,,,1.0
20,-CJ-,Vˈ_V,1,ITA,+,cci,t̠t̠͡ʃ,,−,PP͡F,Ɉ,-0.5,+,3.75,−,1.0
20,-CJ-,Vˈ_V,2,ITA,,,,,,,,,,,,1.0
2,-CJ-,Vˈ_V,1,LAT,+,C,k,,−,P,K,-3,−,4,−,1.0
2,-CJ-,Vˈ_V,2,LAT,+,I/E,j,,−,W,Ɉ,-2,−,0.5,+,1.0
12,-CJ-,Vˈ_V,1,LIG,,,,,,,,,,,,1.0
12,-CJ-,Vˈ_V,2,LIG,,,,,,,,,,,,1.0
14,-CJ-,Vˈ_V,2,LMO,,,,,,,,,,,,1.0
14,-CJ-,Vˈ_V,1,LMO,,,,,,,,,,,,1.0
17,-CJ-,Vˈ_V,2,LOG SRD,,,,,,,,,,,,1.0
17,-CJ-,Vˈ_V,1,LOG SRD,,,,,,,,,,,,1.0
6,-CJ-,Vˈ_V,2,OCC,,,,,,,,,,,,1.0
6,-CJ-,Vˈ_V,1,OCC,,,,,,,,,,,,1.0
23,-CJ-,Vˈ_V,1,PGL,,,,,,,,,,,,1.0
23,-CJ-,Vˈ_V,2,PGL,,,,,,,,,,,,1.0
9,-CJ-,Vˈ_V,2,QBC FRA,,,,,,,,,,,,1.0
9,-CJ-,Vˈ_V,1,QBC FRA,,,,,,,,,,,,1.0
15,-CJ-,Vˈ_V,2,RMH,,,,,,,,,,,,1.0
15,-CJ-,Vˈ_V,1,RMH,,,,,,,,,,,,1.0
27,-CJ-,Vˈ_V,1,ROM,+,ci/c,t̠͡ʃ,,−,P͡F,Ɉ,-0.5,+,3,−,1.0
27,-CJ-,Vˈ_V,2,ROM,,,,,,,,,,,,1.0
24,-CJ-,Vˈ_V,1,SCN,,,,,,,,,,,,1.0
24,-CJ-,Vˈ_V,2,SCN,,,,,,,,,,,,1.0
4,-CJ-,Vˈ_V,1,VAL,+,ç/c,s̠,,−,F,D,0.5,+,2,−,1.0
4,-CJ-,Vˈ_V,2,VAL,,,,,,,,,,,,1.0
25,-CJ-,Vˈ_V,1,VEN,,,,,,,,,,,,1.0
25,-CJ-,Vˈ_V,2,VEN,,,,,,,,,,,,1.0
10,-CJ-,Vˈ_V,1,WAL,,,,,,,,,,,,1.0
10,-CJ-,Vˈ_V,2,WAL,,,,,,,,,,,,1.0
21,-CJ-,ˈV_V,2,ABR,,,,,,,,,,,,1.0
21,-CJ-,ˈV_V,1,ABR,,,,,,,,,,,,1.0
1,-CJ-,ˈV_V,1,AMR ESP,+,c,s,,−,F,D,1,+,2,−,1.0
1,-CJ-,ˈV_V,2,AMR ESP,,,,,,,,,,,,1.0
31,-CJ-,ˈV_V,2,AND ESP,,,,,,,,,,,,1.0
31,-CJ-,ˈV_V,1,AND ESP,+,c,s̟,,−,F,D,1.6666666666666667,+,2,−,1.0
32,-CJ-,ˈV_V,1,ARG,,,,,,,,,,,,1.0
32,-CJ-,ˈV_V,2,ARG,,,,,,,,,,,,1.0
26,-CJ-,ˈV_V,2,ARO,,,,,,,,,,,,1.0
26,-CJ-,ˈV_V,1,ARO,,,,,,,,,,,,1.0
11,-CJ-,ˈV_V,1,ARP,,,,,,,,,,,,1.0
11,-CJ-,ˈV_V,2,ARP,,,,,,,,,,,,1.0
29,-CJ-,ˈV_V,2,ASL,,,,,,,,,,,,1.0
29,-CJ-,ˈV_V,1,ASL,,,,,,,,,,,,1.0
5,-CJ-,ˈV_V,2,BAL,,,,,,,,,,,,1.0
5,-CJ-,ˈV_V,1,BAL,+,ç/c,s̠,,−,F,D,0.5,+,2,−,1.0
0,-CJ-,ˈV_V,1,BR POR,+,ç/c,s,,−,F,D,1,+,2,−,1.0
0,-CJ-,ˈV_V,2,BR POR,,,,,,,,,,,,1.0
22,-CJ-,ˈV_V,2,CAM,,,,,,,,,,,,1.0
22,-CJ-,ˈV_V,1,CAM,,,,,,,,,,,,1.0
30,-CJ-,ˈV_V,2,CAS ESP,,,,,,,,,,,,1.0
30,-CJ-,ˈV_V,1,CAS ESP,+,c,θ,,−,F,D,2,−,2,−,1.0
3,-CJ-,ˈV_V,1,CAT,+,ç/c,s̠,,−,F,D,0.5,+,2,−,1.0
3,-CJ-,ˈV_V,2,CAT,,,,,,,,,,,,1.0
19,-CJ-,ˈV_V,2,COR,,,,,,,,,,,,1.0
19,-CJ-,ˈV_V,1,COR,,,,,,,,,,,,1.0
18,-CJ-,ˈV_V,2,CPN SRD,,,,,,,,,,,,1.0
18,-CJ-,ˈV_V,1,CPN SRD,,,,,,,,,,,,1.0
8,-CJ-,ˈV_V,1,EU FRA,+,ss/ce,s̪,,−,F,D,1.3333333333333333,+,2,−,1.0
8,-CJ-,ˈV_V,2,EU FRA,,,,,,,,,,,,1.0
13,-CJ-,ˈV_V,1,EU POR,+,ç/c,s,,−,F,D,1,+,2,−,1.0
13,-CJ-,ˈV_V,2,EU POR,,,,,,,,,,,,1.0
16,-CJ-,ˈV_V,2,FUR,,,,,,,,,,,,1.0
16,-CJ-,ˈV_V,1,FUR,,,,,,,,,,,,1.0
28,-CJ-,ˈV_V,1,GAL,,,,,,,,,,,,1.0
28,-CJ-,ˈV_V,2,GAL,,,,,,,,,,,,1.0
7,-CJ-,ˈV_V,1,GAS OCC,,,,,,,,,,,,1.0
7,-CJ-,ˈV_V,2,GAS OCC,,,,,,,,,,,,1.0
20,-CJ-,ˈV_V,1,ITA,+,cci,t̠t̠͡ʃ,,−,PP͡F,Ɉ,-0.5,+,3.75,−,1.0
20,-CJ-,ˈV_V,2,ITA,,,,,,,,,,,,1.0
2,-CJ-,ˈV_V,1,LAT,+,C,k,,−,P,K,-3,−,4,−,1.0
2,-CJ-,ˈV_V,2,LAT,+,I/E,j,,−,W,Ɉ,-2,−,0.5,+,1.0
12,-CJ-,ˈV_V,1,LIG,,,,,,,,,,,,1.0
12,-CJ-,ˈV_V,2,LIG,,,,,,,,,,,,1.0
14,-CJ-,ˈV_V,2,LMO,,,,,,,,,,,,1.0
14,-CJ-,ˈV_V,1,LMO,,,,,,,,,,,,1.0
17,-CJ-,ˈV_V,2,LOG SRD,,,,,,,,,,,,1.0
17,-CJ-,ˈV_V,1,LOG SRD,,,,,,,,,,,,1.0
6,-CJ-,ˈV_V,2,OCC,,,,,,,,,,,,1.0
6,-CJ-,ˈV_V,1,OCC,,,,,,,,,,,,1.0
23,-CJ-,ˈV_V,1,PGL,,,,,,,,,,,,1.0
23,-CJ-,ˈV_V,2,PGL,,,,,,,,,,,,1.0
9,-CJ-,ˈV_V,2,QBC FRA,,,,,,,,,,,,1.0
9,-CJ-,ˈV_V,1,QBC FRA,,,,,,,,,,,,1.0
15,-CJ-,ˈV_V,2,RMH,,,,,,,,,,,,1.0
15,-CJ-,ˈV_V,1,RMH,,,,,,,,,,,,1.0
27,-CJ-,ˈV_V,1,ROM,+,ț,t͡s̪,,−,P͡F,D,1.3333333333333333,+,3,−,1.0
27,-CJ-,ˈV_V,2,ROM,,,,,,,,,,,,1.0
24,-CJ-,ˈV_V,1,SCN,,,,,,,,,,,,1.0
24,-CJ-,ˈV_V,2,SCN,,,,,,,,,,,,1.0
4,-CJ-,ˈV_V,1,VAL,+,ç/c,s̠,,−,F,D,0.5,+,2,−,1.0
4,-CJ-,ˈV_V,2,VAL,,,,,,,,,,,,1.0
25,-CJ-,ˈV_V,1,VEN,,,,,,,,,,,,1.0
25,-CJ-,ˈV_V,2,VEN,,,,,,,,,,,,1.0
10,-CJ-,ˈV_V,1,WAL,,,,,,,,,,,,1.0
10,-CJ-,ˈV_V,2,WAL,,,,,,,,,,,,1.0
21,-GJ-,V_V,2,ABR,,,,,,,,,,,,1.0
21,-GJ-,V_V,1,ABR,,,,,,,,,,,,1.0
1,-GJ-,V_V,1,AMR ESP,+,y,ʝ,,−,F,Ɉ,-2,−,2,+,1.0
1,-GJ-,V_V,2,AMR ESP,,,,,,,,,,,,1.0
36,-GJ-,V_V,2,AND ESP,,,,,,,,,,,,1.0
36,-GJ-,V_V,1,AND ESP,+,y,ʝ,,−,F,Ɉ,-2,−,2,+,1.0
37,-GJ-,V_V,1,ARG,,,,,,,,,,,,1.0
37,-GJ-,V_V,2,ARG,,,,,,,,,,,,1.0
26,-GJ-,V_V,1,ARO,,,,,,,,,,,,1.0
26,-GJ-,V_V,2,ARO,,,,,,,,,,,,1.0
11,-GJ-,V_V,1,ARP,,,,,,,,,,,,1.0
11,-GJ-,V_V,2,ARP,,,,,,,,,,,,1.0
34,-GJ-,V_V,1,ASL,,,,,,,,,,,,1.0
34,-GJ-,V_V,2,ASL,,,,,,,,,,,,1.0
5,-GJ-,V_V,1,BAL,+,j,ʒ,,−,F,Ɉ,-0.5,+,2,+,1.0
5,-GJ-,V_V,2,BAL,,,,,,,,,,,,1.0
30,-GJ-,V_V,1,BR POR,+,j,ʒ,,−,F,Ɉ,-0.5,+,2,+,2.0
0,-GJ-,V_V,2,BR POR,+,i,j,,−,W,Ɉ,-2,−,0.5,+,1.0
30,-GJ-,V_V,2,BR POR,,,,,,,,,,,,2.0
0,-GJ-,V_V,1,BR POR,,,,,,,,,,,,1.0
22,-GJ-,V_V,1,CAM,,,,,,,,,,,,1.0
22,-GJ-,V_V,2,CAM,,,,,,,,,,,,1.0
35,-GJ-,V_V,1,CAS ESP,+,y,ʝ,,−,F,Ɉ,-2,−,2,+,1.0
35,-GJ-,V_V,2,CAS ESP,,,,,,,,,,,,1.0
3,-GJ-,V_V,1,CAT,+,j,ʒ,,−,F,Ɉ,-0.5,+,2,+,1.0
3,-GJ-,V_V,2,CAT,,,,,,,,,,,,1.0
19,-GJ-,V_V,2,COR,,,,,,,,,,,,1.0
19,-GJ-,V_V,1,COR,,,,,,,,,,,,1.0
18,-GJ-,V_V,1,CPN SRD,,,,,,,,,,,,1.0
18,-GJ-,V_V,2,CPN SRD,,,,,,,,,,,,1.0
8,-GJ-,V_V,2,EU FRA,+,i/y,j,,−,W,Ɉ,-2,−,0.5,+,1.0
8,-GJ-,V_V,1,EU FRA,,,,,,,,,,,,1.0
13,-GJ-,V_V,2,EU POR,+,i,j,,−,W,Ɉ,-2,−,0.5,+,1.0
29,-GJ-,V_V,2,EU POR,,,,,,,,,,,,2.0
29,-GJ-,V_V,1,EU POR,+,j,ʒ,,−,F,Ɉ,-0.5,+,2,+,2.0
13,-GJ-,V_V,1,EU POR,,,,,,,,,,,,1.0
16,-GJ-,V_V,2,FUR,,,,,,,,,,,,1.0
16,-GJ-,V_V,1,FUR,,,,,,,,,,,,1.0
33,-GJ-,V_V,2,GAL,+,,j,,−,W,Ɉ,-2,−,0.5,+,1.0
33,-GJ-,V_V,1,GAL,,,,,,,,,,,,1.0
7,-GJ-,V_V,2,GAS OCC,,,,,,,,,,,,1.0
7,-GJ-,V_V,1,GAS OCC,,,,,,,,,,,,1.0
20,-GJ-,V_V,2,ITA,,,,,,,,,,,,1.0
31,-GJ-,V_V,2,ITA,,,,,,,,,,,,2.0
31,-GJ-,V_V,1,ITA,+,gg,ɡɡ,,−,PP,K,-3,−,5,+,2.0
20,-GJ-,V_V,1,ITA,+,ggi/zz,d̠d̠͡ʒ/dd͡z,,−,PP͡F,Ɉ/D,0.33333333333333337,+,3.75,+,1.0
2,-GJ-,V_V,1,LAT,+,G,ɡ,,−,P,K,-3,−,4,+,1.0
2,-GJ-,V_V,2,LAT,+,I/E,j,,−,W,Ɉ,-2,−,0.5,+,1.0
12,-GJ-,V_V,1,LIG,,,,,,,,,,,,1.0
12,-GJ-,V_V,2,LIG,,,,,,,,,,,,1.0
14,-GJ-,V_V,2,LMO,,,,,,,,,,,,1.0
14,-GJ-,V_V,1,LMO,,,,,,,,,,,,1.0
17,-GJ-,V_V,2,LOG SRD,,,,,,,,,,,,1.0
17,-GJ-,V_V,1,LOG SRD,,,,,,,,,,,,1.0
6,-GJ-,V_V,2,OCC,,,,,,,,,,,,1.0
6,-GJ-,V_V,1,OCC,,,,,,,,,,,,1.0
23,-GJ-,V_V,2,PGL,,,,,,,,,,,,1.0
23,-GJ-,V_V,1,PGL,,,,,,,,,,,,1.0
9,-GJ-,V_V,1,QBC FRA,,,,,,,,,,,,1.0
9,-GJ-,V_V,2,QBC FRA,,,,,,,,,,,,1.0
15,-GJ-,V_V,1,RMH,,,,,,,,,,,,1.0
15,-GJ-,V_V,2,RMH,,,,,,,,,,,,1.0
27,-GJ-,V_V,1,ROM,,,,,,,,,,,,1.0
32,-GJ-,V_V,2,ROM,,,,,,,,,,,,2.0
32,-GJ-,V_V,1,ROM,+,g,ɡ,,−,P,K,-3,−,4,+,2.0
27,-GJ-,V_V,2,ROM,+/−,i/∅,j~∅,,−,∅~W,Ɉ,-2,−,0.25,+,1.0
24,-GJ-,V_V,2,SCN,,,,,,,,,,,,1.0
24,-GJ-,V_V,1,SCN,,,,,,,,,,,,1.0
4,-GJ-,V_V,2,VAL,,,,,,,,,,,,1.0
4,-GJ-,V_V,1,VAL,+,j,d̠͡ʒ,,−,P͡F,Ɉ,-0.5,+,3,+,1.0
25,-GJ-,V_V,2,VEN,,,,,,,,,,,,1.0
25,-GJ-,V_V,1,VEN,,,,,,,,,,,,1.0
10,-GJ-,V_V,1,WAL,,,,,,,,,,,,1.0
10,-GJ-,V_V,2,WAL,,,,,,,,,,,,1.0
21,-VJ-,V_V,2,ABR,,,,,,,,,,,,1.0
21,-VJ-,V_V,1,ABR,,,,,,,,,,,,1.0
1,-VJ-,V_V,1,AMR ESP,+,b,β̞,,−,W,B,3,−,0.5,+,1.0
1,-VJ-,V_V,2,AMR ESP,+,i,j,,−,W,Ɉ,-2,−,0.5,+,1.0
35,-VJ-,V_V,2,AND ESP,+,i,j,,−,W,Ɉ,-2,−,0.5,+,1.0
35,-VJ-,V_V,1,AND ESP,+,b,β̞,,−,W,B,3,−,0.5,+,1.0
36,-VJ-,V_V,1,ARG,,,,,,,,,,,,1.0
36,-VJ-,V_V,2,ARG,,,,,,,,,,,,1.0
26,-VJ-,V_V,1,ARO,,,,,,,,,,,,1.0
26,-VJ-,V_V,2,ARO,,,,,,,,,,,,1.0
11,-VJ-,V_V,1,ARP,,,,,,,,,,,,1.0
11,-VJ-,V_V,2,ARP,,,,,,,,,,,,1.0
33,-VJ-,V_V,2,ASL,,,,,,,,,,,,1.0
33,-VJ-,V_V,1,ASL,,,,,,,,,,,,1.0
31,-VJ-,V_V,1,BAL,+,u,w,,−,W,BK,0,−,0.5,+,2.0
5,-VJ-,V_V,1,BAL,+,b/v,v~β,,−,F,B,2.75,−,2,+,1.0
5,-VJ-,V_V,2,BAL,−/+,i,i~j,,−,∅~W,Ɉ,-2,−,0.25,+,1.0
31,-VJ-,V_V,2,BAL,+,j,ʒ,,−,F,Ɉ,-0.5,+,2,+,2.0
0,-VJ-,V_V,2,BR POR,+,v,v,,−,F,B,2.5,−,2,+,1.0
0,-VJ-,V_V,1,BR POR,+/−,i/∅,j~∅,,−,W~∅,Ɉ,-2,−,0.25,+,1.0
22,-VJ-,V_V,1,CAM,,,,,,,,,,,,1.0
22,-VJ-,V_V,2,CAM,,,,,,,,,,,,1.0
34,-VJ-,V_V,1,CAS ESP,+,b,β̞,,−,W,B,3,−,0.5,+,1.0
34,-VJ-,V_V,2,CAS ESP,+,i,j,,−,W,Ɉ,-2,−,0.5,+,1.0
29,-VJ-,V_V,1,CAT,+,u,w,,−,W,BK,0,−,0.5,+,2.0
3,-VJ-,V_V,1,CAT,+,b/v,β~β̞,,−,F~W,B,3,−,1.25,+,1.0
29,-VJ-,V_V,2,CAT,+,j,ʒ,,−,F,Ɉ,-0.5,+,2,+,2.0
3,-VJ-,V_V,2,CAT,−/+,i,i~j,,−,∅~W,Ɉ,-2,−,0.25,+,1.0
19,-VJ-,V_V,2,COR,,,,,,,,,,,,1.0
19,-VJ-,V_V,1,COR,,,,,,,,,,,,1.0
18,-VJ-,V_V,2,CPN SRD,,,,,,,,,,,,1.0
18,-VJ-,V_V,1,CPN SRD,,,,,,,,,,,,1.0
8,-VJ-,V_V,1,EU FRA,,,,,,,,,,,,1.0
8,-VJ-,V_V,2,EU FRA,+,ge,ʒ,,−,F,Ɉ,-0.5,+,2,+,1.0
13,-VJ-,V_V,1,EU POR,+/−,i/∅,j~∅,,−,W~∅,Ɉ,-2,−,0.25,+,1.0
13,-VJ-,V_V,2,EU POR,+,v~β,v,,−,F,B,2.75,−,2,+,1.0
16,-VJ-,V_V,2,FUR,,,,,,,,,,,,1.0
16,-VJ-,V_V,1,FUR,,,,,,,,,,,,1.0
32,-VJ-,V_V,2,GAL,,,β,,,,,,,,,1.0
32,-VJ-,V_V,1,GAL,+,i,j,,−,W,Ɉ,-2,−,0.5,+,1.0
7,-VJ-,V_V,1,GAS OCC,,,,,,,,,,,,1.0
7,-VJ-,V_V,2,GAS OCC,,,,,,,,,,,,1.0
20,-VJ-,V_V,1,ITA,+,bb,bb,,−,PP,B,3,−,5,+,1.0
20,-VJ-,V_V,2,ITA,+,i,j,,−,W,Ɉ,-2,−,0.5,+,1.0
2,-VJ-,V_V,2,LAT,+,I/E,j,,−,W,Ɉ,-2,−,0.5,+,1.0
2,-VJ-,V_V,1,LAT,+,V,w~β,,−,W~F,BK~B,1.5,−,1.25,+,1.0
12,-VJ-,V_V,1,LIG,,,,,,,,,,,,1.0
12,-VJ-,V_V,2,LIG,,,,,,,,,,,,1.0
14,-VJ-,V_V,1,LMO,,,,,,,,,,,,1.0
14,-VJ-,V_V,2,LMO,,,,,,,,,,,,1.0
17,-VJ-,V_V,2,LOG SRD,,,,,,,,,,,,1.0
17,-VJ-,V_V,1,LOG SRD,,,,,,,,,,,,1.0
6,-VJ-,V_V,1,OCC,,,,,,,,,,,,1.0
6,-VJ-,V_V,2,OCC,,,,,,,,,,,,1.0
23,-VJ-,V_V,1,PGL,,,,,,,,,,,,1.0
23,-VJ-,V_V,2,PGL,,,,,,,,,,,,1.0
9,-VJ-,V_V,2,QBC FRA,,,,,,,,,,,,1.0
9,-VJ-,V_V,1,QBC FRA,,,,,,,,,,,,1.0
15,-VJ-,V_V,1,RMH,,,,,,,,,,,,1.0
15,-VJ-,V_V,2,RMH,,,,,,,,,,,,1.0
27,-VJ-,V_V,1,ROM,+,i,j,,−,W,Ɉ,-2,−,0.5,+,1.0
27,-VJ-,V_V,2,ROM,+,b,b,,−,P,B,3,−,4,+,1.0
24,-VJ-,V_V,2,SCN,,,,,,,,,,,,1.0
24,-VJ-,V_V,1,SCN,,,,,,,,,,,,1.0
4,-VJ-,V_V,1,VAL,+,b/v,v~β̞,,−,F~W,B,2.75,−,1.25,+,1.0
4,-VJ-,V_V,2,VAL,−/+,i,i~j,,−,∅~W,Ɉ,-2,−,0.25,+,1.0
30,-VJ-,V_V,1,VAL,+,u,w,,−,W,BK,0,−,0.5,+,2.0
30,-VJ-,V_V,2,VAL,+,j,d̠͡ʒ,,−,P͡F,Ɉ,-0.5,+,3,+,2.0
25,-VJ-,V_V,2,VEN,,,,,,,,,,,,1.0
25,-VJ-,V_V,1,VEN,,,,,,,,,,,,1.0
10,-VJ-,V_V,2,WAL,,,,,,,,,,,,1.0
10,-VJ-,V_V,1,WAL,,,,,,,,,,,,1.0
21,-FJ-,V_V,2,ABR,,,,,,,,,,,,1.0
21,-FJ-,V_V,1,ABR,,,,,,,,,,,,1.0
1,-FJ-,V_V,1,AMR ESP,+,f,f,,−,F,B,2.5,−,2,−,1.0
1,-FJ-,V_V,2,AMR ESP,+,i,j,,−,W,Ɉ,-2,−,0.5,+,1.0
31,-FJ-,V_V,2,AND ESP,+,i,j,,−,W,Ɉ,-2,−,0.5,+,1.0
31,-FJ-,V_V,1,AND ESP,+,f,f,,−,F,B,2.5,−,2,−,1.0
32,-FJ-,V_V,1,ARG,,,,,,,,,,,,1.0
32,-FJ-,V_V,2,ARG,,,,,,,,,,,,1.0
26,-FJ-,V_V,2,ARO,,,,,,,,,,,,1.0
26,-FJ-,V_V,1,ARO,,,,,,,,,,,,1.0
11,-FJ-,V_V,1,ARP,,,,,,,,,,,,1.0
11,-FJ-,V_V,2,ARP,,,,,,,,,,,,1.0
29,-FJ-,V_V,2,ASL,,,,,,,,,,,,1.0
29,-FJ-,V_V,1,ASL,,,,,,,,,,,,1.0
5,-FJ-,V_V,2,BAL,−/+,i,i~j,,−,∅~W,Ɉ,-2,−,0.25,+,1.0
5,-FJ-,V_V,1,BAL,+,f,f,,−,F,B,2.5,−,2,−,1.0
0,-FJ-,V_V,1,BR POR,+,i,j,,−,W,Ɉ,-2,−,0.5,+,1.0
0,-FJ-,V_V,2,BR POR,+,f,f,,−,F,B,2.5,−,2,−,1.0
22,-FJ-,V_V,2,CAM,,,,,,,,,,,,1.0
22,-FJ-,V_V,1,CAM,,,,,,,,,,,,1.0
30,-FJ-,V_V,2,CAS ESP,+,i,j,,−,W,Ɉ,-2,−,0.5,+,1.0
30,-FJ-,V_V,1,CAS ESP,+,f,f,,−,F,B,2.5,−,2,−,1.0
3,-FJ-,V_V,1,CAT,+,f,f,,−,F,B,2.5,−,2,−,1.0
3,-FJ-,V_V,2,CAT,−/+,i,i~j,,−,∅~W,Ɉ,-2,−,0.25,+,1.0
19,-FJ-,V_V,2,COR,,,,,,,,,,,,1.0
19,-FJ-,V_V,1,COR,,,,,,,,,,,,1.0
18,-FJ-,V_V,2,CPN SRD,,,,,,,,,,,,1.0
18,-FJ-,V_V,1,CPN SRD,,,,,,,,,,,,1.0
8,-FJ-,V_V,1,EU FRA,−,∅,∅,,−,∅,Ɉ,-2,−,0,+,1.0
8,-FJ-,V_V,2,EU FRA,+,f,f,,−,F,B,2.5,−,2,−,1.0
13,-FJ-,V_V,1,EU POR,+,i,j,,−,W,Ɉ,-2,−,0.5,+,1.0
13,-FJ-,V_V,2,EU POR,+,f,f,,−,F,B,2.5,−,2,−,1.0
16,-FJ-,V_V,2,FUR,,,,,,,,,,,,1.0
16,-FJ-,V_V,1,FUR,,,,,,,,,,,,1.0
28,-FJ-,V_V,1,GAL,+,f,f,,−,F,B,2.5,−,2,−,1.0
28,-FJ-,V_V,2,GAL,+,i,j,,−,W,Ɉ,-2,−,0.5,+,1.0
7,-FJ-,V_V,1,GAS OCC,,,,,,,,,,,,1.0
7,-FJ-,V_V,2,GAS OCC,,,,,,,,,,,,1.0
20,-FJ-,V_V,1,ITA,+,ff,ff,,−,FF,B,2.5,−,2.5,−,1.0
20,-FJ-,V_V,2,ITA,+,i,j,,−,W,Ɉ,-2,−,0.5,+,1.0
2,-FJ-,V_V,1,LAT,+,F,ɸ~f,,−,F,B,2.75,−,2,−,1.0
2,-FJ-,V_V,2,LAT,+,I/E,j,,−,W,Ɉ,-2,−,0.5,+,1.0
12,-FJ-,V_V,1,LIG,,,,,,,,,,,,1.0
12,-FJ-,V_V,2,LIG,,,,,,,,,,,,1.0
14,-FJ-,V_V,2,LMO,,,,,,,,,,,,1.0
14,-FJ-,V_V,1,LMO,,,,,,,,,,,,1.0
17,-FJ-,V_V,2,LOG SRD,,,,,,,,,,,,1.0
17,-FJ-,V_V,1,LOG SRD,,,,,,,,,,,,1.0
6,-FJ-,V_V,2,OCC,,,,,,,,,,,,1.0
6,-FJ-,V_V,1,OCC,,,,,,,,,,,,1.0
23,-FJ-,V_V,1,PGL,,,,,,,,,,,,1.0
23,-FJ-,V_V,2,PGL,,,,,,,,,,,,1.0
9,-FJ-,V_V,2,QBC FRA,,,,,,,,,,,,1.0
9,-FJ-,V_V,1,QBC FRA,,,,,,,,,,,,1.0
15,-FJ-,V_V,2,RMH,,,,,,,,,,,,1.0
15,-FJ-,V_V,1,RMH,,,,,,,,,,,,1.0
27,-FJ-,V_V,1,ROM,+,i,j,,−,W,Ɉ,-2,−,0.5,+,1.0
27,-FJ-,V_V,2,ROM,+,f,f,,−,F,B,2.5,−,2,−,1.0
24,-FJ-,V_V,1,SCN,,,,,,,,,,,,1.0
24,-FJ-,V_V,2,SCN,,,,,,,,,,,,1.0
4,-FJ-,V_V,1,VAL,+,f,f,,−,F,B,2.5,−,2,−,1.0
4,-FJ-,V_V,2,VAL,−/+,i,i~j,,−,∅~W,Ɉ,-2,−,0.25,+,1.0
25,-FJ-,V_V,1,VEN,,,,,,,,,,,,1.0
25,-FJ-,V_V,2,VEN,,,,,,,,,,,,1.0
10,-FJ-,V_V,1,WAL,,,,,,,,,,,,1.0
10,-FJ-,V_V,2,WAL,,,,,,,,,,,,1.0
21,-SJ-,V_V,2,ABR,,,,,,,,,,,,1.0
21,-SJ-,V_V,1,ABR,+,,ʃ,,−,F,Ɉ,-0.5,+,2,−,1.0
1,-SJ-,V_V,1,AMR ESP,−,∅,∅,,−,∅,Ɉ,-2,−,0,+,1.0
1,-SJ-,V_V,2,AMR ESP,+,s/z,s,,−,F,D,1,+,2,−,1.0
34,-SJ-,V_V,2,AND ESP,+,s/z,s̟,,−,F,D,1.6666666666666667,+,2,−,1.0
34,-SJ-,V_V,1,AND ESP,−,∅,∅,,−,∅,Ɉ,-2,−,0,+,1.0
35,-SJ-,V_V,1,ARG,,,,,,,,,,,,1.0
35,-SJ-,V_V,2,ARG,,,,,,,,,,,,1.0
26,-SJ-,V_V,1,ARO,,,,,,,,,,,,1.0
26,-SJ-,V_V,2,ARO,,,,,,,,,,,,1.0
11,-SJ-,V_V,1,ARP,,,,,,,,,,,,1.0
11,-SJ-,V_V,2,ARP,,,,,,,,,,,,1.0
32,-SJ-,V_V,1,ASL,,,,,,,,,,,,1.0
32,-SJ-,V_V,2,ASL,,,,,,,,,,,,1.0
5,-SJ-,V_V,1,BAL,−,∅,∅,,−,∅,Ɉ,-2,−,0,+,1.0
5,-SJ-,V_V,2,BAL,+,s,z̠,,−,F,D,0.5,+,2,+,1.0
30,-SJ-,V_V,1,BR POR,−,∅,∅,,−,∅,Ɉ,-2,−,0,+,2.0
0,-SJ-,V_V,2,BR POR,+,j,ʒ,,−,F,Ɉ,-0.5,+,2,+,1.0
30,-SJ-,V_V,2,BR POR,+,s/z,z,,−,F,D,1,+,2,+,2.0
0,-SJ-,V_V,1,BR POR,+,i,j,,−,W,Ɉ,-2,−,0.5,+,1.0
22,-SJ-,V_V,1,CAM,+,s,,,−,F,D,,+,2,−,1.0
22,-SJ-,V_V,2,CAM,,,,,,,,,,,,1.0
33,-SJ-,V_V,1,CAS ESP,−,∅,∅,,−,∅,Ɉ,-2,−,0,+,1.0
33,-SJ-,V_V,2,CAS ESP,+,s/z,s̠~θ,,−,F,D,1.25,+/−,2,−,1.0
3,-SJ-,V_V,1,CAT,−,∅,∅,,−,∅,Ɉ,-2,−,0,+,1.0
3,-SJ-,V_V,2,CAT,+,s,z̠,,−,F,D,0.5,+,2,+,1.0
19,-SJ-,V_V,2,COR,,,,,,,,,,,,1.0
19,-SJ-,V_V,1,COR,,,,,,,,,,,,1.0
18,-SJ-,V_V,2,CPN SRD,,,,,,,,,,,,1.0
18,-SJ-,V_V,1,CPN SRD,,,,,,,,,,,,1.0
8,-SJ-,V_V,1,EU FRA,−,∅,∅,,−,∅,Ɉ,-2,−,0,+,1.0
8,-SJ-,V_V,2,EU FRA,+,s,z̪,,−,F,D,1.3333333333333333,+,2,+,1.0
13,-SJ-,V_V,1,EU POR,+,i,j,,−,W,Ɉ,-2,−,0.5,+,1.0
13,-SJ-,V_V,2,EU POR,+,j,ʒ,,−,F,Ɉ,-0.5,+,2,+,1.0
29,-SJ-,V_V,2,EU POR,+,s/z,z~z̠,,−,F,D,0.875,+,2,+,2.0
29,-SJ-,V_V,1,EU POR,−,∅,∅,,−,∅,Ɉ,-2,−,0,+,2.0
16,-SJ-,V_V,2,FUR,,,,,,,,,,,,1.0
16,-SJ-,V_V,1,FUR,,,,,,,,,,,,1.0
31,-SJ-,V_V,1,GAL,,,,,,,,,,,,1.0
31,-SJ-,V_V,2,GAL,,,,,,,,,,,,1.0
7,-SJ-,V_V,1,GAS OCC,,,,,,,,,,,,1.0
7,-SJ-,V_V,2,GAS OCC,,,,,,,,,,,,1.0
20,-SJ-,V_V,2,ITA,,,,,,,,,,,,1.0
20,-SJ-,V_V,1,ITA,+,ci/gi,t̠͡ʃ~d̠͡ʒ<ʃ,,−,P͡F,Ɉ,-0.5,+,3,−/+,1.0
2,-SJ-,V_V,2,LAT,+,I/E,j,,−,W,Ɉ,-2,−,0.5,+,1.0
2,-SJ-,V_V,1,LAT,+,S,s̠,,−,F,D,0.5,+,2,−,1.0
12,-SJ-,V_V,1,LIG,,,,,,,,,,,,1.0
12,-SJ-,V_V,2,LIG,,,,,,,,,,,,1.0
14,-SJ-,V_V,2,LMO,,,,,,,,,,,,1.0
14,-SJ-,V_V,1,LMO,,,,,,,,,,,,1.0
17,-SJ-,V_V,2,LOG SRD,,,,,,,,,,,,1.0
17,-SJ-,V_V,1,LOG SRD,,,,,,,,,,,,1.0
6,-SJ-,V_V,2,OCC,,,,,,,,,,,,1.0
6,-SJ-,V_V,1,OCC,,,,,,,,,,,,1.0
23,-SJ-,V_V,2,PGL,,,,,,,,,,,,1.0
23,-SJ-,V_V,1,PGL,+,s,,,−,F,D,,+,2,−,1.0
9,-SJ-,V_V,1,QBC FRA,,,,,,,,,,,,1.0
9,-SJ-,V_V,2,QBC FRA,,,,,,,,,,,,1.0
15,-SJ-,V_V,1,RMH,,,,,,,,,,,,1.0
15,-SJ-,V_V,2,RMH,,,,,,,,,,,,1.0
27,-SJ-,V_V,2,ROM,,,,,,,,,,,,1.0
27,-SJ-,V_V,1,ROM,+,ș,ʃ,,−,F,Ɉ,-0.5,+,2,−,1.0
24,-SJ-,V_V,2,SCN,,,,,,,,,,,,1.0
24,-SJ-,V_V,1,SCN,+,s,,,−,F,D,,+,2,−,1.0
4,-SJ-,V_V,1,VAL,−,∅,∅,,−,∅,Ɉ,-2,−,0,+,1.0
4,-SJ-,V_V,2,VAL,+,s,z̠,,−,F,D,0.5,+,2,+,1.0
25,-SJ-,V_V,2,VEN,,,,,,,,,,,,1.0
25,-SJ-,V_V,1,VEN,,,,,,,,,,,,1.0
10,-SJ-,V_V,2,WAL,,,,,,,,,,,,1.0
10,-SJ-,V_V,1,WAL,,,,,,,,,,,,1.0
21,-MJ-,V_V,2,ABR,,,,,,,,,,,,1.0
21,-MJ-,V_V,1,ABR,,,,,,,,,,,,1.0
1,-MJ-,V_V,1,AMR ESP,+,m,m,,−,N,B,3,−,1.5,+,1.0
1,-MJ-,V_V,2,AMR ESP,+,i,j,,−,W,Ɉ,-2,−,0.5,+,1.0
31,-MJ-,V_V,2,AND ESP,+,i,j,,−,W,Ɉ,-2,−,0.5,+,1.0
31,-MJ-,V_V,1,AND ESP,+,m,m,,−,N,B,3,−,1.5,+,1.0
32,-MJ-,V_V,1,ARG,,,,,,,,,,,,1.0
32,-MJ-,V_V,2,ARG,,,,,,,,,,,,1.0
26,-MJ-,V_V,2,ARO,,,,,,,,,,,,1.0
26,-MJ-,V_V,1,ARO,,,,,,,,,,,,1.0
11,-MJ-,V_V,1,ARP,,,,,,,,,,,,1.0
11,-MJ-,V_V,2,ARP,,,,,,,,,,,,1.0
29,-MJ-,V_V,2,ASL,,,,,,,,,,,,1.0
29,-MJ-,V_V,1,ASL,,,,,,,,,,,,1.0
5,-MJ-,V_V,2,BAL,−/+,i,i~j,,−,∅~W,Ɉ,-2,−,0.25,+,1.0
5,-MJ-,V_V,1,BAL,+,m,m,,−,N,B,3,−,1.5,+,1.0
0,-MJ-,V_V,1,BR POR,+/−,i/∅,j~∅,,−,W~∅,Ɉ,-2,−,0.25,+,1.0
0,-MJ-,V_V,2,BR POR,+,m,m,,−,N,B,3,−,1.5,+,1.0
22,-MJ-,V_V,2,CAM,,,,,,,,,,,,1.0
22,-MJ-,V_V,1,CAM,,,,,,,,,,,,1.0
30,-MJ-,V_V,2,CAS ESP,+,i,j,,−,W,Ɉ,-2,−,0.5,+,1.0
30,-MJ-,V_V,1,CAS ESP,+,m,m,,−,N,B,3,−,1.5,+,1.0
3,-MJ-,V_V,1,CAT,+,m,m,,−,N,B,3,−,1.5,+,1.0
3,-MJ-,V_V,2,CAT,−/+,i,i~j,,−,∅~W,Ɉ,-2,−,0.25,+,1.0
19,-MJ-,V_V,2,COR,,,,,,,,,,,,1.0
19,-MJ-,V_V,1,COR,,,,,,,,,,,,1.0
18,-MJ-,V_V,2,CPN SRD,,,,,,,,,,,,1.0
18,-MJ-,V_V,1,CPN SRD,,,,,,,,,,,,1.0
8,-MJ-,V_V,1,EU FRA,−,n,◌̃,,−,N~∅,E~O,-2.6666666666666665,−,0.75,+,1.0
8,-MJ-,V_V,2,EU FRA,+,ge,ʒ,,−,F,Ɉ,-0.5,+,2,+,1.0
13,-MJ-,V_V,1,EU POR,+/−,i/∅,j~∅,,−,W~∅,Ɉ,-2,−,0.25,+,1.0
13,-MJ-,V_V,2,EU POR,+,m,m,,−,N,B,3,−,1.5,+,1.0
16,-MJ-,V_V,2,FUR,,,,,,,,,,,,1.0
16,-MJ-,V_V,1,FUR,,,,,,,,,,,,1.0
28,-MJ-,V_V,1,GAL,,,,,,,,,,,,1.0
28,-MJ-,V_V,2,GAL,,,,,,,,,,,,1.0
7,-MJ-,V_V,1,GAS OCC,,,,,,,,,,,,1.0
7,-MJ-,V_V,2,GAS OCC,,,,,,,,,,,,1.0
20,-MJ-,V_V,1,ITA,+,mm,mm,,−,NN,B,3,−,1.875,+,1.0
20,-MJ-,V_V,2,ITA,+,i,j,,−,W,Ɉ,-2,−,0.5,+,1.0
2,-MJ-,V_V,1,LAT,+,M,m,,−,N,B,3,−,1.5,+,1.0
2,-MJ-,V_V,2,LAT,+,I/E,j,,−,W,Ɉ,-2,−,0.5,+,1.0
12,-MJ-,V_V,1,LIG,,,,,,,,,,,,1.0
12,-MJ-,V_V,2,LIG,,,,,,,,,,,,1.0
14,-MJ-,V_V,2,LMO,,,,,,,,,,,,1.0
14,-MJ-,V_V,1,LMO,,,,,,,,,,,,1.0
17,-MJ-,V_V,2,LOG SRD,,,,,,,,,,,,1.0
17,-MJ-,V_V,1,LOG SRD,,,,,,,,,,,,1.0
6,-MJ-,V_V,2,OCC,,,,,,,,,,,,1.0
6,-MJ-,V_V,1,OCC,,,,,,,,,,,,1.0
23,-MJ-,V_V,1,PGL,,,,,,,,,,,,1.0
23,-MJ-,V_V,2,PGL,,,,,,,,,,,,1.0
9,-MJ-,V_V,2,QBC FRA,,,,,,,,,,,,1.0
9,-MJ-,V_V,1,QBC FRA,,,,,,,,,,,,1.0
15,-MJ-,V_V,2,RMH,,,,,,,,,,,,1.0
15,-MJ-,V_V,1,RMH,,,,,,,,,,,,1.0
27,-MJ-,V_V,1,ROM,+,i,j,,−,W,Ɉ,-2,−,0.5,+,1.0
27,-MJ-,V_V,2,ROM,+,m,m,,−,N,B,3,−,1.5,+,1.0
24,-MJ-,V_V,1,SCN,,,,,,,,,,,,1.0
24,-MJ-,V_V,2,SCN,,,,,,,,,,,,1.0
4,-MJ-,V_V,1,VAL,+,m,m,,−,N,B,3,−,1.5,+,1.0
4,-MJ-,V_V,2,VAL,−/+,i,i~j,,−,∅~W,Ɉ,-2,−,0.25,+,1.0
25,-MJ-,V_V,1,VEN,,,,,,,,,,,,1.0
25,-MJ-,V_V,2,VEN,,,,,,,,,,,,1.0
10,-MJ-,V_V,1,WAL,,,,,,,,,,,,1.0
10,-MJ-,V_V,2,WAL,,,,,,,,,,,,1.0
21,-NJ-,V_V,2,ABR,,,,,,,,,,,,1.0
21,-NJ-,V_V,1,ABR,,,,,,,,,,,,1.0
1,-NJ-,V_V,1,AMR ESP,+,ñ,ɲ (ȵ),,−,N,Ɉ,-1,−,1.5,+,1.0
1,-NJ-,V_V,2,AMR ESP,,,,,,,,,,,,1.0
33,-NJ-,V_V,2,AND ESP,,,,,,,,,,,,1.0
33,-NJ-,V_V,1,AND ESP,+,ñ,ɲ (ȵ),,−,N,Ɉ,-1,−,1.5,+,1.0
34,-NJ-,V_V,1,ARG,,,,,,,,,,,,1.0
34,-NJ-,V_V,2,ARG,,,,,,,,,,,,1.0
26,-NJ-,V_V,2,ARO,,,,,,,,,,,,1.0
26,-NJ-,V_V,1,ARO,+,nj,ɲ,,−,N,Ɉ,-2,−,1.5,+,1.0
11,-NJ-,V_V,1,ARP,,,,,,,,,,,,1.0
11,-NJ-,V_V,2,ARP,,,,,,,,,,,,1.0
31,-NJ-,V_V,2,ASL,,,,,,,,,,,,1.0
31,-NJ-,V_V,1,ASL,,,,,,,,,,,,1.0
5,-NJ-,V_V,2,BAL,,,,,,,,,,,,1.0
5,-NJ-,V_V,1,BAL,+,ny,ɲ (ȵ),,−,N,Ɉ,-1,−,1.5,+,1.0
0,-NJ-,V_V,1,BR POR,−,∅,◌̃,,−,N~∅,E~O,-2.6666666666666665,−,0.75,+,1.0
0,-NJ-,V_V,2,BR POR,+,nh,j̃,,−,NW,Ɉ,-2,−,1,+,1.0
22,-NJ-,V_V,2,CAM,,,,,,,,,,,,1.0
22,-NJ-,V_V,1,CAM,,,,,,,,,,,,1.0
32,-NJ-,V_V,2,CAS ESP,,,,,,,,,,,,1.0
32,-NJ-,V_V,1,CAS ESP,+,ñ,ɲ (ȵ),,−,N,Ɉ,-1,−,1.5,+,1.0
3,-NJ-,V_V,1,CAT,+,ny,ɲ (ȵ),,−,N,Ɉ,-1,−,1.5,+,1.0
3,-NJ-,V_V,2,CAT,,,,,,,,,,,,1.0
19,-NJ-,V_V,2,COR,,,,,,,,,,,,1.0
19,-NJ-,V_V,1,COR,,,,,,,,,,,,1.0
18,-NJ-,V_V,2,CPN SRD,,,,,,,,,,,,1.0
18,-NJ-,V_V,1,CPN SRD,,,,,,,,,,,,1.0
8,-NJ-,V_V,1,EU FRA,+,gn,ɲ,,−,N,Ɉ,-2,−,1.5,+,1.0
29,-NJ-,V_V,2,EU FRA,+,ge,ʒ,,−,F,Ɉ,-0.5,+,2,+,2.0
8,-NJ-,V_V,2,EU FRA,,,,,,,,,,,,1.0
29,-NJ-,V_V,1,EU FRA,−,n,◌̃,,−,N~∅,E~O,-2.6666666666666665,−,0.75,+,2.0
13,-NJ-,V_V,1,EU POR,+,nh,ɲ,,−,N,Ɉ,-2,−,1.5,+,1.0
13,-NJ-,V_V,2,EU POR,,,,,,,,,,,,1.0
16,-NJ-,V_V,2,FUR,,,,,,,,,,,,1.0
16,-NJ-,V_V,1,FUR,,,,,,,,,,,,1.0
30,-NJ-,V_V,1,GAL,,,,,,,,,,,,1.0
30,-NJ-,V_V,2,GAL,,,,,,,,,,,,1.0
7,-NJ-,V_V,1,GAS OCC,,,,,,,,,,,,1.0
7,-NJ-,V_V,2,GAS OCC,,,,,,,,,,,,1.0
20,-NJ-,V_V,2,ITA,,,,,,,,,,,,1.0
20,-NJ-,V_V,1,ITA,+,gn,ɲɲ(ȵȵ),,−,NN,Ɉ,-1,−,1.875,+,1.0
2,-NJ-,V_V,2,LAT,+,I/E,j,,−,W,Ɉ,-2,−,0.5,+,1.0
2,-NJ-,V_V,1,LAT,+,N,n,,−,N,D,1,−,1.5,+,1.0
12,-NJ-,V_V,1,LIG,,,,,,,,,,,,1.0
12,-NJ-,V_V,2,LIG,,,,,,,,,,,,1.0
14,-NJ-,V_V,2,LMO,,,,,,,,,,,,1.0
14,-NJ-,V_V,1,LMO,,,,,,,,,,,,1.0
17,-NJ-,V_V,2,LOG SRD,,,,,,,,,,,,1.0
17,-NJ-,V_V,1,LOG SRD,,,,,,,,,,,,1.0
6,-NJ-,V_V,2,OCC,,,,,,,,,,,,1.0
6,-NJ-,V_V,1,OCC,,,,,,,,,,,,1.0
23,-NJ-,V_V,2,PGL,,,,,,,,,,,,1.0
23,-NJ-,V_V,1,PGL,,,,,,,,,,,,1.0
9,-NJ-,V_V,2,QBC FRA,,,,,,,,,,,,1.0
9,-NJ-,V_V,1,QBC FRA,,,,,,,,,,,,1.0
15,-NJ-,V_V,2,RMH,,,,,,,,,,,,1.0
15,-NJ-,V_V,1,RMH,,,,,,,,,,,,1.0
27,-NJ-,V_V,2,ROM,+/−,i/∅,j~∅,,−,W~∅,Ɉ,-2,−,0.25,+,1.0
27,-NJ-,V_V,1,ROM,,,,,,,,,,,,1.0
24,-NJ-,V_V,1,SCN,,,,,,,,,,,,1.0
24,-NJ-,V_V,2,SCN,,,,,,,,,,,,1.0
4,-NJ-,V_V,1,VAL,+,ny,ɲ (ȵ),,−,N,Ɉ,-1,−,1.5,+,1.0
4,-NJ-,V_V,2,VAL,,,,,,,,,,,,1.0
25,-NJ-,V_V,1,VEN,,,,,,,,,,,,1.0
25,-NJ-,V_V,2,VEN,,,,,,,,,,,,1.0
10,-NJ-,V_V,1,WAL,,,,,,,,,,,,1.0
10,-NJ-,V_V,2,WAL,,,,,,,,,,,,1.0
21,-RJ-,V_V,2,ABR,+,r,,,−,L,D,,−,0.875,+,1.0
21,-RJ-,V_V,1,ABR,,,,,,,,,,,,1.0
1,-RJ-,V_V,1,AMR ESP,−,∅,∅,,−,∅,Ɉ,-2,−,0,+,1.0
1,-RJ-,V_V,2,AMR ESP,+,r,ɾ,,−,L,D,0.75,−,0.875,+,1.0
31,-RJ-,V_V,2,AND ESP,+,r,ɾ,,−,L,D,0.75,−,0.875,+,1.0
31,-RJ-,V_V,1,AND ESP,−,∅,∅,,−,∅,Ɉ,-2,−,0,+,1.0
32,-RJ-,V_V,1,ARG,,,,,,,,,,,,1.0
32,-RJ-,V_V,2,ARG,,,,,,,,,,,,1.0
26,-RJ-,V_V,2,ARO,,,,,,,,,,,,1.0
26,-RJ-,V_V,1,ARO,,,,,,,,,,,,1.0
11,-RJ-,V_V,1,ARP,,,,,,,,,,,,1.0
11,-RJ-,V_V,2,ARP,,,,,,,,,,,,1.0
29,-RJ-,V_V,2,ASL,,,,,,,,,,,,1.0
29,-RJ-,V_V,1,ASL,,,,,,,,,,,,1.0
5,-RJ-,V_V,2,BAL,+,r,ɾ,,−,L,D,0.75,−,0.875,+,1.0
5,-RJ-,V_V,1,BAL,−,∅,∅,,−,∅,Ɉ,-2,−,0,+,1.0
0,-RJ-,V_V,1,BR POR,+,i,j,,−,W,Ɉ,-2,−,0.5,+,1.0
0,-RJ-,V_V,2,BR POR,+,r,ɾ,,−,L,D,0.75,−,0.875,+,1.0
22,-RJ-,V_V,2,CAM,+,r,,,−,L,D,,−,0.875,+,1.0
22,-RJ-,V_V,1,CAM,,,,,,,,,,,,1.0
30,-RJ-,V_V,2,CAS ESP,+,r,ɾ,,−,L,D,0.75,−,0.875,+,1.0
30,-RJ-,V_V,1,CAS ESP,−,∅,∅,,−,∅,Ɉ,-2,−,0,+,1.0
3,-RJ-,V_V,1,CAT,−,∅,∅,,−,∅,Ɉ,-2,−,0,+,1.0
3,-RJ-,V_V,2,CAT,+,r,ɾ,,−,L,D,0.75,−,0.875,+,1.0
19,-RJ-,V_V,2,COR,,,,,,,,,,,,1.0
19,-RJ-,V_V,1,COR,,,,,,,,,,,,1.0
18,-RJ-,V_V,2,CPN SRD,,,,,,,,,,,,1.0
18,-RJ-,V_V,1,CPN SRD,,,,,,,,,,,,1.0
8,-RJ-,V_V,1,EU FRA,−,∅,∅,,−,∅,Ɉ,-2,−,0,+,1.0
8,-RJ-,V_V,2,EU FRA,+,r,ʁ (ʀ),,−,F (L),Q,-4,−,1.75,+,1.0
13,-RJ-,V_V,1,EU POR,+,i,j,,−,W,Ɉ,-2,−,0.5,+,1.0
13,-RJ-,V_V,2,EU POR,+,r,ɾ,,−,L,D,0.75,−,0.875,+,1.0
16,-RJ-,V_V,2,FUR,,,,,,,,,,,,1.0
16,-RJ-,V_V,1,FUR,,,,,,,,,,,,1.0
28,-RJ-,V_V,1,GAL,,,,,,,,,,,,1.0
28,-RJ-,V_V,2,GAL,,,,,,,,,,,,1.0
7,-RJ-,V_V,1,GAS OCC,,,,,,,,,,,,1.0
7,-RJ-,V_V,2,GAS OCC,,,,,,,,,,,,1.0
20,-RJ-,V_V,1,ITA,,,,,,,,,,,,1.0
20,-RJ-,V_V,2,ITA,+,i,j,,−,W,Ɉ,-2,−,0.5,+,1.0
2,-RJ-,V_V,1,LAT,+,R,ɾ,,−,L,D,0.75,−,0.875,+,1.0
2,-RJ-,V_V,2,LAT,+,I/E,j,,−,W,Ɉ,-2,−,0.5,+,1.0
12,-RJ-,V_V,1,LIG,,,,,,,,,,,,1.0
12,-RJ-,V_V,2,LIG,,,,,,,,,,,,1.0
14,-RJ-,V_V,2,LMO,,,,,,,,,,,,1.0
14,-RJ-,V_V,1,LMO,,,,,,,,,,,,1.0
17,-RJ-,V_V,2,LOG SRD,,,,,,,,,,,,1.0
17,-RJ-,V_V,1,LOG SRD,,,,,,,,,,,,1.0
6,-RJ-,V_V,2,OCC,,,,,,,,,,,,1.0
6,-RJ-,V_V,1,OCC,,,,,,,,,,,,1.0
23,-RJ-,V_V,1,PGL,,,,,,,,,,,,1.0
23,-RJ-,V_V,2,PGL,+,r,,,−,L,D,,−,0.875,+,1.0
9,-RJ-,V_V,2,QBC FRA,,,,,,,,,,,,1.0
9,-RJ-,V_V,1,QBC FRA,,,,,,,,,,,,1.0
15,-RJ-,V_V,2,RMH,,,,,,,,,,,,1.0
15,-RJ-,V_V,1,RMH,,,,,,,,,,,,1.0
27,-RJ-,V_V,1,ROM,+,r,ɾ,,−,L,D,0.75,−,0.875,+,1.0
27,-RJ-,V_V,2,ROM,,,,,,,,,,,,1.0
24,-RJ-,V_V,1,SCN,,,,,,,,,,,,1.0
24,-RJ-,V_V,2,SCN,+,r,,,−,L,D,,−,0.875,+,1.0
4,-RJ-,V_V,1,VAL,−,∅,∅,,−,∅,Ɉ,-2,−,0,+,1.0
4,-RJ-,V_V,2,VAL,+,r,ɾ,,−,L,D,0.75,−,0.875,+,1.0
25,-RJ-,V_V,1,VEN,,,,,,,,,,,,1.0
25,-RJ-,V_V,2,VEN,,,,,,,,,,,,1.0
10,-RJ-,V_V,1,WAL,,,,,,,,,,,,1.0
10,-RJ-,V_V,2,WAL,,,,,,,,,,,,1.0
21,-LJ-,i_V,2,ABR,,,,,,,,,,,,1.0
21,-LJ-,i_V,1,ABR,,,,,,,,,,,,1.0
1,-LJ-,i_V,1,AMR ESP,+,j,h,,−,F,H,-6,−,2,+,1.0
1,-LJ-,i_V,2,AMR ESP,,,,,,,,,,,,1.0
31,-LJ-,i_V,2,AND ESP,,,,,,,,,,,,1.0
31,-LJ-,i_V,1,AND ESP,+,j,h,,−,F,H,-6,−,2,+,1.0
32,-LJ-,i_V,1,ARG,,,,,,,,,,,,1.0
32,-LJ-,i_V,2,ARG,,,,,,,,,,,,1.0
26,-LJ-,i_V,2,ARO,,,,,,,,,,,,1.0
26,-LJ-,i_V,1,ARO,,,,,,,,,,,,1.0
11,-LJ-,i_V,1,ARP,,,,,,,,,,,,1.0
11,-LJ-,i_V,2,ARP,,,,,,,,,,,,1.0
29,-LJ-,i_V,2,ASL,,,,,,,,,,,,1.0
29,-LJ-,i_V,1,ASL,,,,,,,,,,,,1.0
5,-LJ-,i_V,2,BAL,,,,,,,,,,,,1.0
5,-LJ-,i_V,1,BAL,+,ll,j,,−,W,Ɉ,-2,−,0.5,+,1.0
0,-LJ-,i_V,1,BR POR,+,lh,ȴ (ʎ̟),,+,LW,Ɉ,0,−,0.75,+,1.0
0,-LJ-,i_V,2,BR POR,,,,,,,,,,,,1.0
22,-LJ-,i_V,2,CAM,,,,,,,,,,,,1.0
22,-LJ-,i_V,1,CAM,,,,,,,,,,,,1.0
30,-LJ-,i_V,2,CAS ESP,,,,,,,,,,,,1.0
30,-LJ-,i_V,1,CAS ESP,+,j,x,,−,F,K,-3,−,2,−,1.0
3,-LJ-,i_V,1,CAT,+,ll,ȴ (ʎ̟),,+,LW,Ɉ,0,−,0.75,+,1.0
3,-LJ-,i_V,2,CAT,,,,,,,,,,,,1.0
19,-LJ-,i_V,2,COR,,,,,,,,,,,,1.0
19,-LJ-,i_V,1,COR,,,,,,,,,,,,1.0
18,-LJ-,i_V,2,CPN SRD,,,,,,,,,,,,1.0
18,-LJ-,i_V,1,CPN SRD,,,,,,,,,,,,1.0
8,-LJ-,i_V,1,EU FRA,,,,,,,,,,,,1.0
8,-LJ-,i_V,2,EU FRA,+,ll,j,,−,W,Ɉ,-2,−,0.5,+,1.0
13,-LJ-,i_V,1,EU POR,+,lh,ȴ (ʎ̟),,+,LW,Ɉ,0,−,0.75,+,1.0
13,-LJ-,i_V,2,EU POR,,,,,,,,,,,,1.0
16,-LJ-,i_V,2,FUR,,,,,,,,,,,,1.0
16,-LJ-,i_V,1,FUR,,,,,,,,,,,,1.0
28,-LJ-,i_V,1,GAL,,,,,,,,,,,,1.0
28,-LJ-,i_V,2,GAL,,,,,,,,,,,,1.0
7,-LJ-,i_V,1,GAS OCC,,,,,,,,,,,,1.0
7,-LJ-,i_V,2,GAS OCC,,,,,,,,,,,,1.0
20,-LJ-,i_V,1,ITA,+,gli,ȴȴ (ʎ̟ʎ̟),,+,LLWW,Ɉ,0,−,0.9375,+,1.0
20,-LJ-,i_V,2,ITA,,,,,,,,,,,,1.0
2,-LJ-,i_V,1,LAT,+,L,l,,+,LW,D,0.75,−,0.75,+,1.0
2,-LJ-,i_V,2,LAT,+,I/E,j,,−,W,Ɉ,-2,−,0.5,+,1.0
12,-LJ-,i_V,1,LIG,,,,,,,,,,,,1.0
12,-LJ-,i_V,2,LIG,,,,,,,,,,,,1.0
14,-LJ-,i_V,2,LMO,,,,,,,,,,,,1.0
14,-LJ-,i_V,1,LMO,,,,,,,,,,,,1.0
17,-LJ-,i_V,2,LOG SRD,,,,,,,,,,,,1.0
17,-LJ-,i_V,1,LOG SRD,,,,,,,,,,,,1.0
6,-LJ-,i_V,2,OCC,,,,,,,,,,,,1.0
6,-LJ-,i_V,1,OCC,,,,,,,,,,,,1.0
23,-LJ-,i_V,1,PGL,,,,,,,,,,,,1.0
23,-LJ-,i_V,2,PGL,,,,,,,,,,,,1.0
9,-LJ-,i_V,2,QBC FRA,,,,,,,,,,,,1.0
9,-LJ-,i_V,1,QBC FRA,,,,,,,,,,,,1.0
15,-LJ-,i_V,2,RMH,,,,,,,,,,,,1.0
15,-LJ-,i_V,1,RMH,,,,,,,,,,,,1.0
27,-LJ-,i_V,1,ROM,,,,,,,,,,,,1.0
27,-LJ-,i_V,2,ROM,+/−,i/∅,j~∅,,−,W~∅,Ɉ,-2,−,0.25,+,1.0
24,-LJ-,i_V,1,SCN,,,,,,,,,,,,1.0
24,-LJ-,i_V,2,SCN,,,,,,,,,,,,1.0
4,-LJ-,i_V,1,VAL,+,ll,ȴ (ʎ̟),,+,LW,Ɉ,0,−,0.75,+,1.0
4,-LJ-,i_V,2,VAL,,,,,,,,,,,,1.0
25,-LJ-,i_V,1,VEN,,,,,,,,,,,,1.0
25,-LJ-,i_V,2,VEN,,,,,,,,,,,,1.0
10,-LJ-,i_V,1,WAL,,,,,,,,,,,,1.0
10,-LJ-,i_V,2,WAL,,,,,,,,,,,,1.0
21,-LJ-,"{a,e,o,u}_V",2,ABR,,,,,,,,,,,,1.0
21,-LJ-,"{a,e,o,u}_V",1,ABR,,,,,,,,,,,,1.0
1,-LJ-,"{a,e,o,u}_V",1,AMR ESP,+,j,h,,−,F,H,-6,−,2,+,1.0
1,-LJ-,"{a,e,o,u}_V",2,AMR ESP,,,,,,,,,,,,1.0
31,-LJ-,"{a,e,o,u}_V",2,AND ESP,,,,,,,,,,,,1.0
31,-LJ-,"{a,e,o,u}_V",1,AND ESP,+,j,h,,−,F,H,-6,−,2,+,1.0
32,-LJ-,"{a,e,o,u}_V",1,ARG,,,,,,,,,,,,1.0
32,-LJ-,"{a,e,o,u}_V",2,ARG,,,,,,,,,,,,1.0
26,-LJ-,"{a,e,o,u}_V",2,ARO,,,,,,,,,,,,1.0
26,-LJ-,"{a,e,o,u}_V",1,ARO,,,,,,,,,,,,1.0
11,-LJ-,"{a,e,o,u}_V",1,ARP,,,,,,,,,,,,1.0
11,-LJ-,"{a,e,o,u}_V",2,ARP,,,,,,,,,,,,1.0
29,-LJ-,"{a,e,o,u}_V",2,ASL,,,,,,,,,,,,1.0
29,-LJ-,"{a,e,o,u}_V",1,ASL,,,,,,,,,,,,1.0
5,-LJ-,"{a,e,o,u}_V",2,BAL,,,,,,,,,,,,1.0
5,-LJ-,"{a,e,o,u}_V",1,BAL,+,ll,j,,−,W,Ɉ,-2,−,0.5,+,1.0
0,-LJ-,"{a,e,o,u}_V",1,BR POR,+,lh,ȴ (ʎ̟),,+,LW,Ɉ,0,−,0.75,+,1.0
0,-LJ-,"{a,e,o,u}_V",2,BR POR,,,,,,,,,,,,1.0
22,-LJ-,"{a,e,o,u}_V",2,CAM,,,,,,,,,,,,1.0
22,-LJ-,"{a,e,o,u}_V",1,CAM,,,,,,,,,,,,1.0
30,-LJ-,"{a,e,o,u}_V",2,CAS ESP,,,,,,,,,,,,1.0
30,-LJ-,"{a,e,o,u}_V",1,CAS ESP,+,j,x,,−,F,K,-3,−,2,−,1.0
3,-LJ-,"{a,e,o,u}_V",1,CAT,+,ll,ȴ (ʎ̟),,+,LW,Ɉ,0,−,0.75,+,1.0
3,-LJ-,"{a,e,o,u}_V",2,CAT,,,,,,,,,,,,1.0
19,-LJ-,"{a,e,o,u}_V",2,COR,,,,,,,,,,,,1.0
19,-LJ-,"{a,e,o,u}_V",1,COR,,,,,,,,,,,,1.0
18,-LJ-,"{a,e,o,u}_V",2,CPN SRD,,,,,,,,,,,,1.0
18,-LJ-,"{a,e,o,u}_V",1,CPN SRD,,,,,,,,,,,,1.0
8,-LJ-,"{a,e,o,u}_V",1,EU FRA,,,,,,,,,,,,1.0
8,-LJ-,"{a,e,o,u}_V",2,EU FRA,+,ll,j,,−,W,Ɉ,-2,−,0.5,+,1.0
13,-LJ-,"{a,e,o,u}_V",1,EU POR,+,lh,ȴ (ʎ̟),,+,LW,Ɉ,0,−,0.75,+,1.0
13,-LJ-,"{a,e,o,u}_V",2,EU POR,,,,,,,,,,,,1.0
16,-LJ-,"{a,e,o,u}_V",2,FUR,,,,,,,,,,,,1.0
16,-LJ-,"{a,e,o,u}_V",1,FUR,,,,,,,,,,,,1.0
28,-LJ-,"{a,e,o,u}_V",1,GAL,,,,,,,,,,,,1.0
28,-LJ-,"{a,e,o,u}_V",2,GAL,,,,,,,,,,,,1.0
7,-LJ-,"{a,e,o,u}_V",1,GAS OCC,,,,,,,,,,,,1.0
7,-LJ-,"{a,e,o,u}_V",2,GAS OCC,,,,,,,,,,,,1.0
20,-LJ-,"{a,e,o,u}_V",1,ITA,+,gli,ȴȴ (ʎ̟ʎ̟),,+,LLWW,Ɉ,0,−,0.9375,+,1.0
20,-LJ-,"{a,e,o,u}_V",2,ITA,,,,,,,,,,,,1.0
2,-LJ-,"{a,e,o,u}_V",1,LAT,+,L,l,,+,LW,D,0.75,−,0.75,+,1.0
2,-LJ-,"{a,e,o,u}_V",2,LAT,+,I/E,j,,−,W,Ɉ,-2,−,0.5,+,1.0
12,-LJ-,"{a,e,o,u}_V",1,LIG,,,,,,,,,,,,1.0
12,-LJ-,"{a,e,o,u}_V",2,LIG,,,,,,,,,,,,1.0
14,-LJ-,"{a,e,o,u}_V",2,LMO,,,,,,,,,,,,1.0
14,-LJ-,"{a,e,o,u}_V",1,LMO,,,,,,,,,,,,1.0
17,-LJ-,"{a,e,o,u}_V",2,LOG SRD,,,,,,,,,,,,1.0
17,-LJ-,"{a,e,o,u}_V",1,LOG SRD,,,,,,,,,,,,1.0
6,-LJ-,"{a,e,o,u}_V",2,OCC,,,,,,,,,,,,1.0
6,-LJ-,"{a,e,o,u}_V",1,OCC,,,,,,,,,,,,1.0
23,-LJ-,"{a,e,o,u}_V",1,PGL,,,,,,,,,,,,1.0
23,-LJ-,"{a,e,o,u}_V",2,PGL,,,,,,,,,,,,1.0
9,-LJ-,"{a,e,o,u}_V",2,QBC FRA,,,,,,,,,,,,1.0
9,-LJ-,"{a,e,o,u}_V",1,QBC FRA,,,,,,,,,,,,1.0
15,-LJ-,"{a,e,o,u}_V",2,RMH,,,,,,,,,,,,1.0
15,-LJ-,"{a,e,o,u}_V",1,RMH,,,,,,,,,,,,1.0
27,-LJ-,"{a,e,o,u}_V",1,ROM,,,,,,,,,,,,1.0
27,-LJ-,"{a,e,o,u}_V",2,ROM,+,i,j,,−,W,Ɉ,-2,−,0.5,+,1.0
24,-LJ-,"{a,e,o,u}_V",1,SCN,,,,,,,,,,,,1.0
24,-LJ-,"{a,e,o,u}_V",2,SCN,,,,,,,,,,,,1.0
4,-LJ-,"{a,e,o,u}_V",1,VAL,+,ll,ȴ (ʎ̟),,+,LW,Ɉ,0,−,0.75,+,1.0
4,-LJ-,"{a,e,o,u}_V",2,VAL,,,,,,,,,,,,1.0
25,-LJ-,"{a,e,o,u}_V",1,VEN,,,,,,,,,,,,1.0
25,-LJ-,"{a,e,o,u}_V",2,VEN,,,,,,,,,,,,1.0
10,-LJ-,"{a,e,o,u}_V",1,WAL,,,,,,,,,,,,1.0
10,-LJ-,"{a,e,o,u}_V",2,WAL,,,,,,,,,,,,1.0
