,number,treatment,environment,language,version,display,sonority_avg,place_avg,voice_avg
0,1.0,B-,"#_{a,O}",AMR ESP,1.0,b,4.0,3.0,0.0
0,1.0,B-,"#_{a,O}",AND ESP,1.0,b,4.0,3.0,0.0
0,1.0,B-,"#_{a,O}",ARG,1.0,b,4.0,3.0,0.0
0,1.0,B-,"#_{a,O}",WAL,1.0,b,4.0,3.0,0.0
0,1.0,B-,"#_{a,O}",VEN,1.0,b,4.0,3.0,0.0
0,1.0,B-,"#_{a,O}",ARO,1.0,b,4.0,3.0,0.0
0,1.0,B-,"#_{a,O}",ARP,1.0,b,4.0,3.0,0.0
0,1.0,B-,"#_{a,O}",ASL,1.0,b,4.0,3.0,0.0
0,1.0,B-,"#_{a,O}",BAL,1.0,b,4.0,3.0,0.0
0,1.0,B-,"#_{a,O}",BR POR,1.0,b,4.0,3.0,0.0
0,1.0,B-,"#_{a,O}",FUR,1.0,b,4.0,3.0,0.0
0,1.0,B-,"#_{a,O}",GAL,1.0,b,4.0,3.0,0.0
0,1.0,B-,"#_{a,O}",GAS OCC,1.0,b,4.0,3.0,0.0
0,1.0,B-,"#_{a,O}",ITA,1.0,b,4.0,3.0,0.0
0,1.0,B-,"#_{a,O}",LAT,1.0,b,4.0,3.0,0.0
0,1.0,B-,"#_{a,O}",CPN SRD,1.0,b,4.0,3.0,0.0
0,1.0,B-,"#_{a,O}",EU POR,1.0,b,4.0,3.0,0.0
0,1.0,B-,"#_{a,O}",CAS ESP,1.0,b,4.0,3.0,0.0
0,1.0,B-,"#_{a,O}",COR,1.0,b,4.0,3.0,0.0
0,1.0,B-,"#_{a,O}",CAT,1.0,b,4.0,3.0,0.0
0,1.0,B-,"#_{a,O}",EU FRA,1.0,b,4.0,3.0,0.0
0,1.0,B-,"#_{a,O}",CAM,1.0,v,2.0,2.5,0.0
0,1.0,B-,"#_{a,O}",QBC FRA,1.0,b,4.0,3.0,0.0
0,1.0,B-,"#_{a,O}",SCN,1.0,v,2.0,2.5,0.0
0,1.0,B-,"#_{a,O}",RMH,1.0,b,4.0,3.0,0.0
0,1.0,B-,"#_{a,O}",ROM,1.0,b,4.0,3.0,0.0
0,1.0,B-,"#_{a,O}",LMO,1.0,b,4.0,3.0,0.0
0,1.0,B-,"#_{a,O}",LOG SRD,1.0,b(v),3.333333333333333,2.833333333333333,0.0
0,1.0,B-,"#_{a,O}",VAL,1.0,b,4.0,3.0,0.0
0,1.0,B-,"#_{a,O}",LIG,1.0,b,4.0,3.0,0.0
0,1.0,B-,"#_{a,O}",OCC,1.0,b,4.0,3.0,0.0
0,2.0,B-,#_E,AMR ESP,1.0,b,4.0,3.0,0.0
0,2.0,B-,#_E,CPN SRD,1.0,b,4.0,3.0,0.0
0,2.0,B-,#_E,COR,1.0,b,4.0,3.0,0.0
0,2.0,B-,#_E,CAT,1.0,b,4.0,3.0,0.0
0,2.0,B-,#_E,QBC FRA,1.0,b,4.0,3.0,0.0
0,2.0,B-,#_E,RMH,1.0,b,4.0,3.0,0.0
0,2.0,B-,#_E,ROM,1.0,b,4.0,3.0,0.0
0,2.0,B-,#_E,SCN,1.0,v,2.0,2.5,0.0
0,2.0,B-,#_E,VAL,1.0,b,4.0,3.0,0.0
0,2.0,B-,#_E,LOG SRD,1.0,b(v),3.333333333333333,2.833333333333333,0.0
0,2.0,B-,#_E,LMO,1.0,b,4.0,3.0,0.0
0,2.0,B-,#_E,FUR,1.0,b,4.0,3.0,0.0
0,2.0,B-,#_E,GAL,1.0,b,4.0,3.0,0.0
0,2.0,B-,#_E,GAS OCC,1.0,b,4.0,3.0,0.0
0,2.0,B-,#_E,ITA,1.0,b,4.0,3.0,0.0
0,2.0,B-,#_E,LAT,1.0,b,4.0,3.0,0.0
0,2.0,B-,#_E,LIG,1.0,b,4.0,3.0,0.0
0,2.0,B-,#_E,BAL,1.0,b,4.0,3.0,0.0
0,2.0,B-,#_E,ASL,1.0,b,4.0,3.0,0.0
0,2.0,B-,#_E,EU POR,1.0,b,4.0,3.0,0.0
0,2.0,B-,#_E,CAS ESP,1.0,b,4.0,3.0,0.0
0,2.0,B-,#_E,CAM,1.0,v,2.0,2.5,0.0
0,2.0,B-,#_E,BR POR,1.0,b,4.0,3.0,0.0
0,2.0,B-,#_E,EU FRA,1.0,b,4.0,3.0,0.0
0,2.0,B-,#_E,ARG,1.0,b,4.0,3.0,0.0
0,2.0,B-,#_E,ARO,1.0,b,4.0,3.0,0.0
0,2.0,B-,#_E,ARP,1.0,b,4.0,3.0,0.0
0,2.0,B-,#_E,AND ESP,1.0,b,4.0,3.0,0.0
0,2.0,B-,#_E,WAL,1.0,b,4.0,3.0,0.0
0,2.0,B-,#_E,VEN,1.0,b,4.0,3.0,0.0
0,2.0,B-,#_E,OCC,1.0,b,4.0,3.0,0.0
0,3.0,T-,#_E,ROM,1.0,t̪,4.0,1.6666666666666667,255.0
0,3.0,T-,#_E,VAL,1.0,t̪,4.0,1.6666666666666667,255.0
0,3.0,T-,#_E,ARP,1.0,t̪,4.0,1.6666666666666667,255.0
0,3.0,T-,#_E,ARO,2.0,t͡s̪,3.0,1.3333333333333333,255.0
0,3.0,T-,#_E,ARO,1.0,t̪,4.0,1.6666666666666667,255.0
0,3.0,T-,#_E,ARG,1.0,t̪,4.0,1.6666666666666667,255.0
0,3.0,T-,#_E,QBC FRA,2.0,t͡s̪,3.0,1.3333333333333333,255.0
0,3.0,T-,#_E,AND ESP,1.0,t̪,4.0,1.6666666666666667,255.0
0,3.0,T-,#_E,QBC FRA,1.0,t̪,4.0,1.6666666666666667,255.0
0,3.0,T-,#_E,PGL,1.0,t̪,4.0,1.6666666666666667,255.0
0,3.0,T-,#_E,LOG SRD,1.0,t̪,4.0,1.6666666666666667,255.0
0,3.0,T-,#_E,OCC,1.0,t̪,4.0,1.6666666666666667,255.0
0,3.0,T-,#_E,GAS OCC,1.0,t̪,4.0,1.6666666666666667,255.0
0,3.0,T-,#_E,GAL,1.0,t̪,4.0,1.6666666666666667,255.0
0,3.0,T-,#_E,FUR,1.0,t̪,4.0,1.6666666666666667,255.0
0,3.0,T-,#_E,EU POR,1.0,t̪,4.0,1.6666666666666667,255.0
0,3.0,T-,#_E,LIG,1.0,t̪,4.0,1.6666666666666667,255.0
0,3.0,T-,#_E,LMO,1.0,t̪,4.0,1.6666666666666667,255.0
0,3.0,T-,#_E,EU FRA,1.0,t̪,4.0,1.6666666666666667,255.0
0,3.0,T-,#_E,CPN SRD,1.0,t̪,4.0,1.6666666666666667,255.0
0,3.0,T-,#_E,ITA,1.0,t̪,4.0,1.6666666666666667,255.0
0,3.0,T-,#_E,LAT,1.0,t̪,4.0,1.6666666666666667,255.0
0,3.0,T-,#_E,VEN,1.0,t̪,4.0,1.6666666666666667,255.0
0,3.0,T-,#_E,WAL,1.0,t̪,4.0,1.6666666666666667,255.0
0,3.0,T-,#_E,ABR,1.0,t̪,4.0,1.6666666666666667,255.0
0,3.0,T-,#_E,AMR ESP,1.0,t̪,4.0,1.6666666666666667,255.0
0,3.0,T-,#_E,ASL,1.0,t̪,4.0,1.6666666666666667,255.0
0,3.0,T-,#_E,BAL,1.0,t̪,4.0,1.6666666666666667,255.0
0,3.0,T-,#_E,BR POR,1.0,t̪,4.0,1.6666666666666667,255.0
0,3.0,T-,#_E,BR POR,2.0,t̠͡ʃ,3.0,-0.5,255.0
0,3.0,T-,#_E,CAM,1.0,t̪,4.0,1.6666666666666667,255.0
0,3.0,T-,#_E,CAS ESP,1.0,t̪,4.0,1.6666666666666667,255.0
0,3.0,T-,#_E,CAT,1.0,t̪,4.0,1.6666666666666667,255.0
0,3.0,T-,#_E,COR,1.0,t̪,4.0,1.6666666666666667,255.0
0,3.0,T-,#_E,RMH,1.0,t̪,4.0,1.6666666666666667,255.0
0,3.0,T-,#_E,SCN,1.0,t̪,4.0,1.6666666666666667,255.0
0,3.0,T-,#_E,ROM,2.0,t͡s̪,3.0,1.3333333333333333,255.0
0,4.0,T-,"#_{a,O}",RMH,1.0,t̪,4.0,1.6666666666666667,255.0
0,4.0,T-,"#_{a,O}",CAM,1.0,t̪,4.0,1.6666666666666667,255.0
0,4.0,T-,"#_{a,O}",BAL,1.0,t̪,4.0,1.6666666666666667,255.0
0,4.0,T-,"#_{a,O}",AMR ESP,1.0,t̪,4.0,1.6666666666666667,255.0
0,4.0,T-,"#_{a,O}",ABR,1.0,t̪,4.0,1.6666666666666667,255.0
0,4.0,T-,"#_{a,O}",EU FRA,1.0,t̪,4.0,1.6666666666666667,255.0
0,4.0,T-,"#_{a,O}",EU POR,1.0,t̪,4.0,1.6666666666666667,255.0
0,4.0,T-,"#_{a,O}",FUR,1.0,t̪,4.0,1.6666666666666667,255.0
0,4.0,T-,"#_{a,O}",ARG,1.0,t̪,4.0,1.6666666666666667,255.0
0,4.0,T-,"#_{a,O}",AND ESP,1.0,t̪,4.0,1.6666666666666667,255.0
0,4.0,T-,"#_{a,O}",ARO,1.0,t̪,4.0,1.6666666666666667,255.0
0,4.0,T-,"#_{a,O}",ARP,1.0,t̪,4.0,1.6666666666666667,255.0
0,4.0,T-,"#_{a,O}",ASL,1.0,t̪,4.0,1.6666666666666667,255.0
0,4.0,T-,"#_{a,O}",WAL,1.0,t̪,4.0,1.6666666666666667,255.0
0,4.0,T-,"#_{a,O}",CAT,1.0,t̪,4.0,1.6666666666666667,255.0
0,4.0,T-,"#_{a,O}",CAS ESP,1.0,t̪,4.0,1.6666666666666667,255.0
0,4.0,T-,"#_{a,O}",BR POR,1.0,t̪,4.0,1.6666666666666667,255.0
0,4.0,T-,"#_{a,O}",COR,1.0,t̪,4.0,1.6666666666666667,255.0
0,4.0,T-,"#_{a,O}",GAS OCC,1.0,t̪,4.0,1.6666666666666667,255.0
0,4.0,T-,"#_{a,O}",GAL,1.0,t̪,4.0,1.6666666666666667,255.0
0,4.0,T-,"#_{a,O}",VEN,1.0,t̪,4.0,1.6666666666666667,255.0
0,4.0,T-,"#_{a,O}",VAL,1.0,t̪,4.0,1.6666666666666667,255.0
0,4.0,T-,"#_{a,O}",SCN,1.0,t̪,4.0,1.6666666666666667,255.0
0,4.0,T-,"#_{a,O}",ROM,1.0,t̪,4.0,1.6666666666666667,255.0
0,4.0,T-,"#_{a,O}",CPN SRD,1.0,t̪,4.0,1.6666666666666667,255.0
0,4.0,T-,"#_{a,O}",LIG,1.0,t̪,4.0,1.6666666666666667,255.0
0,4.0,T-,"#_{a,O}",LMO,1.0,t̪,4.0,1.6666666666666667,255.0
0,4.0,T-,"#_{a,O}",LOG SRD,1.0,t̪,4.0,1.6666666666666667,255.0
0,4.0,T-,"#_{a,O}",ITA,1.0,t̪,4.0,1.6666666666666667,255.0
0,4.0,T-,"#_{a,O}",QBC FRA,2.0,t͡s̪,3.0,1.3333333333333333,255.0
0,4.0,T-,"#_{a,O}",QBC FRA,1.0,t̪,4.0,1.6666666666666667,255.0
0,4.0,T-,"#_{a,O}",PGL,1.0,t̪,4.0,1.6666666666666667,255.0
0,4.0,T-,"#_{a,O}",LAT,1.0,t̪,4.0,1.6666666666666667,255.0
0,4.0,T-,"#_{a,O}",OCC,1.0,t̪,4.0,1.6666666666666667,255.0
0,5.0,D-,#_E,ABR,1.0,d̪,4.0,1.6666666666666667,0.0
0,5.0,D-,#_E,AND ESP,1.0,d̪,4.0,1.6666666666666667,0.0
0,5.0,D-,#_E,AMR ESP,1.0,d̪,4.0,1.6666666666666667,0.0
0,5.0,D-,#_E,ROM,2.0,z̪,2.0,1.3333333333333333,0.0
0,5.0,D-,#_E,SCN,1.0,d̪~ɾ,2.4375,1.2083333333333337,0.0
0,5.0,D-,#_E,WAL,1.0,d̪,4.0,1.6666666666666667,0.0
0,5.0,D-,#_E,VEN,1.0,d̪,4.0,1.6666666666666667,0.0
0,5.0,D-,#_E,QBC FRA,2.0,d͡z̪,3.0,1.3333333333333333,0.0
0,5.0,D-,#_E,RMH,1.0,d̪,4.0,1.6666666666666667,0.0
0,5.0,D-,#_E,ROM,1.0,d̪,4.0,1.6666666666666667,0.0
0,5.0,D-,#_E,CPN SRD,1.0,d̪,4.0,1.6666666666666667,0.0
0,5.0,D-,#_E,ASL,1.0,d̪,4.0,1.6666666666666667,0.0
0,5.0,D-,#_E,CAM,1.0,d̪~ɾ,2.4375,1.2083333333333337,0.0
0,5.0,D-,#_E,CAS ESP,1.0,d̪,4.0,1.6666666666666667,0.0
0,5.0,D-,#_E,CAT,1.0,d̪,4.0,1.6666666666666667,0.0
0,5.0,D-,#_E,BR POR,1.0,d̪,4.0,1.6666666666666667,0.0
0,5.0,D-,#_E,BR POR,2.0,d̠͡ʒ,3.0,-0.5,0.0
0,5.0,D-,#_E,ARG,1.0,d̪,4.0,1.6666666666666667,0.0
0,5.0,D-,#_E,LMO,1.0,d̪,4.0,1.6666666666666667,0.0
0,5.0,D-,#_E,LOG SRD,1.0,d̪,4.0,1.6666666666666667,0.0
0,5.0,D-,#_E,OCC,1.0,d̪,4.0,1.6666666666666667,0.0
0,5.0,D-,#_E,VAL,1.0,d̪,4.0,1.6666666666666667,0.0
0,5.0,D-,#_E,ARP,1.0,d̪,4.0,1.6666666666666667,0.0
0,5.0,D-,#_E,GAS OCC,1.0,d̪,4.0,1.6666666666666667,0.0
0,5.0,D-,#_E,ARO,1.0,d̪,4.0,1.6666666666666667,0.0
0,5.0,D-,#_E,FUR,1.0,d̪,4.0,1.6666666666666667,0.0
0,5.0,D-,#_E,GAL,1.0,d̪,4.0,1.6666666666666667,0.0
0,5.0,D-,#_E,ITA,1.0,d̪,4.0,1.6666666666666667,0.0
0,5.0,D-,#_E,LAT,1.0,d̪,4.0,1.6666666666666667,0.0
0,5.0,D-,#_E,ARO,2.0,d͡z̪,3.0,1.3333333333333333,0.0
0,5.0,D-,#_E,QBC FRA,1.0,d̪,4.0,1.6666666666666667,0.0
0,5.0,D-,#_E,EU FRA,1.0,d̪,4.0,1.6666666666666667,0.0
0,5.0,D-,#_E,EU POR,1.0,d̪,4.0,1.6666666666666667,0.0
0,5.0,D-,#_E,BAL,1.0,d̪,4.0,1.6666666666666667,0.0
0,5.0,D-,#_E,PGL,1.0,d̪,4.0,1.6666666666666667,0.0
0,6.0,D-,"#_{a,O}",ITA,1.0,d̪,4.0,1.6666666666666667,0.0
0,6.0,D-,"#_{a,O}",ROM,1.0,d̪,4.0,1.6666666666666667,0.0
0,6.0,D-,"#_{a,O}",GAS OCC,1.0,d̪,4.0,1.6666666666666667,0.0
0,6.0,D-,"#_{a,O}",SCN,1.0,d̪~ɾ,2.4375,1.2083333333333337,0.0
0,6.0,D-,"#_{a,O}",LOG SRD,1.0,d̪,4.0,1.6666666666666667,0.0
0,6.0,D-,"#_{a,O}",LMO,1.0,d̪,4.0,1.6666666666666667,0.0
0,6.0,D-,"#_{a,O}",LAT,1.0,d̪,4.0,1.6666666666666667,0.0
0,6.0,D-,"#_{a,O}",CAS ESP,1.0,d̪,4.0,1.6666666666666667,0.0
0,6.0,D-,"#_{a,O}",CAM,1.0,d̪~ɾ,2.4375,1.2083333333333337,0.0
0,6.0,D-,"#_{a,O}",QBC FRA,1.0,d̪,4.0,1.6666666666666667,0.0
0,6.0,D-,"#_{a,O}",PGL,1.0,d̪,4.0,1.6666666666666667,0.0
0,6.0,D-,"#_{a,O}",FUR,1.0,d̪,4.0,1.6666666666666667,0.0
0,6.0,D-,"#_{a,O}",GAL,1.0,d̪,4.0,1.6666666666666667,0.0
0,6.0,D-,"#_{a,O}",AMR ESP,1.0,d̪,4.0,1.6666666666666667,0.0
0,6.0,D-,"#_{a,O}",AND ESP,1.0,d̪,4.0,1.6666666666666667,0.0
0,6.0,D-,"#_{a,O}",ARG,1.0,d̪,4.0,1.6666666666666667,0.0
0,6.0,D-,"#_{a,O}",ARO,1.0,d̪,4.0,1.6666666666666667,0.0
0,6.0,D-,"#_{a,O}",ARP,1.0,d̪,4.0,1.6666666666666667,0.0
0,6.0,D-,"#_{a,O}",RMH,1.0,d̪,4.0,1.6666666666666667,0.0
0,6.0,D-,"#_{a,O}",OCC,1.0,d̪,4.0,1.6666666666666667,0.0
0,6.0,D-,"#_{a,O}",EU FRA,1.0,d̪,4.0,1.6666666666666667,0.0
0,6.0,D-,"#_{a,O}",CPN SRD,1.0,d̪,4.0,1.6666666666666667,0.0
0,6.0,D-,"#_{a,O}",CAT,1.0,d̪,4.0,1.6666666666666667,0.0
0,6.0,D-,"#_{a,O}",BAL,1.0,d̪,4.0,1.6666666666666667,0.0
0,6.0,D-,"#_{a,O}",BR POR,1.0,d̪,4.0,1.6666666666666667,0.0
0,6.0,D-,"#_{a,O}",EU POR,1.0,d̪,4.0,1.6666666666666667,0.0
0,6.0,D-,"#_{a,O}",ASL,1.0,d̪,4.0,1.6666666666666667,0.0
0,6.0,D-,"#_{a,O}",QBC FRA,2.0,d͡z̪,3.0,1.3333333333333333,0.0
0,6.0,D-,"#_{a,O}",ABR,1.0,d̪,4.0,1.6666666666666667,0.0
0,6.0,D-,"#_{a,O}",VEN,1.0,d̪,4.0,1.6666666666666667,0.0
0,6.0,D-,"#_{a,O}",WAL,1.0,d̪,4.0,1.6666666666666667,0.0
0,6.0,D-,"#_{a,O}",VAL,1.0,d̪,4.0,1.6666666666666667,0.0
0,7.0,C-,#_E,GAS OCC,1.0,s̠,2.0,0.5,255.0
0,7.0,C-,#_E,ITA,1.0,t̠͡ʃ,3.0,-0.5,255.0
0,7.0,C-,#_E,FUR,1.0,t̠͡ʃ~s̠,0.0,0.0,0.0
0,7.0,C-,#_E,WAL,1.0,s̪,2.0,1.3333333333333333,255.0
0,7.0,C-,#_E,LAT,1.0,k,4.0,-3.0,255.0
0,7.0,C-,#_E,LOG SRD,1.0,k,4.0,-3.0,255.0
0,7.0,C-,#_E,LMO,1.0,ʃ~s̠,2.0,0.0,255.0
0,7.0,C-,#_E,EU POR,1.0,s(s̪),2.0,1.0833333333333333,255.0
0,7.0,C-,#_E,EU FRA,1.0,s̪,2.0,1.3333333333333333,255.0
0,7.0,C-,#_E,CPN SRD,1.0,t̠͡ʃ,3.0,-0.5,255.0
0,7.0,C-,#_E,CAT,1.0,s̠,2.0,0.5,255.0
0,7.0,C-,#_E,VAL,1.0,s̠,2.0,0.5,255.0
0,7.0,C-,#_E,VEN,1.0,s̠~θ,2.0,1.25,255.0
0,7.0,C-,#_E,GAL,1.0,θ(s),2.0,1.6666666666666667,255.0
0,7.0,C-,#_E,ARP,1.0,s̪,2.0,1.3333333333333333,255.0
0,7.0,C-,#_E,CAM,1.0,t̠͡ʃ,3.0,-0.5,255.0
0,7.0,C-,#_E,BR POR,1.0,s,2.0,1.0,255.0
0,7.0,C-,#_E,CAS ESP,1.0,θ,2.0,2.0,255.0
0,7.0,C-,#_E,SCN,1.0,t̠͡ʃ,3.0,-0.5,255.0
0,7.0,C-,#_E,BAL,1.0,s̠,2.0,0.5,255.0
0,7.0,C-,#_E,ARO,1.0,t͡s̪,3.0,1.3333333333333333,255.0
0,7.0,C-,#_E,ASL,1.0,θ,2.0,2.0,255.0
0,7.0,C-,#_E,AND ESP,1.0,s̟,2.0,1.6666666666666667,255.0
0,7.0,C-,#_E,QBC FRA,1.0,s̪,2.0,1.3333333333333333,255.0
0,7.0,C-,#_E,RMH,1.0,t̠͡ʃ,3.0,-0.5,255.0
0,7.0,C-,#_E,ROM,1.0,t̠͡ʃ,3.0,-0.5,255.0
0,7.0,C-,#_E,OCC,1.0,s̠,2.0,0.5,255.0
0,7.0,C-,#_E,AMR ESP,1.0,s,2.0,1.0,255.0
0,7.0,C-,#_E,ARG,1.0,θ,2.0,2.0,255.0
0,8.0,C-,#_a,ITA,1.0,k,4.0,-3.0,255.0
0,8.0,C-,#_a,LMO,1.0,k,4.0,-3.0,255.0
0,8.0,C-,#_a,LOG SRD,1.0,k,4.0,-3.0,255.0
0,8.0,C-,#_a,LAT,1.0,k,4.0,-3.0,255.0
0,8.0,C-,#_a,LIG,1.0,k,4.0,-3.0,255.0
0,8.0,C-,#_a,FUR,1.0,c~t̠͡ʃ,3.5,-1.25,255.0
0,8.0,C-,#_a,EU FRA,1.0,ʃ,2.0,-0.5,255.0
0,8.0,C-,#_a,GAS OCC,1.0,k,4.0,-3.0,255.0
0,8.0,C-,#_a,CPN SRD,1.0,k,4.0,-3.0,255.0
0,8.0,C-,#_a,EU POR,1.0,k,4.0,-3.0,255.0
0,8.0,C-,#_a,CAS ESP,1.0,k,4.0,-3.0,255.0
0,8.0,C-,#_a,OCC,1.0,k(t͡s),3.6666666666666665,2.333333333333333,255.0
0,8.0,C-,#_a,PGL,1.0,k,4.0,-3.0,255.0
0,8.0,C-,#_a,QBC FRA,1.0,ʃ,2.0,-0.5,255.0
0,8.0,C-,#_a,CAM,1.0,k,4.0,-3.0,255.0
0,8.0,C-,#_a,BR POR,1.0,k,4.0,-3.0,255.0
0,8.0,C-,#_a,BAL,1.0,k,4.0,-3.0,255.0
0,8.0,C-,#_a,ASL,1.0,k,4.0,-3.0,255.0
0,8.0,C-,#_a,ARP,1.0,t̠͡ʃ~θ,2.5,0.75,255.0
0,8.0,C-,#_a,ARO,1.0,k,4.0,-3.0,255.0
0,8.0,C-,#_a,ARG,1.0,k,4.0,-3.0,255.0
0,8.0,C-,#_a,AND ESP,1.0,k,4.0,-3.0,255.0
0,8.0,C-,#_a,RMH,1.0,k~c,4.0,-2.5,255.0
0,8.0,C-,#_a,ROM,1.0,k,4.0,-3.0,255.0
0,8.0,C-,#_a,SCN,1.0,k,4.0,-3.0,255.0
0,8.0,C-,#_a,VAL,1.0,k,4.0,-3.0,255.0
0,8.0,C-,#_a,VEN,1.0,k,4.0,-3.0,255.0
0,8.0,C-,#_a,WAL,1.0,t̠͡ʃ,3.0,-0.5,255.0
0,8.0,C-,#_a,ABR,1.0,k,4.0,-3.0,255.0
0,8.0,C-,#_a,AMR ESP,1.0,k,4.0,-3.0,255.0
0,8.0,C-,#_a,COR,1.0,k,4.0,-3.0,255.0
0,8.0,C-,#_a,CAT,1.0,k,4.0,-3.0,255.0
0,8.0,C-,#_a,GAL,1.0,k,4.0,-3.0,255.0
0,9.0,C-,"#_{o,ŭ}",FUR,1.0,k,0.0,0.0,0.0
0,9.0,C-,"#_{o,ŭ}",ARG,1.0,k,4.0,-3.0,255.0
0,9.0,C-,"#_{o,ŭ}",AND ESP,1.0,k,4.0,-3.0,255.0
0,9.0,C-,"#_{o,ŭ}",GAL,1.0,k,4.0,-3.0,255.0
0,9.0,C-,"#_{o,ŭ}",COR,1.0,k,4.0,-3.0,255.0
0,9.0,C-,"#_{o,ŭ}",CAT,1.0,k,4.0,-3.0,255.0
0,9.0,C-,"#_{o,ŭ}",CAS ESP,1.0,k,4.0,-3.0,255.0
0,9.0,C-,"#_{o,ŭ}",GAS OCC,1.0,k,4.0,-3.0,255.0
0,9.0,C-,"#_{o,ŭ}",ITA,1.0,k,4.0,-3.0,255.0
0,9.0,C-,"#_{o,ŭ}",EU POR,1.0,k,4.0,-3.0,255.0
0,9.0,C-,"#_{o,ŭ}",EU FRA,1.0,k,4.0,-3.0,255.0
0,9.0,C-,"#_{o,ŭ}",CPN SRD,1.0,k,4.0,-3.0,255.0
0,9.0,C-,"#_{o,ŭ}",CAM,1.0,k,4.0,-3.0,255.0
0,9.0,C-,"#_{o,ŭ}",OCC,1.0,k,4.0,-3.0,255.0
0,9.0,C-,"#_{o,ŭ}",LOG SRD,1.0,k,4.0,-3.0,255.0
0,9.0,C-,"#_{o,ŭ}",LMO,1.0,k,4.0,-3.0,255.0
0,9.0,C-,"#_{o,ŭ}",BR POR,1.0,k,4.0,-3.0,255.0
0,9.0,C-,"#_{o,ŭ}",ARO,1.0,k,4.0,-3.0,255.0
0,9.0,C-,"#_{o,ŭ}",ARP,1.0,k,4.0,-3.0,255.0
0,9.0,C-,"#_{o,ŭ}",ASL,1.0,k,4.0,-3.0,255.0
0,9.0,C-,"#_{o,ŭ}",BAL,1.0,k,4.0,-3.0,255.0
0,9.0,C-,"#_{o,ŭ}",VAL,1.0,k,4.0,-3.0,255.0
0,9.0,C-,"#_{o,ŭ}",ROM,1.0,k,4.0,-3.0,255.0
0,9.0,C-,"#_{o,ŭ}",RMH,1.0,k,0.0,0.0,0.0
0,9.0,C-,"#_{o,ŭ}",SCN,1.0,k,4.0,-3.0,255.0
0,9.0,C-,"#_{o,ŭ}",AMR ESP,1.0,k,4.0,-3.0,255.0
0,9.0,C-,"#_{o,ŭ}",ABR,1.0,k,4.0,-3.0,255.0
0,9.0,C-,"#_{o,ŭ}",WAL,1.0,k,4.0,-3.0,255.0
0,9.0,C-,"#_{o,ŭ}",VEN,1.0,k,4.0,-3.0,255.0
0,9.0,C-,"#_{o,ŭ}",QBC FRA,1.0,k,4.0,-3.0,255.0
0,9.0,C-,"#_{o,ŭ}",LIG,1.0,k,4.0,-3.0,255.0
0,9.0,C-,"#_{o,ŭ}",ITA,2.0,ɡ,4.0,-3.0,0.0
0,9.0,C-,"#_{o,ŭ}",LAT,1.0,k,4.0,-3.0,255.0
0,9.0,C-,"#_{o,ŭ}",PGL,1.0,k,4.0,-3.0,255.0
0,10.0,C-,#_ū,CPN SRD,1.0,k,4.0,-3.0,255.0
0,10.0,C-,#_ū,EU FRA,1.0,k,4.0,-3.0,255.0
0,10.0,C-,#_ū,EU POR,1.0,k,4.0,-3.0,255.0
0,10.0,C-,#_ū,FUR,1.0,k,4.0,-3.0,255.0
0,10.0,C-,#_ū,GAL,1.0,k,4.0,-3.0,255.0
0,10.0,C-,#_ū,GAS OCC,1.0,k,4.0,-3.0,255.0
0,10.0,C-,#_ū,ITA,1.0,k,4.0,-3.0,255.0
0,10.0,C-,#_ū,LAT,1.0,k,4.0,-3.0,255.0
0,10.0,C-,#_ū,ARP,1.0,k,4.0,-3.0,255.0
0,10.0,C-,#_ū,ASL,1.0,k,4.0,-3.0,255.0
0,10.0,C-,#_ū,BAL,1.0,k,4.0,-3.0,255.0
0,10.0,C-,#_ū,BR POR,1.0,k,4.0,-3.0,255.0
0,10.0,C-,#_ū,CAM,1.0,k,4.0,-3.0,255.0
0,10.0,C-,#_ū,CAS ESP,1.0,k,4.0,-3.0,255.0
0,10.0,C-,#_ū,CAT,1.0,k,4.0,-3.0,255.0
0,10.0,C-,#_ū,COR,1.0,k,4.0,-3.0,255.0
0,10.0,C-,#_ū,ABR,1.0,k,4.0,-3.0,255.0
0,10.0,C-,#_ū,AMR ESP,1.0,k,4.0,-3.0,255.0
0,10.0,C-,#_ū,AND ESP,1.0,k,4.0,-3.0,255.0
0,10.0,C-,#_ū,ARG,1.0,k,4.0,-3.0,255.0
0,10.0,C-,#_ū,ARO,1.0,k,4.0,-3.0,255.0
0,10.0,C-,#_ū,ROM,1.0,k,4.0,-3.0,255.0
0,10.0,C-,#_ū,SCN,1.0,k,4.0,-3.0,255.0
0,10.0,C-,#_ū,VAL,1.0,k,4.0,-3.0,255.0
0,10.0,C-,#_ū,VEN,1.0,k,4.0,-3.0,255.0
0,10.0,C-,#_ū,WAL,1.0,k,4.0,-3.0,255.0
0,10.0,C-,#_ū,LIG,1.0,k,4.0,-3.0,255.0
0,10.0,C-,#_ū,LMO,1.0,k,4.0,-3.0,255.0
0,10.0,C-,#_ū,LOG SRD,1.0,k,4.0,-3.0,255.0
0,10.0,C-,#_ū,OCC,1.0,k,4.0,-3.0,255.0
0,10.0,C-,#_ū,PGL,1.0,k,4.0,-3.0,255.0
0,10.0,C-,#_ū,QBC FRA,1.0,k,4.0,-3.0,255.0
0,10.0,C-,#_ū,RMH,1.0,c,4.0,-2.0,255.0
0,11.0,G-,ˈ#_E,ARP,1.0,d͡z~ð,2.5,1.5,0.0
0,11.0,G-,ˈ#_E,LOG SRD,1.0,ɡ,4.0,-3.0,0.0
0,11.0,G-,ˈ#_E,LMO,1.0,d̠͡ʒ~z,2.5,0.25,0.0
0,11.0,G-,ˈ#_E,LIG,1.0,z(d͡z),2.333333333333333,1.0,0.0
0,11.0,G-,ˈ#_E,RMH,1.0,d̠͡ʒ~ʃ,0.0,0.0,0.0
0,11.0,G-,ˈ#_E,ROM,1.0,d̠͡ʒ,3.0,-0.5,0.0
0,11.0,G-,ˈ#_E,SCN,1.0,j,0.3333333333333333,-2.0,0.0
0,11.0,G-,ˈ#_E,COR,1.0,ɟ,4.0,-2.0,0.0
0,11.0,G-,ˈ#_E,CPN SRD,1.0,d̠͡ʒ,3.0,-0.5,0.0
0,11.0,G-,ˈ#_E,EU FRA,1.0,ʒ,2.0,-0.5,0.0
0,11.0,G-,ˈ#_E,OCC,1.0,̠d̠͡ʒ(d͡z̠),3.0,-0.1666666666666666,0.0
0,11.0,G-,ˈ#_E,QBC FRA,1.0,ʒ,2.0,-0.5,0.0
0,11.0,G-,ˈ#_E,GAS OCC,1.0,ʒ,2.0,-0.5,0.0
0,11.0,G-,ˈ#_E,ITA,1.0,d̠͡ʒ,3.0,-0.5,0.0
0,11.0,G-,ˈ#_E,LAT,1.0,ɡ,4.0,-3.0,0.0
0,11.0,G-,ˈ#_E,ARO,1.0,d͡z̪,3.0,1.3333333333333333,0.0
0,11.0,G-,ˈ#_E,AND ESP,1.0,ɟ͡ʝ,3.0,-2.0,0.0
0,11.0,G-,ˈ#_E,ASL,1.0,ʃ,2.0,-0.5,255.0
0,11.0,G-,ˈ#_E,BAL,1.0,ʒ,2.0,-0.5,0.0
0,11.0,G-,ˈ#_E,BR POR,1.0,ʒ,2.0,-0.5,0.0
0,11.0,G-,ˈ#_E,CAM,1.0,j,0.3333333333333333,-2.0,0.0
0,11.0,G-,ˈ#_E,CAS ESP,1.0,ɟ͡ʝ,3.0,-2.0,0.0
0,11.0,G-,ˈ#_E,CAT,1.0,ʒ,2.0,-0.5,0.0
0,11.0,G-,ˈ#_E,AMR ESP,1.0,ɟ͡ʝ,3.0,-2.0,0.0
0,11.0,G-,ˈ#_E,VEN,1.0,z̠~ð,2.0,1.25,255.0
0,11.0,G-,ˈ#_E,ARG,1.0,t̠͡ʃ,3.0,-0.5,255.0
0,11.0,G-,ˈ#_E,EU POR,1.0,ʒ,2.0,-0.5,0.0
0,11.0,G-,ˈ#_E,GAL,1.0,ʃ,2.0,-0.5,255.0
0,11.0,G-,ˈ#_E,WAL,1.0,d̠͡ʒ,3.0,-0.5,0.0
0,11.0,G-,ˈ#_E,VAL,1.0,d̠͡ʒ,3.0,-0.5,0.0
0,12.0,G-,#_E.ˈ,SCN,1.0,j,0.3333333333333333,-2.0,0.0
0,12.0,G-,#_E.ˈ,LOG SRD,1.0,ɡ,4.0,-3.0,0.0
0,12.0,G-,#_E.ˈ,LIG,1.0,z(d͡z),2.333333333333333,1.0,0.0
0,12.0,G-,#_E.ˈ,LAT,1.0,ɡ,4.0,-3.0,0.0
0,12.0,G-,#_E.ˈ,ASL,1.0,ʃ,2.0,-0.5,255.0
0,12.0,G-,#_E.ˈ,CAS ESP,1.0,∅,0.0,-0.5,255.0
0,12.0,G-,#_E.ˈ,OCC,1.0,̠d̠͡ʒ(d͡z̠),3.0,-0.1666666666666666,0.0
0,12.0,G-,#_E.ˈ,QBC FRA,1.0,ʒ,2.0,-0.5,0.0
0,12.0,G-,#_E.ˈ,ROM,1.0,d̠͡ʒ,3.0,-0.5,0.0
0,12.0,G-,#_E.ˈ,EU FRA,1.0,ʒ,2.0,-0.5,0.0
0,12.0,G-,#_E.ˈ,EU POR,1.0,ʒ,2.0,-0.5,0.0
0,12.0,G-,#_E.ˈ,GAL,1.0,ʃ,2.0,-0.5,255.0
0,12.0,G-,#_E.ˈ,GAS OCC,1.0,ʒ,2.0,-0.5,0.0
0,12.0,G-,#_E.ˈ,ITA,1.0,d̠͡ʒ,3.0,-0.5,0.0
0,12.0,G-,#_E.ˈ,VAL,1.0,d̠͡ʒ,3.0,-0.5,0.0
0,12.0,G-,#_E.ˈ,VEN,1.0,z̠~ð,2.0,1.25,255.0
0,12.0,G-,#_E.ˈ,WAL,1.0,d̠͡ʒ,3.0,-0.5,0.0
0,12.0,G-,#_E.ˈ,LMO,1.0,d̠͡ʒ~z,2.5,0.25,0.0
0,12.0,G-,#_E.ˈ,COR,1.0,ɟ,4.0,-2.0,0.0
0,12.0,G-,#_E.ˈ,CAT,1.0,ʒ,2.0,-0.5,0.0
0,12.0,G-,#_E.ˈ,AMR ESP,1.0,∅,0.0,-0.5,255.0
0,12.0,G-,#_E.ˈ,AND ESP,1.0,∅,0.0,-0.5,255.0
0,12.0,G-,#_E.ˈ,BAL,1.0,ʒ,2.0,-0.5,0.0
0,12.0,G-,#_E.ˈ,BR POR,1.0,ʒ,2.0,-0.5,0.0
0,12.0,G-,#_E.ˈ,CAM,1.0,j,0.3333333333333333,-2.0,0.0
0,12.0,G-,#_E.ˈ,CPN SRD,1.0,d̠͡ʒ,3.0,-0.5,0.0
0,12.0,G-,#_E.ˈ,ARG,1.0,t̠͡ʃ,3.0,-0.5,255.0
0,12.0,G-,#_E.ˈ,ARO,1.0,d͡z̪,3.0,1.3333333333333333,0.0
0,12.0,G-,#_E.ˈ,ARP,1.0,d͡z~ð,2.5,1.5,0.0
0,13.0,G-,#_a,VAL,1.0,ɡ,4.0,-3.0,0.0
0,13.0,G-,#_a,QBC FRA,1.0,ʒ,2.0,-0.5,0.0
0,13.0,G-,#_a,ROM,1.0,ɡ,4.0,-3.0,0.0
0,13.0,G-,#_a,RMH,1.0,ɟ~d̠͡ʒ,3.5,-1.25,0.0
0,13.0,G-,#_a,AMR ESP,1.0,ɡ,4.0,-3.0,0.0
0,13.0,G-,#_a,CAS ESP,1.0,ɡ,4.0,-3.0,0.0
0,13.0,G-,#_a,CAT,1.0,ɡ,4.0,-3.0,0.0
0,13.0,G-,#_a,COR,1.0,ɡ,4.0,-3.0,0.0
0,13.0,G-,#_a,CPN SRD,1.0,ɡ,4.0,-3.0,0.0
0,13.0,G-,#_a,VEN,1.0,ɡ,4.0,-3.0,0.0
0,13.0,G-,#_a,WAL,1.0,d̠͡ʒ,3.0,-0.5,0.0
0,13.0,G-,#_a,SCN,1.0,ɡ~j,2.1666666666666665,-2.5,0.0
0,13.0,G-,#_a,LIG,1.0,ɡ,4.0,-3.0,0.0
0,13.0,G-,#_a,GAS OCC,1.0,ɡ,4.0,-3.0,0.0
0,13.0,G-,#_a,ITA,1.0,ɡ,4.0,-3.0,0.0
0,13.0,G-,#_a,LAT,1.0,ɡ,4.0,-3.0,0.0
0,13.0,G-,#_a,LOG SRD,1.0,ɡ,4.0,-3.0,0.0
0,13.0,G-,#_a,LMO,1.0,ɡ,4.0,-3.0,0.0
0,13.0,G-,#_a,OCC,1.0,ɡ(d͡z),3.6666666666666665,2.333333333333333,0.0
0,13.0,G-,#_a,GAL,1.0,ɡ(ħ),3.333333333333333,-3.6666666666666665,85.0
0,13.0,G-,#_a,ARP,1.0,d͡z~ð,2.5,1.5,0.0
0,13.0,G-,#_a,AND ESP,1.0,ɡ,4.0,-3.0,0.0
0,13.0,G-,#_a,ARG,1.0,ɡ,4.0,-3.0,0.0
0,13.0,G-,#_a,ARO,1.0,ɡ,4.0,-3.0,0.0
0,13.0,G-,#_a,BAL,1.0,ɡ,4.0,-3.0,0.0
0,13.0,G-,#_a,EU FRA,1.0,ʒ,2.0,-0.5,0.0
0,13.0,G-,#_a,EU POR,1.0,ɡ,4.0,-3.0,0.0
0,13.0,G-,#_a,FUR,1.0,ɟ~d̠͡ʒ,3.5,-1.25,0.0
0,13.0,G-,#_a,BR POR,1.0,ɡ,4.0,-3.0,0.0
0,13.0,G-,#_a,ASL,1.0,ɡ,4.0,-3.0,0.0
0,13.0,G-,#_a,CAM,1.0,ɡ,4.0,-3.0,0.0
0,14.0,G-,#_O,CAS ESP,1.0,ɡ,4.0,-3.0,0.0
0,14.0,G-,#_O,ARP,1.0,ɡ,4.0,-3.0,0.0
0,14.0,G-,#_O,CAT,1.0,ɡ,4.0,-3.0,0.0
0,14.0,G-,#_O,CAM,1.0,ɡ,4.0,-3.0,0.0
0,14.0,G-,#_O,BR POR,1.0,ɡ,4.0,-3.0,0.0
0,14.0,G-,#_O,AND ESP,1.0,ɡ,4.0,-3.0,0.0
0,14.0,G-,#_O,RMH,1.0,ɡ,4.0,-3.0,0.0
0,14.0,G-,#_O,AMR ESP,1.0,ɡ,4.0,-3.0,0.0
0,14.0,G-,#_O,ROM,1.0,ɡ,4.0,-3.0,0.0
0,14.0,G-,#_O,VEN,1.0,ɡ,4.0,-3.0,0.0
0,14.0,G-,#_O,WAL,1.0,ɡ,4.0,-3.0,0.0
0,14.0,G-,#_O,SCN,1.0,ɡ~j,2.1666666666666665,-2.5,0.0
0,14.0,G-,#_O,VAL,1.0,ɡ,4.0,-3.0,0.0
0,14.0,G-,#_O,LMO,1.0,ɡ,4.0,-3.0,0.0
0,14.0,G-,#_O,LOG SRD,1.0,ɡ,4.0,-3.0,0.0
0,14.0,G-,#_O,LAT,1.0,ɡ,4.0,-3.0,0.0
0,14.0,G-,#_O,LIG,1.0,ɡ,4.0,-3.0,0.0
0,14.0,G-,#_O,OCC,1.0,ɡ,4.0,-3.0,0.0
0,14.0,G-,#_O,QBC FRA,1.0,ɡ,4.0,-3.0,0.0
0,14.0,G-,#_O,ITA,1.0,ɡ,4.0,-3.0,0.0
0,14.0,G-,#_O,GAS OCC,1.0,ɡ,4.0,-3.0,0.0
0,14.0,G-,#_O,ASL,1.0,ɡ,4.0,-3.0,0.0
0,14.0,G-,#_O,ARG,1.0,ɡ,4.0,-3.0,0.0
0,14.0,G-,#_O,COR,1.0,ɡ,4.0,-3.0,0.0
0,14.0,G-,#_O,CPN SRD,1.0,ɡ,4.0,-3.0,0.0
0,14.0,G-,#_O,EU FRA,1.0,ɡ,4.0,-3.0,0.0
0,14.0,G-,#_O,EU POR,1.0,ɡ,4.0,-3.0,0.0
0,14.0,G-,#_O,FUR,1.0,ɡ,4.0,-3.0,0.0
0,14.0,G-,#_O,GAL,1.0,ɡ(ħ),3.333333333333333,-3.6666666666666665,85.0
0,14.0,G-,#_O,ARO,1.0,ɡ,4.0,-3.0,0.0
0,14.0,G-,#_O,BAL,1.0,ɡ,4.0,-3.0,0.0
0,15.0,N-,#_E,ABR,1.0,n,1.5,0.75,0.0
0,15.0,N-,#_E,ARP,1.0,n,1.5,0.75,0.0
0,15.0,N-,#_E,ASL,1.0,n~ɲ,1.5,-0.625,0.0
0,15.0,N-,#_E,BAL,1.0,n,1.5,0.75,0.0
0,15.0,N-,#_E,BR POR,1.0,n,1.5,0.75,0.0
0,15.0,N-,#_E,CAM,1.0,n,1.5,0.75,0.0
0,15.0,N-,#_E,QBC FRA,1.0,n̪,1.5,1.67,0.0
0,15.0,N-,#_E,AMR ESP,1.0,n,1.5,0.75,0.0
0,15.0,N-,#_E,RMH,1.0,n,1.5,0.75,0.0
0,15.0,N-,#_E,ROM,1.0,n̪,1.5,1.67,0.0
0,15.0,N-,#_E,SCN,1.0,n,1.5,0.75,0.0
0,15.0,N-,#_E,VAL,1.0,n,1.5,0.75,0.0
0,15.0,N-,#_E,VEN,1.0,n,1.5,0.75,0.0
0,15.0,N-,#_E,WAL,1.0,n̪,1.5,1.67,0.0
0,15.0,N-,#_E,GAS OCC,1.0,n,1.5,0.75,0.0
0,15.0,N-,#_E,ITA,1.0,n,1.5,0.75,0.0
0,15.0,N-,#_E,LAT,1.0,n,1.5,0.75,0.0
0,15.0,N-,#_E,LIG,1.0,n,1.5,0.75,0.0
0,15.0,N-,#_E,LMO,1.0,n,1.5,0.75,0.0
0,15.0,N-,#_E,LOG SRD,1.0,n,1.5,0.75,0.0
0,15.0,N-,#_E,OCC,1.0,n,1.5,0.75,0.0
0,15.0,N-,#_E,PGL,1.0,n,1.5,0.75,0.0
0,15.0,N-,#_E,CAS ESP,1.0,n,1.5,0.75,0.0
0,15.0,N-,#_E,CAT,1.0,n,1.5,0.75,0.0
0,15.0,N-,#_E,COR,1.0,n,1.5,0.75,0.0
0,15.0,N-,#_E,CPN SRD,1.0,n,1.5,0.75,0.0
0,15.0,N-,#_E,EU FRA,1.0,n̪,1.5,1.67,0.0
0,15.0,N-,#_E,EU POR,1.0,n,1.5,0.75,0.0
0,15.0,N-,#_E,FUR,1.0,n,1.5,0.75,0.0
0,15.0,N-,#_E,GAL,1.0,n,1.5,0.75,0.0
0,15.0,N-,#_E,AND ESP,1.0,n,1.5,0.75,0.0
0,15.0,N-,#_E,ARG,1.0,n,1.5,0.75,0.0
0,15.0,N-,#_E,ARO,1.0,n̪,1.5,1.67,0.0
0,16.0,N-,"#_{a,O}",PGL,1.0,n,1.5,0.75,0.0
0,16.0,N-,"#_{a,O}",EU POR,1.0,n,1.5,0.75,0.0
0,16.0,N-,"#_{a,O}",FUR,1.0,n,1.5,0.75,0.0
0,16.0,N-,"#_{a,O}",AMR ESP,1.0,n,1.5,0.75,0.0
0,16.0,N-,"#_{a,O}",SCN,1.0,n,1.5,0.75,0.0
0,16.0,N-,"#_{a,O}",ROM,1.0,n̪,1.5,1.67,0.0
0,16.0,N-,"#_{a,O}",RMH,1.0,n,1.5,0.75,0.0
0,16.0,N-,"#_{a,O}",QBC FRA,1.0,n̪,1.5,1.67,0.0
0,16.0,N-,"#_{a,O}",GAS OCC,1.0,n,1.5,0.75,0.0
0,16.0,N-,"#_{a,O}",ITA,1.0,n,1.5,0.75,0.0
0,16.0,N-,"#_{a,O}",LAT,1.0,n,1.5,0.75,0.0
0,16.0,N-,"#_{a,O}",LIG,1.0,n,1.5,0.75,0.0
0,16.0,N-,"#_{a,O}",GAL,1.0,n,1.5,0.75,0.0
0,16.0,N-,"#_{a,O}",WAL,1.0,n̪,1.5,1.67,0.0
0,16.0,N-,"#_{a,O}",VEN,1.0,n,1.5,0.75,0.0
0,16.0,N-,"#_{a,O}",VAL,1.0,n,1.5,0.75,0.0
0,16.0,N-,"#_{a,O}",EU FRA,1.0,n̪,1.5,1.67,0.0
0,16.0,N-,"#_{a,O}",ARG,1.0,n,1.5,0.75,0.0
0,16.0,N-,"#_{a,O}",ARO,1.0,n̪,1.5,1.67,0.0
0,16.0,N-,"#_{a,O}",ARP,1.0,n,1.5,0.75,0.0
0,16.0,N-,"#_{a,O}",CAS ESP,1.0,n,1.5,0.75,0.0
0,16.0,N-,"#_{a,O}",CAT,1.0,n,1.5,0.75,0.0
0,16.0,N-,"#_{a,O}",COR,1.0,n,1.5,0.75,0.0
0,16.0,N-,"#_{a,O}",CPN SRD,1.0,n,1.5,0.75,0.0
0,16.0,N-,"#_{a,O}",AND ESP,1.0,n,1.5,0.75,0.0
0,16.0,N-,"#_{a,O}",OCC,1.0,n,1.5,0.75,0.0
0,16.0,N-,"#_{a,O}",LOG SRD,1.0,n,1.5,0.75,0.0
0,16.0,N-,"#_{a,O}",LMO,1.0,n,1.5,0.75,0.0
0,16.0,N-,"#_{a,O}",CAM,1.0,n,1.5,0.75,0.0
0,16.0,N-,"#_{a,O}",BR POR,1.0,n,1.5,0.75,0.0
0,16.0,N-,"#_{a,O}",BAL,1.0,n,1.5,0.75,0.0
0,16.0,N-,"#_{a,O}",ASL,1.0,n~ɲ,1.5,-0.625,0.0
0,16.0,N-,"#_{a,O}",ABR,1.0,n,1.5,0.75,0.0
0,16.5,M-,#_,WAL,1.0,m,1.5,3.0,0.0
0,16.5,M-,#_,CAT,1.0,m,1.5,3.0,0.0
0,16.5,M-,#_,CAS ESP,1.0,m,1.5,3.0,0.0
0,16.5,M-,#_,OCC,1.0,m,1.5,3.0,0.0
0,16.5,M-,#_,VAL,1.0,m,1.5,3.0,0.0
0,16.5,M-,#_,VEN,1.0,m,1.5,3.0,0.0
0,16.5,M-,#_,ROM,1.0,m,1.5,3.0,0.0
0,16.5,M-,#_,GAL,1.0,m,1.5,3.0,0.0
0,16.5,M-,#_,GAS OCC,1.0,m,1.5,3.0,0.0
0,16.5,M-,#_,ITA,1.0,m,1.5,3.0,0.0
0,16.5,M-,#_,LAT,1.0,m,1.5,3.0,0.0
0,16.5,M-,#_,SCN,1.0,m,1.5,3.0,0.0
0,16.5,M-,#_,LMO,1.0,m,1.5,3.0,0.0
0,16.5,M-,#_,LOG SRD,1.0,m,1.5,3.0,0.0
0,16.5,M-,#_,FUR,1.0,m,1.5,3.0,0.0
0,16.5,M-,#_,BR POR,1.0,m,1.5,3.0,0.0
0,16.5,M-,#_,CAM,1.0,m,1.5,3.0,0.0
0,16.5,M-,#_,ARG,1.0,m,1.5,3.0,0.0
0,16.5,M-,#_,AND ESP,1.0,m,1.5,3.0,0.0
0,16.5,M-,#_,CPN SRD,1.0,m,1.5,3.0,0.0
0,16.5,M-,#_,EU FRA,1.0,m,1.5,3.0,0.0
0,16.5,M-,#_,EU POR,1.0,m,1.5,3.0,0.0
0,16.5,M-,#_,COR,1.0,m,1.5,3.0,0.0
0,16.5,M-,#_,ABR,1.0,m,1.5,3.0,0.0
0,16.5,M-,#_,AMR ESP,1.0,m,1.5,3.0,0.0
0,16.5,M-,#_,ASL,1.0,m,1.5,3.0,0.0
0,16.5,M-,#_,BAL,1.0,m,1.5,3.0,0.0
0,16.5,M-,#_,LIG,1.0,m,1.5,3.0,0.0
0,16.5,M-,#_,PGL,1.0,m,1.5,3.0,0.0
0,16.5,M-,#_,RMH,1.0,m,1.5,3.0,0.0
0,16.5,M-,#_,QBC FRA,1.0,m,1.5,3.0,0.0
0,16.5,M-,#_,ARO,1.0,m,1.5,3.0,0.0
0,16.5,M-,#_,ARP,1.0,m,1.5,3.0,0.0
0,17.0,F-,"ˈ#_{ĕ,ŏ}",ARO,1.0,f,2.0,2.5,255.0
0,17.0,F-,"ˈ#_{ĕ,ŏ}",ARG,1.0,f,2.0,2.5,255.0
0,17.0,F-,"ˈ#_{ĕ,ŏ}",ASL,1.0,f(h),2.0,-0.1666666666666666,255.0
0,17.0,F-,"ˈ#_{ĕ,ŏ}",ARP,1.0,f,2.0,2.5,255.0
0,17.0,F-,"ˈ#_{ĕ,ŏ}",ABR,1.0,f,2.0,2.5,255.0
0,17.0,F-,"ˈ#_{ĕ,ŏ}",EU FRA,1.0,f,2.0,2.5,255.0
0,17.0,F-,"ˈ#_{ĕ,ŏ}",CAM,1.0,f,2.0,2.5,255.0
0,17.0,F-,"ˈ#_{ĕ,ŏ}",CPN SRD,1.0,f,2.0,2.5,255.0
0,17.0,F-,"ˈ#_{ĕ,ŏ}",COR,1.0,f,2.0,2.5,255.0
0,17.0,F-,"ˈ#_{ĕ,ŏ}",CAT,1.0,f,2.0,2.5,255.0
0,17.0,F-,"ˈ#_{ĕ,ŏ}",AMR ESP,1.0,ɸ~f,2.0,2.75,255.0
0,17.0,F-,"ˈ#_{ĕ,ŏ}",AND ESP,1.0,ɸ~f,2.0,2.75,255.0
0,17.0,F-,"ˈ#_{ĕ,ŏ}",LMO,1.0,f,2.0,2.5,255.0
0,17.0,F-,"ˈ#_{ĕ,ŏ}",BAL,1.0,f,2.0,2.5,255.0
0,17.0,F-,"ˈ#_{ĕ,ŏ}",EU POR,1.0,f,2.0,2.5,255.0
0,17.0,F-,"ˈ#_{ĕ,ŏ}",VAL,1.0,f,2.0,2.5,255.0
0,17.0,F-,"ˈ#_{ĕ,ŏ}",LIG,1.0,f,2.0,2.5,255.0
0,17.0,F-,"ˈ#_{ĕ,ŏ}",LAT,1.0,ɸ~f,2.0,2.75,255.0
0,17.0,F-,"ˈ#_{ĕ,ŏ}",ITA,1.0,f,2.0,2.5,255.0
0,17.0,F-,"ˈ#_{ĕ,ŏ}",GAS OCC,1.0,f,2.0,2.5,255.0
0,17.0,F-,"ˈ#_{ĕ,ŏ}",GAL,1.0,f,2.0,2.5,255.0
0,17.0,F-,"ˈ#_{ĕ,ŏ}",FUR,1.0,f,2.0,2.5,255.0
0,17.0,F-,"ˈ#_{ĕ,ŏ}",RMH,1.0,f,2.0,2.5,255.0
0,17.0,F-,"ˈ#_{ĕ,ŏ}",QBC FRA,1.0,f,2.0,2.5,255.0
0,17.0,F-,"ˈ#_{ĕ,ŏ}",SCN,1.0,f,2.0,2.5,255.0
0,17.0,F-,"ˈ#_{ĕ,ŏ}",ROM,1.0,f,2.0,2.5,255.0
0,17.0,F-,"ˈ#_{ĕ,ŏ}",BR POR,1.0,f,2.0,2.5,255.0
0,17.0,F-,"ˈ#_{ĕ,ŏ}",CAS ESP,1.0,ɸ~f,2.0,2.75,255.0
0,17.0,F-,"ˈ#_{ĕ,ŏ}",VEN,1.0,f,2.0,2.5,255.0
0,17.0,F-,"ˈ#_{ĕ,ŏ}",PGL,1.0,f,2.0,2.5,255.0
0,17.0,F-,"ˈ#_{ĕ,ŏ}",WAL,1.0,f,2.0,2.5,255.0
0,17.0,F-,"ˈ#_{ĕ,ŏ}",LOG SRD,1.0,f,2.0,2.5,255.0
0,17.0,F-,"ˈ#_{ĕ,ŏ}",OCC,1.0,f,2.0,2.5,255.0
0,18.0,F-,"#_{a,ē,i,ō,u}",AND ESP,1.0,h~∅,1.0,-6.0,255.0
0,18.0,F-,"#_{a,ē,i,ō,u}",ARP,1.0,f,2.0,2.5,255.0
0,18.0,F-,"#_{a,ē,i,ō,u}",ARO,1.0,f,2.0,2.5,255.0
0,18.0,F-,"#_{a,ē,i,ō,u}",ARG,1.0,f,2.0,2.5,255.0
0,18.0,F-,"#_{a,ē,i,ō,u}",CPN SRD,1.0,f,2.0,2.5,255.0
0,18.0,F-,"#_{a,ē,i,ō,u}",BR POR,1.0,f,2.0,2.5,255.0
0,18.0,F-,"#_{a,ē,i,ō,u}",CAM,1.0,f,2.0,2.5,255.0
0,18.0,F-,"#_{a,ē,i,ō,u}",CAT,1.0,f,2.0,2.5,255.0
0,18.0,F-,"#_{a,ē,i,ō,u}",CAS ESP,1.0,∅,0.0,-6.0,255.0
0,18.0,F-,"#_{a,ē,i,ō,u}",ABR,1.0,f,2.0,2.5,255.0
0,18.0,F-,"#_{a,ē,i,ō,u}",AMR ESP,1.0,∅,0.0,-6.0,255.0
0,18.0,F-,"#_{a,ē,i,ō,u}",COR,1.0,f,2.0,2.5,255.0
0,18.0,F-,"#_{a,ē,i,ō,u}",ASL,1.0,f(h),2.0,-0.1666666666666666,255.0
0,18.0,F-,"#_{a,ē,i,ō,u}",EU FRA,1.0,f,2.0,2.5,255.0
0,18.0,F-,"#_{a,ē,i,ō,u}",SCN,1.0,f,2.0,2.5,255.0
0,18.0,F-,"#_{a,ē,i,ō,u}",ROM,1.0,f,2.0,2.5,255.0
0,18.0,F-,"#_{a,ē,i,ō,u}",ITA,1.0,f,2.0,2.5,255.0
0,18.0,F-,"#_{a,ē,i,ō,u}",GAS OCC,1.0,f,2.0,2.5,255.0
0,18.0,F-,"#_{a,ē,i,ō,u}",GAL,1.0,f,2.0,2.5,255.0
0,18.0,F-,"#_{a,ē,i,ō,u}",FUR,1.0,f,2.0,2.5,255.0
0,18.0,F-,"#_{a,ē,i,ō,u}",EU POR,1.0,f,2.0,2.5,255.0
0,18.0,F-,"#_{a,ē,i,ō,u}",QBC FRA,1.0,f,2.0,2.5,255.0
0,18.0,F-,"#_{a,ē,i,ō,u}",PGL,1.0,f,2.0,2.5,255.0
0,18.0,F-,"#_{a,ē,i,ō,u}",OCC,1.0,f,2.0,2.5,255.0
0,18.0,F-,"#_{a,ē,i,ō,u}",RMH,1.0,f,2.0,2.5,255.0
0,18.0,F-,"#_{a,ē,i,ō,u}",BAL,1.0,f,2.0,2.5,255.0
0,18.0,F-,"#_{a,ē,i,ō,u}",LAT,1.0,ɸ~f,2.0,2.75,255.0
0,18.0,F-,"#_{a,ē,i,ō,u}",LIG,1.0,f,2.0,2.5,255.0
0,18.0,F-,"#_{a,ē,i,ō,u}",LOG SRD,1.0,f,2.0,2.5,255.0
0,18.0,F-,"#_{a,ē,i,ō,u}",VAL,1.0,f,2.0,2.5,255.0
0,18.0,F-,"#_{a,ē,i,ō,u}",VEN,1.0,f,2.0,2.5,255.0
0,18.0,F-,"#_{a,ē,i,ō,u}",WAL,1.0,f,2.0,2.5,255.0
0,18.0,F-,"#_{a,ē,i,ō,u}",LMO,1.0,f,2.0,2.5,255.0
0,19.0,V-,#_E,EU POR,1.0,v(b),2.5,2.625,0.0
0,19.0,V-,#_E,BAL,1.0,v,2.0,2.5,0.0
0,19.0,V-,#_E,BR POR,1.0,v,2.0,2.5,0.0
0,19.0,V-,#_E,ASL,1.0,b,4.0,3.0,0.0
0,19.0,V-,#_E,ARP,1.0,v,2.0,2.5,0.0
0,19.0,V-,#_E,ARO,1.0,v,2.0,2.5,0.0
0,19.0,V-,#_E,QBC FRA,1.0,v,2.0,2.5,0.0
0,19.0,V-,#_E,CAM,1.0,v,2.0,2.5,0.0
0,19.0,V-,#_E,AND ESP,1.0,b,4.0,3.0,0.0
0,19.0,V-,#_E,AMR ESP,1.0,b,4.0,3.0,0.0
0,19.0,V-,#_E,GAL,1.0,b,4.0,3.0,0.0
0,19.0,V-,#_E,VEN,1.0,v,2.0,2.5,0.0
0,19.0,V-,#_E,EU FRA,1.0,v,2.0,2.5,0.0
0,19.0,V-,#_E,CPN SRD,1.0,b,4.0,3.0,0.0
0,19.0,V-,#_E,CAT,1.0,b,4.0,3.0,0.0
0,19.0,V-,#_E,CAS ESP,1.0,b,4.0,3.0,0.0
0,19.0,V-,#_E,ITA,1.0,v,2.0,2.5,0.0
0,19.0,V-,#_E,ROM,1.0,v,2.0,2.5,0.0
0,19.0,V-,#_E,VAL,1.0,v,2.0,2.5,0.0
0,19.0,V-,#_E,SCN,1.0,v,2.0,2.5,0.0
0,19.0,V-,#_E,OCC,1.0,b~v,3.0,2.75,0.0
0,19.0,V-,#_E,LOG SRD,1.0,b,4.0,3.0,0.0
0,19.0,V-,#_E,LMO,1.0,v,2.0,2.5,0.0
0,19.0,V-,#_E,LAT,1.0,w,0.3333333333333333,0.0,0.0
0,19.0,V-,#_E,GAS OCC,1.0,b,4.0,3.0,0.0
0,20.0,V-,"#_{a,O}",BAL,1.0,v,2.0,2.5,0.0
0,20.0,V-,"#_{a,O}",SCN,1.0,v,2.0,2.5,0.0
0,20.0,V-,"#_{a,O}",VAL,1.0,v,2.0,2.5,0.0
0,20.0,V-,"#_{a,O}",CAS ESP,1.0,b,4.0,3.0,0.0
0,20.0,V-,"#_{a,O}",EU FRA,1.0,v,2.0,2.5,0.0
0,20.0,V-,"#_{a,O}",ROM,1.0,v,2.0,2.5,0.0
0,20.0,V-,"#_{a,O}",EU POR,1.0,v(b),2.5,2.625,0.0
0,20.0,V-,"#_{a,O}",AND ESP,1.0,b,4.0,3.0,0.0
0,20.0,V-,"#_{a,O}",BR POR,1.0,v,2.0,2.5,0.0
0,20.0,V-,"#_{a,O}",CAM,1.0,v,2.0,2.5,0.0
0,20.0,V-,"#_{a,O}",ASL,1.0,b,4.0,3.0,0.0
0,20.0,V-,"#_{a,O}",ARP,1.0,v,2.0,2.5,0.0
0,20.0,V-,"#_{a,O}",ARO,1.0,v,2.0,2.5,0.0
0,20.0,V-,"#_{a,O}",CPN SRD,1.0,b,4.0,3.0,0.0
0,20.0,V-,"#_{a,O}",CAT,1.0,b,4.0,3.0,0.0
0,20.0,V-,"#_{a,O}",AMR ESP,1.0,b,4.0,3.0,0.0
0,20.0,V-,"#_{a,O}",LMO,1.0,v,2.0,2.5,0.0
0,20.0,V-,"#_{a,O}",LOG SRD,1.0,b,4.0,3.0,0.0
0,20.0,V-,"#_{a,O}",OCC,1.0,b~v,3.0,2.75,0.0
0,20.0,V-,"#_{a,O}",GAL,1.0,b,4.0,3.0,0.0
0,20.0,V-,"#_{a,O}",GAS OCC,1.0,b,4.0,3.0,0.0
0,20.0,V-,"#_{a,O}",VEN,1.0,v,2.0,2.5,0.0
0,20.0,V-,"#_{a,O}",QBC FRA,1.0,v,2.0,2.5,0.0
0,20.0,V-,"#_{a,O}",ITA,1.0,v,2.0,2.5,0.0
0,20.0,V-,"#_{a,O}",LAT,1.0,w,0.3333333333333333,0.0,0.0
0,21.0,S-,ˈ#_E,EU FRA,1.0,s̪,2.0,1.3333333333333333,255.0
0,21.0,S-,ˈ#_E,COR,1.0,s,2.0,1.0,255.0
0,21.0,S-,ˈ#_E,CAS ESP,1.0,s̠,2.0,0.5,255.0
0,21.0,S-,ˈ#_E,CAM,1.0,s,2.0,1.0,255.0
0,21.0,S-,ˈ#_E,BR POR,1.0,s,2.0,1.0,255.0
0,21.0,S-,ˈ#_E,BAL,1.0,s̠,2.0,0.5,255.0
0,21.0,S-,ˈ#_E,EU POR,1.0,s(s̠),2.0,0.875,255.0
0,21.0,S-,ˈ#_E,CPN SRD,1.0,s(s̠),2.0,0.875,255.0
0,21.0,S-,ˈ#_E,ASL,1.0,s̠,2.0,0.5,255.0
0,21.0,S-,ˈ#_E,ARP,1.0,s,2.0,1.0,255.0
0,21.0,S-,ˈ#_E,GAS OCC,1.0,s̠,2.0,0.5,255.0
0,21.0,S-,ˈ#_E,GAL,1.0,s̠(s),2.0,0.625,255.0
0,21.0,S-,ˈ#_E,ARO,1.0,s̪,2.0,1.3333333333333333,255.0
0,21.0,S-,ˈ#_E,ITA,1.0,s,2.0,1.0,255.0
0,21.0,S-,ˈ#_E,QBC FRA,1.0,s̪,2.0,1.3333333333333333,255.0
0,21.0,S-,ˈ#_E,WAL,1.0,s̪,2.0,1.3333333333333333,255.0
0,21.0,S-,ˈ#_E,VEN,1.0,s̠,2.0,0.5,255.0
0,21.0,S-,ˈ#_E,VAL,1.0,s̠,2.0,0.5,255.0
0,21.0,S-,ˈ#_E,OCC,1.0,s̠,2.0,0.5,255.0
0,21.0,S-,ˈ#_E,LIG,1.0,s,2.0,1.0,255.0
0,21.0,S-,ˈ#_E,LAT,1.0,s̠,2.0,0.5,255.0
0,21.0,S-,ˈ#_E,LMO,1.0,s̠,2.0,0.5,255.0
0,21.0,S-,ˈ#_E,RMH,1.0,s,2.0,1.0,255.0
0,21.0,S-,ˈ#_E,AMR ESP,1.0,s,2.0,1.0,255.0
0,21.0,S-,ˈ#_E,AND ESP,1.0,s̟,2.0,1.6666666666666667,255.0
0,21.0,S-,ˈ#_E,ABR,1.0,s,2.0,1.0,255.0
0,21.0,S-,ˈ#_E,ROM,1.0,s̪,2.0,1.3333333333333333,255.0
0,21.0,S-,ˈ#_E,ROM,2.0,ʃ,2.0,-0.5,255.0
0,21.0,S-,ˈ#_E,SCN,1.0,s,2.0,1.0,255.0
0,21.0,S-,ˈ#_E,ARG,1.0,s̠,2.0,0.5,255.0
0,21.0,S-,ˈ#_E,FUR,1.0,s̠~s,2.0,0.75,255.0
0,21.0,S-,ˈ#_E,PGL,1.0,s,2.0,1.0,255.0
0,21.0,S-,ˈ#_E,LOG SRD,1.0,s̠,2.0,0.5,255.0
0,21.0,S-,ˈ#_E,CAT,1.0,s̠,2.0,0.5,255.0
0,22.0,S-,#_Eˈ,GAS OCC,1.0,s̠,2.0,0.5,255.0
0,22.0,S-,#_Eˈ,LOG SRD,1.0,s̠,2.0,0.5,255.0
0,22.0,S-,#_Eˈ,LMO,1.0,s̠,2.0,0.5,255.0
0,22.0,S-,#_Eˈ,ROM,2.0,ʃ,2.0,-0.5,255.0
0,22.0,S-,#_Eˈ,OCC,1.0,s̠,2.0,0.5,255.0
0,22.0,S-,#_Eˈ,EU POR,1.0,s(s̠),2.0,0.875,255.0
0,22.0,S-,#_Eˈ,EU FRA,1.0,s̪,2.0,1.3333333333333333,255.0
0,22.0,S-,#_Eˈ,CPN SRD,1.0,s(s̠),2.0,0.875,255.0
0,22.0,S-,#_Eˈ,ARO,1.0,s̪,2.0,1.3333333333333333,255.0
0,22.0,S-,#_Eˈ,ARG,1.0,s̠,2.0,0.5,255.0
0,22.0,S-,#_Eˈ,AND ESP,1.0,s̟,2.0,1.6666666666666667,255.0
0,22.0,S-,#_Eˈ,GAL,1.0,s̠(s),2.0,0.625,255.0
0,22.0,S-,#_Eˈ,ARP,1.0,s,2.0,1.0,255.0
0,22.0,S-,#_Eˈ,ROM,1.0,s̪,2.0,1.3333333333333333,255.0
0,22.0,S-,#_Eˈ,RMH,1.0,s,2.0,1.0,255.0
0,22.0,S-,#_Eˈ,QBC FRA,1.0,s̪,2.0,1.3333333333333333,255.0
0,22.0,S-,#_Eˈ,ABR,1.0,s,2.0,1.0,255.0
0,22.0,S-,#_Eˈ,WAL,1.0,s̪,2.0,1.3333333333333333,255.0
0,22.0,S-,#_Eˈ,CAT,1.0,s̠,2.0,0.5,255.0
0,22.0,S-,#_Eˈ,CAM,1.0,s,2.0,1.0,255.0
0,22.0,S-,#_Eˈ,FUR,1.0,s̠~s,2.0,0.75,255.0
0,22.0,S-,#_Eˈ,LIG,1.0,s,2.0,1.0,255.0
0,22.0,S-,#_Eˈ,ITA,1.0,s,2.0,1.0,255.0
0,22.0,S-,#_Eˈ,VEN,1.0,s̠,2.0,0.5,255.0
0,22.0,S-,#_Eˈ,PGL,1.0,s,2.0,1.0,255.0
0,22.0,S-,#_Eˈ,SCN,1.0,s,2.0,1.0,255.0
0,22.0,S-,#_Eˈ,VAL,1.0,s̠,2.0,0.5,255.0
0,22.0,S-,#_Eˈ,LAT,1.0,s̠,2.0,0.5,255.0
0,22.0,S-,#_Eˈ,BR POR,1.0,s,2.0,1.0,255.0
0,22.0,S-,#_Eˈ,ASL,1.0,s̠,2.0,0.5,255.0
0,22.0,S-,#_Eˈ,BAL,1.0,s̠,2.0,0.5,255.0
0,22.0,S-,#_Eˈ,AMR ESP,1.0,s,2.0,1.0,255.0
0,22.0,S-,#_Eˈ,CAS ESP,1.0,s̠,2.0,0.5,255.0
0,22.0,S-,#_Eˈ,COR,1.0,s,2.0,1.0,255.0
0,23.0,S-,"#_{a,O}",GAS OCC,1.0,s̠,2.0,0.5,255.0
0,23.0,S-,"#_{a,O}",GAL,1.0,s̠(s),2.0,0.625,255.0
0,23.0,S-,"#_{a,O}",WAL,1.0,s̪,2.0,1.3333333333333333,255.0
0,23.0,S-,"#_{a,O}",ARG,1.0,s̠,2.0,0.5,255.0
0,23.0,S-,"#_{a,O}",ARP,1.0,s,2.0,1.0,255.0
0,23.0,S-,"#_{a,O}",ARO,1.0,s̪,2.0,1.3333333333333333,255.0
0,23.0,S-,"#_{a,O}",LOG SRD,1.0,s̠,2.0,0.5,255.0
0,23.0,S-,"#_{a,O}",OCC,1.0,s̠,2.0,0.5,255.0
0,23.0,S-,"#_{a,O}",QBC FRA,1.0,s̪,2.0,1.3333333333333333,255.0
0,23.0,S-,"#_{a,O}",PGL,1.0,s,2.0,1.0,255.0
0,23.0,S-,"#_{a,O}",BR POR,1.0,s,2.0,1.0,255.0
0,23.0,S-,"#_{a,O}",CAS ESP,1.0,s̠,2.0,0.5,255.0
0,23.0,S-,"#_{a,O}",CAM,1.0,s,2.0,1.0,255.0
0,23.0,S-,"#_{a,O}",CAT,1.0,s̠,2.0,0.5,255.0
0,23.0,S-,"#_{a,O}",AND ESP,1.0,s̟,2.0,1.6666666666666667,255.0
0,23.0,S-,"#_{a,O}",LAT,1.0,s̠,2.0,0.5,255.0
0,23.0,S-,"#_{a,O}",ITA,1.0,s,2.0,1.0,255.0
0,23.0,S-,"#_{a,O}",VAL,1.0,s̠,2.0,0.5,255.0
0,23.0,S-,"#_{a,O}",VEN,1.0,s̠,2.0,0.5,255.0
0,23.0,S-,"#_{a,O}",FUR,1.0,s̠~s,2.0,0.75,255.0
0,23.0,S-,"#_{a,O}",LIG,1.0,s,2.0,1.0,255.0
0,23.0,S-,"#_{a,O}",LMO,1.0,s̠,2.0,0.5,255.0
0,23.0,S-,"#_{a,O}",RMH,1.0,s,2.0,1.0,255.0
0,23.0,S-,"#_{a,O}",ROM,1.0,s̪,2.0,1.3333333333333333,255.0
0,23.0,S-,"#_{a,O}",SCN,1.0,s,2.0,1.0,255.0
0,23.0,S-,"#_{a,O}",ASL,1.0,s̠,2.0,0.5,255.0
0,23.0,S-,"#_{a,O}",EU FRA,1.0,s̪,2.0,1.3333333333333333,255.0
0,23.0,S-,"#_{a,O}",CPN SRD,1.0,s(s̠),2.0,0.875,255.0
0,23.0,S-,"#_{a,O}",COR,1.0,s,2.0,1.0,255.0
0,23.0,S-,"#_{a,O}",EU POR,1.0,s(s̠),2.0,0.875,255.0
0,23.0,S-,"#_{a,O}",ABR,1.0,s,2.0,1.0,255.0
0,23.0,S-,"#_{a,O}",AMR ESP,1.0,s,2.0,1.0,255.0
0,23.0,S-,"#_{a,O}",BAL,1.0,s̠,2.0,0.5,255.0
0,24.0,H-,#_,ASL,1.0,∅,0.0,-6.0,255.0
0,24.0,H-,#_,BAL,1.0,∅,0.0,-6.0,255.0
0,24.0,H-,#_,CAM,1.0,∅,0.0,-6.0,255.0
0,24.0,H-,#_,BR POR,1.0,∅,0.0,-6.0,255.0
0,24.0,H-,#_,CAM,2.0,∅,0.0,-6.0,255.0
0,24.0,H-,#_,LIG,1.0,∅,0.0,-6.0,255.0
0,24.0,H-,#_,WAL,2.0,∅,0.0,-6.0,255.0
0,24.0,H-,#_,WAL,1.0,h~∅,1.0,-6.0,255.0
0,24.0,H-,#_,VEN,1.0,∅,0.0,-6.0,255.0
0,24.0,H-,#_,GAS OCC,1.0,∅,0.0,-6.0,255.0
0,24.0,H-,#_,EU POR,1.0,∅,0.0,-6.0,255.0
0,24.0,H-,#_,ITA,2.0,∅,0.0,-6.0,255.0
0,24.0,H-,#_,ITA,1.0,∅,0.0,-6.0,255.0
0,24.0,H-,#_,FUR,1.0,∅,0.0,-6.0,255.0
0,24.0,H-,#_,AMR ESP,1.0,∅,0.0,-6.0,255.0
0,24.0,H-,#_,CPN SRD,1.0,∅,0.0,-6.0,255.0
0,24.0,H-,#_,ABR,1.0,∅,0.0,-6.0,255.0
0,24.0,H-,#_,COR,1.0,∅,0.0,-6.0,255.0
0,24.0,H-,#_,CAT,1.0,∅,0.0,-6.0,255.0
0,24.0,H-,#_,CAS ESP,1.0,∅,0.0,-6.0,255.0
0,24.0,H-,#_,ARP,1.0,∅,0.0,-6.0,255.0
0,24.0,H-,#_,AND ESP,1.0,∅,0.0,-6.0,255.0
0,24.0,H-,#_,ARG,1.0,∅,0.0,-6.0,255.0
0,24.0,H-,#_,ARO,1.0,∅,0.0,-6.0,255.0
0,24.0,H-,#_,GAL,1.0,∅,0.0,-6.0,255.0
0,24.0,H-,#_,PGL,1.0,∅,0.0,-6.0,255.0
0,24.0,H-,#_,OCC,1.0,∅,0.0,-6.0,255.0
0,24.0,H-,#_,LOG SRD,1.0,∅,0.0,-6.0,255.0
0,24.0,H-,#_,LMO,1.0,∅,0.0,-6.0,255.0
0,24.0,H-,#_,LAT,1.0,h~∅,1.0,-6.0,255.0
0,24.0,H-,#_,QBC FRA,1.0,∅,0.0,-6.0,255.0
0,24.0,H-,#_,ROM,1.0,∅,0.0,-6.0,255.0
0,24.0,H-,#_,RMH,1.0,∅,0.0,-6.0,255.0
0,24.0,H-,#_,VAL,1.0,∅,0.0,-6.0,255.0
0,24.0,H-,#_,SCN,2.0,∅,0.0,-6.0,255.0
0,24.0,H-,#_,SCN,1.0,∅,0.0,-6.0,255.0
0,24.0,H-,#_,EU FRA,1.0,∅,0.0,-6.0,255.0
0,25.0,R-,#_,PGL,1.0,r,1.25,0.75,0.0
0,25.0,R-,#_,CAM,1.0,r,1.25,0.75,0.0
0,25.0,R-,#_,CAS ESP,1.0,r,1.25,0.75,0.0
0,25.0,R-,#_,CAT,1.0,r̠,1.25,-0.5,0.0
0,25.0,R-,#_,COR,1.0,r,1.25,0.75,0.0
0,25.0,R-,#_,CPN SRD,1.0,r,1.25,0.75,0.0
0,25.0,R-,#_,EU FRA,1.0,ʁ(ʀ),1.75,-4.0,0.0
0,25.0,R-,#_,EU POR,1.0,ʁ(r),1.75,-2.4166666666666665,0.0
0,25.0,R-,#_,FUR,1.0,r,1.25,0.75,0.0
0,25.0,R-,#_,AMR ESP,1.0,r,1.25,0.75,0.0
0,25.0,R-,#_,AND ESP,1.0,r,1.25,0.75,0.0
0,25.0,R-,#_,ARG,1.0,r,1.25,0.75,0.0
0,25.0,R-,#_,ARO,1.0,ɾ̪,1.0,1.6666666666666667,0.0
0,25.0,R-,#_,ARP,1.0,r(ʀ),1.25,-0.8333333333333334,0.0
0,25.0,R-,#_,ASL,1.0,r,1.25,0.75,0.0
0,25.0,R-,#_,BAL,1.0,r̠,1.25,-0.5,0.0
0,25.0,R-,#_,BR POR,1.0,x~h,2.0,-4.5,255.0
0,25.0,R-,#_,ABR,1.0,r,1.25,0.75,0.0
0,25.0,R-,#_,RMH,1.0,r(ʁ),1.5,-0.8333333333333334,0.0
0,25.0,R-,#_,QBC FRA,1.0,ʁ(ʀ),1.75,-4.0,0.0
0,25.0,R-,#_,VAL,1.0,r̠,1.25,-0.5,0.0
0,25.0,R-,#_,VEN,1.0,r,1.25,0.75,0.0
0,25.0,R-,#_,SCN,1.0,ʐː~rː,2.03125,-0.25,0.0
0,25.0,R-,#_,ROM,1.0,ɾ̪,1.0,1.6666666666666667,0.0
0,25.0,R-,#_,LAT,1.0,r,1.25,0.75,0.0
0,25.0,R-,#_,LIG,1.0,r,1.25,0.75,0.0
0,25.0,R-,#_,GAS OCC,1.0,r,1.25,0.75,0.0
0,25.0,R-,#_,ITA,1.0,r,1.25,0.75,0.0
0,25.0,R-,#_,LMO,1.0,r,1.25,0.75,0.0
0,25.0,R-,#_,LOG SRD,1.0,r,1.25,0.75,0.0
0,25.0,R-,#_,GAL,1.0,r,1.25,0.75,0.0
0,25.0,R-,#_,WAL,1.0,ʀ,1.25,-4.0,0.0
0,25.0,R-,#_,OCC,1.0,r(ʀ),1.25,-0.8333333333333334,0.0
0,26.0,L-,#_E,VAL,1.0,ȴ[ʎ̟],0.75,0.0,0.0
0,26.0,L-,#_E,CAM,1.0,l,0.75,0.75,0.0
0,26.0,L-,#_E,SCN,1.0,l,0.75,0.75,0.0
0,26.0,L-,#_E,CAT,1.0,ȴ[ʎ̟],0.75,0.0,0.0
0,26.0,L-,#_E,COR,1.0,l,0.75,0.75,0.0
0,26.0,L-,#_E,CPN SRD,1.0,l,0.75,0.75,0.0
0,26.0,L-,#_E,BR POR,1.0,l,0.75,0.75,0.0
0,26.0,L-,#_E,EU POR,1.0,ɫ̪,0.75,-1.1666666666666667,0.0
0,26.0,L-,#_E,ABR,1.0,l,0.75,0.75,0.0
0,26.0,L-,#_E,AMR ESP,1.0,l,0.75,0.75,0.0
0,26.0,L-,#_E,AND ESP,1.0,l,0.75,0.75,0.0
0,26.0,L-,#_E,ARG,1.0,l(ȴ),0.75,0.5625,0.0
0,26.0,L-,#_E,ARO,1.0,l,0.75,0.75,0.0
0,26.0,L-,#_E,RMH,1.0,l,0.75,0.75,0.0
0,26.0,L-,#_E,CAS ESP,1.0,l,0.75,0.75,0.0
0,26.0,L-,#_E,LMO,1.0,l,0.75,0.75,0.0
0,26.0,L-,#_E,VEN,1.0,l(ɰ),0.611111111111111,-0.5,0.0
0,26.0,L-,#_E,WAL,1.0,l,0.75,0.75,0.0
0,26.0,L-,#_E,RMH,2.0,ȴ[ʎ̟],0.75,0.0,0.0
0,26.0,L-,#_E,QBC FRA,1.0,l,0.75,0.75,0.0
0,26.0,L-,#_E,PGL,1.0,l,0.75,0.75,0.0
0,26.0,L-,#_E,OCC,1.0,l,0.75,0.75,0.0
0,26.0,L-,#_E,LOG SRD,1.0,l,0.75,0.75,0.0
0,26.0,L-,#_E,ITA,1.0,l,0.75,0.75,0.0
0,26.0,L-,#_E,LIG,1.0,l,0.75,0.75,0.0
0,26.0,L-,#_E,LAT,1.0,ɫ̪,0.75,-1.1666666666666667,0.0
0,26.0,L-,#_E,LAT,2.0,l̪ʲ,0.75,-0.1666666666666666,0.0
0,26.0,L-,#_E,EU FRA,1.0,l,0.75,0.75,0.0
0,26.0,L-,#_E,ARP,1.0,l,0.75,0.75,0.0
0,26.0,L-,#_E,BAL,1.0,ȴ[ʎ̟],0.75,0.0,0.0
0,26.0,L-,#_E,ROM,1.0,l,0.75,0.75,0.0
0,26.0,L-,#_E,GAL,1.0,l,0.75,0.75,0.0
0,26.0,L-,#_E,GAS OCC,1.0,l,0.75,0.75,0.0
0,26.0,L-,#_E,FUR,1.0,l,0.75,0.75,0.0
0,26.0,L-,#_E,ASL,1.0,ȴ[ʎ̟](ʈ͡ʂ),1.5,-0.4166666666666667,85.0
0,27.0,L-,"#_{a,O}",COR,1.0,l,0.75,0.75,0.0
0,27.0,L-,"#_{a,O}",CAT,1.0,ȴ[ʎ̟],0.75,0.0,0.0
0,27.0,L-,"#_{a,O}",CAM,1.0,l,0.75,0.75,0.0
0,27.0,L-,"#_{a,O}",CAS ESP,1.0,l,0.75,0.75,0.0
0,27.0,L-,"#_{a,O}",VAL,1.0,ȴ[ʎ̟],0.75,0.0,0.0
0,27.0,L-,"#_{a,O}",VEN,1.0,l(ɰ),0.611111111111111,-0.5,0.0
0,27.0,L-,"#_{a,O}",WAL,1.0,l,0.75,0.75,0.0
0,27.0,L-,"#_{a,O}",LMO,1.0,l,0.75,0.75,0.0
0,27.0,L-,"#_{a,O}",BAL,1.0,ȴ[ʎ̟],0.75,0.0,0.0
0,27.0,L-,"#_{a,O}",ASL,1.0,ȴ[ʎ̟](ʈ͡ʂ),1.5,-0.4166666666666667,85.0
0,27.0,L-,"#_{a,O}",ARP,1.0,l,0.75,0.75,0.0
0,27.0,L-,"#_{a,O}",BR POR,1.0,l,0.75,0.75,0.0
0,27.0,L-,"#_{a,O}",AMR ESP,1.0,l,0.75,0.75,0.0
0,27.0,L-,"#_{a,O}",AND ESP,1.0,l,0.75,0.75,0.0
0,27.0,L-,"#_{a,O}",LAT,1.0,ɫ̪,0.75,-1.1666666666666667,0.0
0,27.0,L-,"#_{a,O}",ITA,1.0,l,0.75,0.75,0.0
0,27.0,L-,"#_{a,O}",EU FRA,1.0,l,0.75,0.75,0.0
0,27.0,L-,"#_{a,O}",CPN SRD,1.0,l,0.75,0.75,0.0
0,27.0,L-,"#_{a,O}",FUR,1.0,l,0.75,0.75,0.0
0,27.0,L-,"#_{a,O}",EU POR,1.0,ɫ̪,0.75,-1.1666666666666667,0.0
0,27.0,L-,"#_{a,O}",QBC FRA,1.0,l,0.75,0.75,0.0
0,27.0,L-,"#_{a,O}",PGL,1.0,l,0.75,0.75,0.0
0,27.0,L-,"#_{a,O}",RMH,2.0,ȴ[ʎ̟],0.75,0.0,0.0
0,27.0,L-,"#_{a,O}",RMH,1.0,l,0.75,0.75,0.0
0,27.0,L-,"#_{a,O}",GAS OCC,1.0,l,0.75,0.75,0.0
0,27.0,L-,"#_{a,O}",GAL,1.0,l,0.75,0.75,0.0
0,27.0,L-,"#_{a,O}",LOG SRD,1.0,l,0.75,0.75,0.0
0,27.0,L-,"#_{a,O}",OCC,1.0,l,0.75,0.75,0.0
0,27.0,L-,"#_{a,O}",SCN,1.0,l,0.75,0.75,0.0
0,27.0,L-,"#_{a,O}",ROM,1.0,l,0.75,0.75,0.0
0,27.0,L-,"#_{a,O}",ARG,1.0,l(ȴ),0.75,0.5625,0.0
0,27.0,L-,"#_{a,O}",ABR,1.0,l,0.75,0.75,0.0
0,27.0,L-,"#_{a,O}",ARO,1.0,l,0.75,0.75,0.0
0,27.0,L-,"#_{a,O}",LIG,1.0,l,0.75,0.75,0.0
0,28.0,J-,#_O,ROM,1.0,ʒ,2.0,-0.5,0.0
0,28.0,J-,#_O,QBC FRA,1.0,ʒ,2.0,-0.5,0.0
0,28.0,J-,#_O,CAT,1.0,ʒ,2.0,-0.5,0.0
0,28.0,J-,#_O,CPN SRD,1.0,d̠͡ʒ,3.0,-0.5,0.0
0,28.0,J-,#_O,CAM,1.0,j,0.3333333333333333,-2.0,0.0
0,28.0,J-,#_O,CAS ESP,1.0,x,2.0,-3.0,255.0
0,28.0,J-,#_O,ARG,1.0,t̠͡ʃ,3.0,-0.5,255.0
0,28.0,J-,#_O,LMO,1.0,d̠͡ʒ~z,2.5,0.25,0.0
0,28.0,J-,#_O,LAT,1.0,j,0.3333333333333333,-2.0,0.0
0,28.0,J-,#_O,LIG,1.0,z(d͡z),2.333333333333333,1.0,0.0
0,28.0,J-,#_O,AND ESP,1.0,h,2.0,-6.0,0.0
0,28.0,J-,#_O,AMR ESP,1.0,h,2.0,-6.0,0.0
0,28.0,J-,#_O,OCC,1.0,̠d̠͡ʒ(d͡z̠),3.0,-0.1666666666666666,0.0
0,28.0,J-,#_O,LOG SRD,1.0,j,0.3333333333333333,-2.0,0.0
0,28.0,J-,#_O,EU FRA,1.0,ʒ,2.0,-0.5,0.0
0,28.0,J-,#_O,WAL,1.0,d̠͡ʒ,3.0,-0.5,0.0
0,28.0,J-,#_O,VAL,1.0,d̠͡ʒ,3.0,-0.5,0.0
0,28.0,J-,#_O,SCN,1.0,j,0.3333333333333333,-2.0,0.0
0,28.0,J-,#_O,ARP,1.0,d͡z~ð,2.5,1.5,0.0
0,28.0,J-,#_O,BR POR,1.0,ʒ,2.0,-0.5,0.0
0,28.0,J-,#_O,BAL,1.0,ʒ,2.0,-0.5,0.0
0,28.0,J-,#_O,ASL,1.0,ʃ,2.0,-0.5,255.0
0,28.0,J-,#_O,ITA,1.0,d̠͡ʒ,3.0,-0.5,0.0
0,28.0,J-,#_O,GAS OCC,1.0,ʒ,2.0,-0.5,0.0
0,28.0,J-,#_O,EU POR,1.0,ʒ,2.0,-0.5,0.0
0,28.0,J-,#_O,GAL,1.0,ʃ,2.0,-0.5,255.0
0,29.0,J-,"#_{a,E}ˈ",AMR ESP,1.0,∅,0.0,-2.0,0.0
0,29.0,J-,"#_{a,E}ˈ",ITA,1.0,d̠͡ʒ,3.0,-0.5,0.0
0,29.0,J-,"#_{a,E}ˈ",GAS OCC,1.0,ʒ,2.0,-0.5,0.0
0,29.0,J-,"#_{a,E}ˈ",CAS ESP,1.0,∅,0.0,-2.0,0.0
0,29.0,J-,"#_{a,E}ˈ",GAL,1.0,ʃ,2.0,-0.5,255.0
0,29.0,J-,"#_{a,E}ˈ",CAT,1.0,ʒ,2.0,-0.5,0.0
0,29.0,J-,"#_{a,E}ˈ",EU POR,1.0,ʒ,2.0,-0.5,0.0
0,29.0,J-,"#_{a,E}ˈ",EU FRA,1.0,ʒ,2.0,-0.5,0.0
0,29.0,J-,"#_{a,E}ˈ",LAT,1.0,j,0.3333333333333333,-2.0,0.0
0,29.0,J-,"#_{a,E}ˈ",ARP,1.0,d͡z~ð,2.5,1.5,0.0
0,29.0,J-,"#_{a,E}ˈ",ARG,1.0,t̠͡ʃ,3.0,-0.5,255.0
0,29.0,J-,"#_{a,E}ˈ",LIG,1.0,z(d͡z),2.333333333333333,1.0,0.0
0,29.0,J-,"#_{a,E}ˈ",ASL,1.0,ʃ,2.0,-0.5,255.0
0,29.0,J-,"#_{a,E}ˈ",AND ESP,1.0,∅,0.0,-2.0,0.0
0,29.0,J-,"#_{a,E}ˈ",QBC FRA,1.0,ʒ,2.0,-0.5,0.0
0,29.0,J-,"#_{a,E}ˈ",ROM,1.0,ʒ,2.0,-0.5,0.0
0,29.0,J-,"#_{a,E}ˈ",SCN,1.0,j,0.3333333333333333,-2.0,0.0
0,29.0,J-,"#_{a,E}ˈ",VAL,1.0,d̠͡ʒ,3.0,-0.5,0.0
0,29.0,J-,"#_{a,E}ˈ",WAL,1.0,d̠͡ʒ,3.0,-0.5,0.0
0,29.0,J-,"#_{a,E}ˈ",BAL,1.0,ʒ,2.0,-0.5,0.0
0,29.0,J-,"#_{a,E}ˈ",LMO,1.0,d̠͡ʒ~z,2.5,0.25,0.0
0,29.0,J-,"#_{a,E}ˈ",OCC,1.0,̠d̠͡ʒ(d͡z̠),3.0,-0.1666666666666666,0.0
0,29.0,J-,"#_{a,E}ˈ",BR POR,1.0,ʒ,2.0,-0.5,0.0
0,29.0,J-,"#_{a,E}ˈ",CAM,1.0,j,0.3333333333333333,-2.0,0.0
0,30.0,J-,"ˈ#_{a,E}",ARG,1.0,t̠͡ʃ,3.0,-0.5,255.0
0,30.0,J-,"ˈ#_{a,E}",ROM,1.0,ʒ,2.0,-0.5,0.0
0,30.0,J-,"ˈ#_{a,E}",SCN,1.0,j,0.3333333333333333,-2.0,0.0
0,30.0,J-,"ˈ#_{a,E}",OCC,1.0,̠d̠͡ʒ(d͡z̠),3.0,-0.1666666666666666,0.0
0,30.0,J-,"ˈ#_{a,E}",QBC FRA,1.0,ʒ,2.0,-0.5,0.0
0,30.0,J-,"ˈ#_{a,E}",VAL,1.0,d̠͡ʒ,3.0,-0.5,0.0
0,30.0,J-,"ˈ#_{a,E}",LMO,1.0,d̠͡ʒ~z,2.5,0.25,0.0
0,30.0,J-,"ˈ#_{a,E}",ARP,1.0,d͡z~ð,2.5,1.5,0.0
0,30.0,J-,"ˈ#_{a,E}",WAL,1.0,d̠͡ʒ,3.0,-0.5,0.0
0,30.0,J-,"ˈ#_{a,E}",AND ESP,1.0,ɟ͡ʝ,3.0,-2.0,0.0
0,30.0,J-,"ˈ#_{a,E}",ARO,1.0,d͡z̪,3.0,1.3333333333333333,0.0
0,30.0,J-,"ˈ#_{a,E}",CAM,1.0,j,0.3333333333333333,-2.0,0.0
0,30.0,J-,"ˈ#_{a,E}",CAS ESP,1.0,ɟ͡ʝ,3.0,-2.0,0.0
0,30.0,J-,"ˈ#_{a,E}",CAT,1.0,ʒ,2.0,-0.5,0.0
0,30.0,J-,"ˈ#_{a,E}",CPN SRD,1.0,d̠͡ʒ,3.0,-0.5,0.0
0,30.0,J-,"ˈ#_{a,E}",AMR ESP,1.0,ɟ͡ʝ,3.0,-2.0,0.0
0,30.0,J-,"ˈ#_{a,E}",BAL,1.0,ʒ,2.0,-0.5,0.0
0,30.0,J-,"ˈ#_{a,E}",BR POR,1.0,ʒ,2.0,-0.5,0.0
0,30.0,J-,"ˈ#_{a,E}",ASL,1.0,ʃ,2.0,-0.5,255.0
0,30.0,J-,"ˈ#_{a,E}",ITA,1.0,d̠͡ʒ,3.0,-0.5,0.0
0,30.0,J-,"ˈ#_{a,E}",LAT,1.0,j,0.3333333333333333,-2.0,0.0
0,30.0,J-,"ˈ#_{a,E}",LIG,1.0,z(d͡z),2.333333333333333,1.0,0.0
0,30.0,J-,"ˈ#_{a,E}",EU FRA,1.0,ʒ,2.0,-0.5,0.0
0,30.0,J-,"ˈ#_{a,E}",EU POR,1.0,ʒ,2.0,-0.5,0.0
0,30.0,J-,"ˈ#_{a,E}",GAL,1.0,ʃ,2.0,-0.5,255.0
0,30.0,J-,"ˈ#_{a,E}",GAS OCC,1.0,ʒ,2.0,-0.5,0.0
0,31.0,W-,#_E,VEN,b,ɡw~v,1.75,-0.875,63.75
0,31.0,W-,#_a,FUR,b,vw~w,0.6666666666666666,1.25,63.75
0,31.0,W-,#_a,EU POR,b,ɡw,2.1666666666666665,-1.5,0.0
0,31.0,W-,#_E,AMR ESP,b,ɡ,4.0,-3.0,0.0
0,31.0,W-,#_a,WAL,b,w,0.3333333333333333,0.0,0.0
0,31.0,W-,#_a,VEN,b,ɡw~v,1.75,-0.875,63.75
0,31.0,W-,#_a,VAL,b,ɡw,2.1666666666666665,-1.5,0.0
0,31.0,W-,#_a,RMH,b,ɡw~ɡ,2.0833333333333335,-1.5,63.75
0,31.0,W-,#_a,QBC FRA,b,ɡ,4.0,-3.0,0.0
0,31.0,W-,#_a,OCC,b,ɡ,4.0,-3.0,0.0
0,31.0,W-,#_a,LOG SRD,b,ɡw~ɡ,2.0833333333333335,-1.5,63.75
0,31.0,W-,#_a,LMO,b,ɡw,2.1666666666666665,-1.5,0.0
0,31.0,W-,#_a,LIG,b,ɡw,2.1666666666666665,-1.5,0.0
0,31.0,W-,#_a,LAT,b,w,0.3333333333333333,0.0,0.0
0,31.0,W-,#_a,ITA,b,ɡw,2.1666666666666665,-1.5,0.0
0,31.0,W-,#_a,GAS OCC,b,ɡw~,1.0833333333333333,-1.5,127.5
0,31.0,W-,#_a,GAL,b,ɡw~ɡ,2.0833333333333335,-1.5,63.75
0,31.0,W-,#_a,BR POR,b,ɡw,2.1666666666666665,-1.5,0.0
0,31.0,W-,#_a,BAL,b,ɡw,2.1666666666666665,-1.5,0.0
0,31.0,W-,#_a,EU FRA,b,ɡ,4.0,-3.0,0.0
0,31.0,W-,#_a,CPN SRD,b,ɡw,2.1666666666666665,-1.5,0.0
0,31.0,W-,#_a,COR,b,gʷ,4.0,-1.5,0.0
0,31.0,W-,#_a,CAT,b,ɡw,2.1666666666666665,-1.5,0.0
0,31.0,W-,#_a,CAS ESP,b,ɡw,2.1666666666666665,-1.5,0.0
0,31.0,W-,#_a,CAM,b,ɡw~v,1.75,-0.875,63.75
0,31.0,W-,#_a,AND ESP,b,ɡw,2.1666666666666665,-1.5,0.0
0,31.0,W-,#_a,AMR ESP,b,ɡw,2.1666666666666665,-1.5,0.0
0,31.0,W-,#_a,ASL,b,ɡw,2.1666666666666665,-1.5,0.0
0,31.0,W-,#_a,ARP,b,ɡ~w,2.25,-1.5,0.0
0,31.0,W-,#_E,WAL,b,w,0.3333333333333333,0.0,0.0
0,31.0,W-,#_E,ARG,b,ɡ,4.0,-3.0,0.0
0,31.0,W-,#_E,AND ESP,b,ɡ,4.0,-3.0,0.0
0,31.0,W-,#_E,GAS OCC,b,ɡ,4.0,-3.0,0.0
0,31.0,W-,#_E,GAL,b,ɡ,4.0,-3.0,0.0
0,31.0,W-,#_E,FUR,b,vw~w,0.6666666666666666,1.25,63.75
0,31.0,W-,#_E,EU POR,b,ɡ,4.0,-3.0,0.0
0,31.0,W-,#_E,EU FRA,b,ɡ,4.0,-3.0,0.0
0,31.0,W-,#_E,CPN SRD,b,ɡw,2.1666666666666665,-1.5,0.0
0,31.0,W-,#_E,COR,b,gʷ,4.0,-1.5,0.0
0,31.0,W-,#_E,VAL,b,ɡ,4.0,-3.0,0.0
0,31.0,W-,#_E,RMH,b,ɡw~ɡ,2.0833333333333335,-1.5,63.75
0,31.0,W-,#_E,QBC FRA,b,ɡ,4.0,-3.0,0.0
0,31.0,W-,#_E,OCC,b,ɡ,4.0,-3.0,0.0
0,31.0,W-,#_E,LOG SRD,b,ɡw~ɡ,2.0833333333333335,-1.5,63.75
0,31.0,W-,#_E,LMO,b,ɡw,2.1666666666666665,-1.5,0.0
0,31.0,W-,#_E,LIG,b,ɡw,2.1666666666666665,-1.5,0.0
0,31.0,W-,#_E,LAT,b,w,0.3333333333333333,0.0,0.0
0,31.0,W-,#_E,ITA,b,ɡw,2.1666666666666665,-1.5,0.0
0,31.0,W-,#_E,CAS ESP,b,ɡ,4.0,-3.0,0.0
0,31.0,W-,#_E,CAM,b,ɡw~v,1.75,-0.875,63.75
0,31.0,W-,#_E,BR POR,b,ɡ,4.0,-3.0,0.0
0,31.0,W-,#_E,BAL,b,ɡ,4.0,-3.0,0.0
0,31.0,W-,#_E,ASL,b,ɡ,4.0,-3.0,0.0
0,31.0,W-,#_E,ARP,b,ɡ,4.0,-3.0,0.0
0,31.0,W-,#_E,CAT,b,ɡ,4.0,-3.0,0.0
0,32.0,PL-,#_,RMH,b,pl,2.375,1.875,127.5
0,32.0,PL-,#_,ITA,b,pj,2.1666666666666665,0.5,127.5
0,32.0,PL-,#_,WAL,b,pl,2.375,1.875,127.5
0,32.0,PL-,#_,VEN,b,pj,2.1666666666666665,0.5,127.5
0,32.0,PL-,#_,VAL,b,pɫ,2.375,0.6875,127.5
0,32.0,PL-,#_,ROM,b,pl,2.375,1.875,127.5
0,32.0,PL-,#_,SCN,b,c,4.0,-2.0,255.0
0,32.0,PL-,#_,ARP,b,pl(pȴ~j),2.3333333333333335,1.5833333333333333,127.5
0,32.0,PL-,#_,ARG,b,pl(pȴ),2.375,1.78125,127.5
0,32.0,PL-,#_,AND ESP,b,ɟ͡ʝ,3.0,-2.0,0.0
0,32.0,PL-,#_,AMR ESP,b,ɟ͡ʝ,3.0,-2.0,0.0
0,32.0,PL-,#_,ABR,b,pj,2.1666666666666665,0.5,127.5
0,32.0,PL-,#_,ARO,b,pl,2.375,1.875,127.5
0,32.0,PL-,#_,BAL,b,pʟ,2.375,0.0,127.5
0,32.0,PL-,#_,BR POR,b,ʃ,2.0,-0.5,255.0
0,32.0,PL-,#_,CAM,b,c,4.0,-2.0,255.0
0,32.0,PL-,#_,ASL,b,ȴ[ʎ̟](ʈ͡ʂ),1.5,-0.4166666666666667,85.0
0,32.0,PL-,#_,CAT,b,pl,2.375,1.875,127.5
0,32.0,PL-,#_,COR,b,pj,2.1666666666666665,0.5,127.5
0,32.0,PL-,#_,CPN SRD,b,pɾ,2.5,1.875,127.5
0,32.0,PL-,#_,EU FRA,b,pl,2.375,1.875,127.5
0,32.0,PL-,#_,EU POR,b,ʃ,2.0,-0.5,255.0
0,32.0,PL-,#_,FUR,b,pl,2.375,1.875,127.5
0,32.0,PL-,#_,GAL,b,t̠͡ʃ,3.0,-0.5,255.0
0,32.0,PL-,#_,CAS ESP,b,ʎ,0.75,-2.0,0.0
0,32.0,PL-,#_,GAS OCC,b,pl,2.375,1.875,127.5
0,32.0,PL-,#_,LMO,b,pj,2.1666666666666665,0.5,127.5
0,32.0,PL-,#_,OCC,b,pl,2.375,1.875,127.5
0,32.0,PL-,#_,LOG SRD,b,pɾ,2.5,1.875,127.5
0,32.0,PL-,#_,LAT,b,pɫ̪,2.375,0.9166666666666666,127.5
0,32.0,PL-,#_,LAT,c,pl̪ʲ,2.375,1.4166666666666667,127.5
0,32.0,PL-,#_,LIG,b,t̠͡ʃ,3.0,-0.5,255.0
0,32.0,PL-,#_,PGL,b,c,4.0,-2.0,255.0
0,32.0,PL-,#_,QBC FRA,b,pl,2.375,1.875,127.5
0,33.0,BR-,#_,BR POR,b,bɾ,2.5,1.875,0.0
0,33.0,BR-,#_,BAL,b,bɾ,2.5,1.875,0.0
0,33.0,BR-,#_,ASL,b,bɾ,2.5,1.875,0.0
0,33.0,BR-,#_,ARP,b,bɾ(bʀ),2.5416666666666665,1.0833333333333333,0.0
0,33.0,BR-,#_,OCC,b,bɾ(bʀ),2.5416666666666665,1.0833333333333333,0.0
0,33.0,BR-,#_,LOG SRD,b,bɾ,2.5,1.875,0.0
0,33.0,BR-,#_,LMO,b,bɾ,2.5,1.875,0.0
0,33.0,BR-,#_,LIG,b,bɾ,2.5,1.875,0.0
0,33.0,BR-,#_,ARO,b,bɾ̪,2.5,2.3333333333333335,0.0
0,33.0,BR-,#_,ARG,b,bɾ,2.5,1.875,0.0
0,33.0,BR-,#_,AND ESP,b,bɾ,2.5,1.875,0.0
0,33.0,BR-,#_,AMR ESP,b,bɾ,2.5,1.875,0.0
0,33.0,BR-,#_,FUR,b,bɾ,2.5,1.875,0.0
0,33.0,BR-,#_,EU POR,b,bɾ,2.5,1.875,0.0
0,33.0,BR-,#_,EU FRA,b,bʁ(bʀ),2.875,-0.5,0.0
0,33.0,BR-,#_,CPN SRD,b,bɾ,2.5,1.875,0.0
0,33.0,BR-,#_,SCN,b,vɾ,1.5,1.625,0.0
0,33.0,BR-,#_,VAL,b,bɾ,2.5,1.875,0.0
0,33.0,BR-,#_,VEN,b,bɾ,2.5,1.875,0.0
0,33.0,BR-,#_,WAL,b,bʀ,2.625,-0.5,0.0
0,33.0,BR-,#_,GAL,b,bɾ,2.5,1.875,0.0
0,33.0,BR-,#_,GAS OCC,b,bɾ,2.5,1.875,0.0
0,33.0,BR-,#_,ITA,b,bɾ,2.5,1.875,0.0
0,33.0,BR-,#_,LAT,b,bɾ,2.5,1.875,0.0
0,33.0,BR-,#_,PGL,b,vɾ,1.5,1.625,0.0
0,33.0,BR-,#_,QBC FRA,b,bʁ(bʀ),2.875,-0.5,0.0
0,33.0,BR-,#_,RMH,b,bɾ,2.5,1.875,0.0
0,33.0,BR-,#_,ROM,b,bɾ̪,2.5,2.3333333333333335,0.0
0,33.0,BR-,#_,CAM,b,vɾ,1.5,1.625,0.0
0,33.0,BR-,#_,CAS ESP,b,bɾ,2.5,1.875,0.0
0,33.0,BR-,#_,CAT,b,bɾ,2.5,1.875,0.0
0,33.0,BR-,#_,COR,b,bɾ,2.5,1.875,0.0
0,33.0,BR-,#_,ABR,b,vɾ,1.5,1.625,0.0
0,34.0,BL-,#_,ARP,b,bl(bȴ~j),2.3333333333333335,1.5833333333333333,0.0
0,34.0,BL-,#_,ARG,b,bl(bȴ),2.375,1.78125,0.0
0,34.0,BL-,#_,ARO,b,bl,2.375,1.875,0.0
0,34.0,BL-,#_,GAL,b,l,0.375,1.875,127.5
0,34.0,BL-,#_,FUR,b,bl,2.375,1.875,0.0
0,34.0,BL-,#_,EU POR,c,ɫ̪,0.375,0.9166666666666666,127.5
0,34.0,BL-,#_,AND ESP,c,bl,2.375,1.875,0.0
0,34.0,BL-,#_,AND ESP,b,l,0.375,1.875,127.5
0,34.0,BL-,#_,AMR ESP,c,l,0.375,1.875,127.5
0,34.0,BL-,#_,AMR ESP,b,bl,2.375,1.875,0.0
0,34.0,BL-,#_,ABR,b,bj,2.1666666666666665,0.5,0.0
0,34.0,BL-,#_,CAS ESP,c,bl,2.375,1.875,0.0
0,34.0,BL-,#_,CAS ESP,b,l,0.375,1.875,127.5
0,34.0,BL-,#_,CAM,b,j,0.16666666666666666,0.5,127.5
0,34.0,BL-,#_,EU POR,b,bɾ,2.5,1.875,0.0
0,34.0,BL-,#_,EU FRA,b,bl,2.375,1.875,0.0
0,34.0,BL-,#_,CPN SRD,b,bɾ,2.5,1.875,0.0
0,34.0,BL-,#_,COR,b,bj,2.1666666666666665,0.5,0.0
0,34.0,BL-,#_,CAT,b,bl,2.375,1.875,0.0
0,34.0,BL-,#_,VEN,b,bj,2.1666666666666665,0.5,0.0
0,34.0,BL-,#_,VAL,b,bɫ,2.375,0.6875,0.0
0,34.0,BL-,#_,SCN,b,j,0.16666666666666666,0.5,127.5
0,34.0,BL-,#_,ROM,b,bl,2.375,1.875,0.0
0,34.0,BL-,#_,GAL,c,bɾ,2.5,1.875,0.0
0,34.0,BL-,#_,GAS OCC,b,bl,2.375,1.875,0.0
0,34.0,BL-,#_,ITA,b,bj,2.1666666666666665,0.5,0.0
0,34.0,BL-,#_,LAT,b,bɫ̪,2.375,0.9166666666666666,0.0
0,34.0,BL-,#_,OCC,b,bl,2.375,1.875,0.0
0,34.0,BL-,#_,PGL,b,j,0.16666666666666666,0.5,127.5
0,34.0,BL-,#_,QBC FRA,b,bl,2.375,1.875,0.0
0,34.0,BL-,#_,RMH,b,bl,2.375,1.875,0.0
0,34.0,BL-,#_,BR POR,b,bɾ,2.5,1.875,0.0
0,34.0,BL-,#_,BAL,b,bʟ,2.375,0.0,0.0
0,34.0,BL-,#_,ASL,c,bl,2.375,1.875,0.0
0,34.0,BL-,#_,ASL,b,l,0.375,1.875,127.5
0,34.0,BL-,#_,LAT,c,bl̪ʲ,2.375,1.4166666666666667,0.0
0,34.0,BL-,#_,LIG,b,d̠͡ʒ,1.5,1.25,127.5
0,34.0,BL-,#_,LMO,b,bj,2.25,0.5,0.0
0,34.0,BL-,#_,LOG SRD,b,bɾ,2.5,1.875,0.0
0,34.0,BL-,#_,WAL,b,bl,2.375,1.875,0.0
0,34.0,BL-,#_,BR POR,c,l,0.375,1.875,127.5
0,35.0,TR-,#_,LAT,b,t̪ɾ,2.5,1.2083333333333335,127.5
0,35.0,TR-,#_,LIG,b,t̪ɾ,2.5,1.2083333333333335,127.5
0,35.0,TR-,#_,BAL,b,t̪ɾ,2.5,1.2083333333333335,127.5
0,35.0,TR-,#_,ABR,b,t̪ɾ,2.5,1.2083333333333335,127.5
0,35.0,TR-,#_,AMR ESP,b,t̪ɾ,2.5,1.2083333333333335,127.5
0,35.0,TR-,#_,ITA,b,t̪ɾ,2.5,1.2083333333333335,127.5
0,35.0,TR-,#_,CAT,b,t̪ɾ,2.5,1.2083333333333335,127.5
0,35.0,TR-,#_,GAL,b,t̪ɾ,2.5,1.2083333333333335,127.5
0,35.0,TR-,#_,FUR,b,t̪ɾ,2.5,1.2083333333333335,127.5
0,35.0,TR-,#_,EU POR,b,t̪ɾ,2.5,1.2083333333333335,127.5
0,35.0,TR-,#_,GAS OCC,b,t̪ɾ,2.5,1.2083333333333335,127.5
0,35.0,TR-,#_,BR POR,b,t̪ɾ,2.5,1.2083333333333335,127.5
0,35.0,TR-,#_,CAM,b,t̪ɾ,2.5,1.2083333333333335,127.5
0,35.0,TR-,#_,CAS ESP,b,t̪ɾ,2.5,1.2083333333333335,127.5
0,35.0,TR-,#_,LMO,b,t̪ɾ,2.5,1.2083333333333335,127.5
0,35.0,TR-,#_,ARG,b,t̪ɾ,2.5,1.2083333333333335,127.5
0,35.0,TR-,#_,ARP,b,t̪ɾ(t̪ʀ),2.5416666666666665,0.4166666666666667,127.5
0,35.0,TR-,#_,ARO,b,t̪ɾ̪,2.5,1.6666666666666667,127.5
0,35.0,TR-,#_,EU FRA,b,t̪ʁ(t̪ʀ),2.875,-1.1666666666666665,127.5
0,35.0,TR-,#_,CPN SRD,b,t̪ɾ,2.5,1.2083333333333335,127.5
0,35.0,TR-,#_,COR,b,t̪ɾ~ʈɽ,2.5,0.14583333333333337,127.5
0,35.0,TR-,#_,ASL,b,t̪ɾ,2.5,1.2083333333333335,127.5
0,35.0,TR-,#_,VEN,b,t̪ɾ,2.5,1.2083333333333335,127.5
0,35.0,TR-,#_,WAL,b,t̪ʀ,2.625,-1.1666666666666665,127.5
0,35.0,TR-,#_,SCN,b,ʈɽ,2.5,-1.25,127.5
0,35.0,TR-,#_,VAL,b,t̪ɾ,2.5,1.2083333333333335,127.5
0,35.0,TR-,#_,OCC,b,t̪ɾ(t̪ʀ),2.5416666666666665,0.4166666666666667,127.5
0,35.0,TR-,#_,PGL,b,t̪ɾ,2.5,1.2083333333333335,127.5
0,35.0,TR-,#_,LOG SRD,b,t̪ɾ,2.5,1.2083333333333335,127.5
0,35.0,TR-,#_,QBC FRA,b,t̪ʁ(t̪ʀ),2.875,-1.1666666666666665,127.5
0,35.0,TR-,#_,RMH,b,t̪ɾ,2.5,1.2083333333333335,127.5
0,35.0,TR-,#_,ROM,b,t̪ɾ̪,2.5,1.6666666666666667,127.5
0,35.0,TR-,#_,AND ESP,b,t̪ɾ,2.5,1.2083333333333335,127.5
0,36.0,DR-,#_,VEN,b,d̪ɾ,2.5,1.2083333333333335,0.0
0,36.0,DR-,#_,PGL,b,d̪ɾ,2.5,1.2083333333333335,0.0
0,36.0,DR-,#_,OCC,b,d̪ɾ(d̪ʀ),2.5416666666666665,0.4166666666666667,0.0
0,36.0,DR-,#_,LOG SRD,b,d̪ɾ,2.5,1.2083333333333335,0.0
0,36.0,DR-,#_,SCN,b,ɖɽ,2.5,-1.25,0.0
0,36.0,DR-,#_,WAL,b,d̪ʀ,2.625,-1.1666666666666665,0.0
0,36.0,DR-,#_,VAL,b,d̪ɾ,2.5,1.2083333333333335,0.0
0,36.0,DR-,#_,LIG,b,d̪ɾ,2.5,1.2083333333333335,0.0
0,36.0,DR-,#_,LAT,b,d̪ɾ,2.5,1.2083333333333335,0.0
0,36.0,DR-,#_,GAL,b,d̪ɾ,2.5,1.2083333333333335,0.0
0,36.0,DR-,#_,FUR,b,d̪ɾ,2.5,1.2083333333333335,0.0
0,36.0,DR-,#_,EU POR,b,d̪ɾ,2.5,1.2083333333333335,0.0
0,36.0,DR-,#_,EU FRA,b,d̪ʁ(d̪ʀ),2.875,-1.1666666666666665,0.0
0,36.0,DR-,#_,ASL,b,d̪ɾ,2.5,1.2083333333333335,0.0
0,36.0,DR-,#_,BAL,b,d̪ɾ,2.5,1.2083333333333335,0.0
0,36.0,DR-,#_,ITA,b,d̪ɾ,2.5,1.2083333333333335,0.0
0,36.0,DR-,#_,GAS OCC,b,d̪ɾ,2.5,1.2083333333333335,0.0
0,36.0,DR-,#_,ABR,b,d̪ɾ,2.5,1.2083333333333335,0.0
0,36.0,DR-,#_,AMR ESP,b,d̪ɾ,2.5,1.2083333333333335,0.0
0,36.0,DR-,#_,BR POR,b,d̪ɾ,2.5,1.2083333333333335,0.0
0,36.0,DR-,#_,CAM,b,d̪ɾ,2.5,1.2083333333333335,0.0
0,36.0,DR-,#_,CAS ESP,b,d̪ɾ,2.5,1.2083333333333335,0.0
0,36.0,DR-,#_,CPN SRD,b,d̪ɾ,2.5,1.2083333333333335,0.0
0,36.0,DR-,#_,CAT,b,d̪ɾ,2.5,1.2083333333333335,0.0
0,36.0,DR-,#_,COR,b,d̪ɾ~ɖɽ,2.5,0.14583333333333337,0.0
0,36.0,DR-,#_,ARP,b,d̪ɾ(d̪ʀ),2.5416666666666665,0.4166666666666667,0.0
0,36.0,DR-,#_,ROM,b,d̪ɾ̪,2.5,1.6666666666666667,0.0
0,36.0,DR-,#_,RMH,b,d̪ɾ,2.5,1.2083333333333335,0.0
0,36.0,DR-,#_,QBC FRA,b,d̪ʁ(d̪ʀ),2.875,-1.1666666666666665,0.0
0,36.0,DR-,#_,LMO,b,d̪ɾ,2.5,1.2083333333333335,0.0
0,36.0,DR-,#_,ARO,b,d̪ɾ̪,2.5,1.6666666666666667,0.0
0,36.0,DR-,#_,ARG,b,d̪ɾ,2.5,1.2083333333333335,0.0
0,36.0,DR-,#_,AND ESP,b,d̪ɾ,2.5,1.2083333333333335,0.0
0,37.0,CR-,#_,PGL,b,kɾ,2.5,-1.125,127.5
0,37.0,CR-,#_,LOG SRD,b,kɾ,2.5,-1.125,127.5
0,37.0,CR-,#_,LMO,b,kɾ,2.5,-1.125,127.5
0,37.0,CR-,#_,ABR,b,kɾ,2.5,-1.125,127.5
0,37.0,CR-,#_,COR,b,kɾ,2.5,-1.125,127.5
0,37.0,CR-,#_,CAT,b,kɾ,2.5,-1.125,127.5
0,37.0,CR-,#_,CAS ESP,b,kɾ,2.5,-1.125,127.5
0,37.0,CR-,#_,CAM,b,kɾ,2.5,-1.125,127.5
0,37.0,CR-,#_,AMR ESP,b,kɾ,2.5,-1.125,127.5
0,37.0,CR-,#_,QBC FRA,b,kʁ(kʀ),2.875,-3.5,127.5
0,37.0,CR-,#_,RMH,b,kɾ,2.5,-1.125,127.5
0,37.0,CR-,#_,ROM,b,kɾ̪,2.5,-0.6666666666666666,127.5
0,37.0,CR-,#_,SCN,b,kɾ,2.5,-1.125,127.5
0,37.0,CR-,#_,VAL,b,kɾ,2.5,-1.125,127.5
0,37.0,CR-,#_,VEN,b,kɾ,2.5,-1.125,127.5
0,37.0,CR-,#_,LIG,b,kɾ,2.5,-1.125,127.5
0,37.0,CR-,#_,WAL,b,kʀ,2.625,-3.5,127.5
0,37.0,CR-,#_,AND ESP,b,kɾ,2.5,-1.125,127.5
0,37.0,CR-,#_,ARG,b,kɾ,2.5,-1.125,127.5
0,37.0,CR-,#_,ARO,b,kɾ̪,2.5,-0.6666666666666666,127.5
0,37.0,CR-,#_,OCC,b,kɾ(kʀ),2.5416666666666665,-1.9166666666666667,127.5
0,37.0,CR-,#_,BAL,b,kɾ,2.5,-1.125,127.5
0,37.0,CR-,#_,ASL,b,kɾ,2.5,-1.125,127.5
0,37.0,CR-,#_,ARP,b,kɾ(kʀ),2.5416666666666665,-1.9166666666666667,127.5
0,37.0,CR-,#_,BR POR,b,kɾ,2.5,-1.125,127.5
0,37.0,CR-,#_,GAS OCC,b,kɾ,2.5,-1.125,127.5
0,37.0,CR-,#_,ITA,b,kɾ,2.5,-1.125,127.5
0,37.0,CR-,#_,LAT,b,kɾ,2.5,-1.125,127.5
0,37.0,CR-,#_,CPN SRD,b,kɾ,2.5,-1.125,127.5
0,37.0,CR-,#_,EU FRA,b,kʁ(kʀ),2.875,-3.5,127.5
0,37.0,CR-,#_,EU POR,b,kɾ,2.5,-1.125,127.5
0,37.0,CR-,#_,FUR,b,kɾ,2.5,-1.125,127.5
0,37.0,CR-,#_,GAL,b,kɾ,2.5,-1.125,127.5
0,38.0,CL-,#_,QBC FRA,b,kl,2.375,-1.125,127.5
0,38.0,CL-,#_,LIG,b,t̠͡ʃ,1.5,-1.25,255.0
0,38.0,CL-,#_,LAT,c,kl̪ʲ,2.375,-1.5833333333333333,127.5
0,38.0,CL-,#_,LAT,b,kɫ̪,2.375,-2.0833333333333335,127.5
0,38.0,CL-,#_,ITA,b,kj,2.1666666666666665,-2.5,127.5
0,38.0,CL-,#_,SCN,b,c,2.0,-2.0,255.0
0,38.0,CL-,#_,ROM,b,kj~c,2.0833333333333335,-2.25,191.25
0,38.0,CL-,#_,RMH,b,kl,2.375,-1.125,127.5
0,38.0,CL-,#_,VAL,b,k~k,2.375,-2.3125,127.5
0,38.0,CL-,#_,LMO,b,t̠͡ʃ,1.5,-1.25,255.0
0,38.0,CL-,#_,PGL,b,c,2.0,-2.0,255.0
0,38.0,CL-,#_,OCC,b,kl,2.375,-1.125,127.5
0,38.0,CL-,#_,LOG SRD,b,kɾ,2.5,-1.125,127.5
0,38.0,CL-,#_,VEN,b,t̠͡ʃ,1.5,-1.25,255.0
0,38.0,CL-,#_,WAL,b,kl,2.375,-1.125,127.5
0,38.0,CL-,#_,ABR,b,c,2.0,-2.0,255.0
0,38.0,CL-,#_,CAM,b,c,2.0,-2.0,255.0
0,38.0,CL-,#_,CAS ESP,b,ʎ,0.375,-2.5,127.5
0,38.0,CL-,#_,CAT,b,kl,2.375,-1.125,127.5
0,38.0,CL-,#_,BR POR,b,ʃ,1.0,-1.25,255.0
0,38.0,CL-,#_,AMR ESP,b,ɟ͡ʝ,1.5,-2.5,127.5
0,38.0,CL-,#_,AND ESP,b,ɟ͡ʝ,1.5,-2.5,127.5
0,38.0,CL-,#_,ARG,b,kl(kȴ),2.375,-1.21875,127.5
0,38.0,CL-,#_,FUR,b,kl,2.375,-1.125,127.5
0,38.0,CL-,#_,ARP,b,kl~ȶj,2.2708333333333335,-1.0625,127.5
0,38.0,CL-,#_,ASL,b,ȴ[ʎ̟](ʈ͡ʂ),0.75,-1.7083333333333333,170.0
0,38.0,CL-,#_,BAL,b,kʟ,2.375,-3.0,127.5
0,38.0,CL-,#_,ARO,b,kʎ,2.375,-2.5,127.5
0,38.0,CL-,#_,CPN SRD,b,kɾ,2.5,-1.125,127.5
0,38.0,CL-,#_,EU FRA,b,kl,2.375,-1.125,127.5
0,38.0,CL-,#_,EU FRA,c,ɡl,2.375,-1.125,0.0
0,38.0,CL-,#_,COR,b,c,2.0,-2.0,255.0
0,38.0,CL-,#_,EU POR,b,ʃ,1.0,-1.25,255.0
0,38.0,CL-,#_,GAS OCC,b,kl,2.375,-1.125,127.5
0,38.0,CL-,#_,GAL,b,t̠͡ʃ,1.5,-1.25,255.0
0,39.0,QU-,ˈ#_a,GAL,b,kw~k,2.0833333333333335,-1.5,191.25
0,39.0,QU-,ˈ#_a,ITA,b,kw,2.1666666666666665,-1.5,127.5
0,39.0,QU-,ˈ#_a,FUR,b,kw,2.1666666666666665,-1.5,127.5
0,39.0,QU-,ˈ#_a,GAS OCC,b,kw,2.1666666666666665,-1.5,127.5
0,39.0,QU-,ˈ#_a,COR,b,kʷ,2.0,-0.5,255.0
0,39.0,QU-,ˈ#_a,CPN SRD,b,kw,2.1666666666666665,-1.5,127.5
0,39.0,QU-,ˈ#_a,CAM,b,kw,2.1666666666666665,-1.5,127.5
0,39.0,QU-,ˈ#_a,CAS ESP,b,kw,2.1666666666666665,-1.5,127.5
0,39.0,QU-,ˈ#_a,CAT,b,kw,2.1666666666666665,-1.5,127.5
0,39.0,QU-,ˈ#_a,BR POR,b,kw,2.1666666666666665,-1.5,127.5
0,39.0,QU-,ˈ#_a,ARO,b,p,2.0,1.5,255.0
0,39.0,QU-,ˈ#_a,ARG,b,kw,2.1666666666666665,-1.5,127.5
0,39.0,QU-,ˈ#_a,AND ESP,b,kw,2.1666666666666665,-1.5,127.5
0,39.0,QU-,ˈ#_a,AMR ESP,b,kw,2.1666666666666665,-1.5,127.5
0,39.0,QU-,ˈ#_a,QBC FRA,b,k,2.0,-1.5,255.0
0,39.0,QU-,ˈ#_a,VAL,b,kw,2.1666666666666665,-1.5,127.5
0,39.0,QU-,ˈ#_a,SCN,b,kw,2.1666666666666665,-1.5,127.5
0,39.0,QU-,ˈ#_a,EU POR,b,kw,2.1666666666666665,-1.5,127.5
0,39.0,QU-,ˈ#_a,CPN SRD,c,k,2.0,-1.5,255.0
0,39.0,QU-,ˈ#_a,EU FRA,b,k,2.0,-1.5,255.0
0,39.0,QU-,ˈ#_a,ROM,c,k,2.0,-1.5,255.0
0,39.0,QU-,ˈ#_a,WAL,b,kw~k,2.0833333333333335,-1.5,191.25
0,39.0,QU-,ˈ#_a,PGL,b,kw,2.1666666666666665,-1.5,127.5
0,39.0,QU-,ˈ#_a,OCC,b,k,2.0,-1.5,255.0
0,39.0,QU-,ˈ#_a,LOG SRD,c,k,2.0,-1.5,255.0
0,39.0,QU-,ˈ#_a,LOG SRD,b,b,2.0,1.5,127.5
0,39.0,QU-,ˈ#_a,RMH,b,kw,2.1666666666666665,-1.5,127.5
0,39.0,QU-,ˈ#_a,ROM,b,p,2.0,1.5,255.0
0,39.0,QU-,ˈ#_a,VEN,b,kw,2.1666666666666665,-1.5,127.5
0,39.0,QU-,ˈ#_a,ABR,b,kw,2.1666666666666665,-1.5,127.5
0,39.0,QU-,ˈ#_a,BAL,b,kw,2.1666666666666665,-1.5,127.5
0,39.0,QU-,ˈ#_a,ARP,b,k,2.0,-1.5,255.0
0,39.0,QU-,ˈ#_a,ARO,c,k,2.0,-1.5,255.0
0,39.0,QU-,ˈ#_a,ASL,b,kw,2.1666666666666665,-1.5,127.5
0,39.0,QU-,ˈ#_a,LMO,b,kw,2.1666666666666665,-1.5,127.5
0,39.0,QU-,ˈ#_a,LIG,b,kw,2.1666666666666665,-1.5,127.5
0,39.0,QU-,ˈ#_a,LAT,b,kʷ,4.0,-1.0,255.0
0,40.0,QU-,#_aˈ,VAL,b,k,2.0,-1.5,255.0
0,40.0,QU-,#_aˈ,FUR,b,k,2.0,-1.5,255.0
0,40.0,QU-,#_aˈ,SCN,b,kw,2.1666666666666665,-1.5,127.5
0,40.0,QU-,#_aˈ,CPN SRD,b,k,2.0,-1.5,255.0
0,40.0,QU-,#_aˈ,LIG,b,kw,2.1666666666666665,-1.5,127.5
0,40.0,QU-,#_aˈ,FUR,c,kw~k,2.0833333333333335,-1.5,191.25
0,40.0,QU-,#_aˈ,CAS ESP,b,k,2.0,-1.5,255.0
0,40.0,QU-,#_aˈ,EU FRA,b,k,2.0,-1.5,255.0
0,40.0,QU-,#_aˈ,AND ESP,b,k,2.0,-1.5,255.0
0,40.0,QU-,#_aˈ,ARG,b,k,2.0,-1.5,255.0
0,40.0,QU-,#_aˈ,VEN,b,kw,2.1666666666666665,-1.5,127.5
0,40.0,QU-,#_aˈ,VAL,c,kw,2.1666666666666665,-1.5,127.5
0,40.0,QU-,#_aˈ,ASL,b,k,2.0,-1.5,255.0
0,40.0,QU-,#_aˈ,BAL,c,kw,2.1666666666666665,-1.5,127.5
0,40.0,QU-,#_aˈ,EU POR,b,k,2.0,-1.5,255.0
0,40.0,QU-,#_aˈ,BAL,b,k,2.0,-1.5,255.0
0,40.0,QU-,#_aˈ,BR POR,b,k,2.0,-1.5,255.0
0,40.0,QU-,#_aˈ,GAL,b,k,2.0,-1.5,255.0
0,40.0,QU-,#_aˈ,LMO,b,kw,2.1666666666666665,-1.5,127.5
0,40.0,QU-,#_aˈ,CAM,b,kw,2.1666666666666665,-1.5,127.5
0,40.0,QU-,#_aˈ,LOG SRD,b,b,2.0,1.5,127.5
0,40.0,QU-,#_aˈ,COR,b,kʷ,2.0,-0.5,255.0
0,40.0,QU-,#_aˈ,OCC,b,k,2.0,-1.5,255.0
0,40.0,QU-,#_aˈ,WAL,c,kw~k,2.0833333333333335,-1.5,191.25
0,40.0,QU-,#_aˈ,CAT,c,kw,2.1666666666666665,-1.5,127.5
0,40.0,QU-,#_aˈ,LAT,b,kʷ,4.0,-1.0,255.0
0,40.0,QU-,#_aˈ,GAS OCC,b,k,2.0,-1.5,255.0
0,40.0,QU-,#_aˈ,ITA,b,kw,2.1666666666666665,-1.5,127.5
0,40.0,QU-,#_aˈ,RMH,b,kw~k,2.0833333333333335,-1.5,191.25
0,40.0,QU-,#_aˈ,ROM,b,p,2.0,1.5,255.0
0,40.0,QU-,#_aˈ,AMR ESP,b,k,2.0,-1.5,255.0
0,40.0,QU-,#_aˈ,ABR,b,kw,2.1666666666666665,-1.5,127.5
0,40.0,QU-,#_aˈ,ARP,b,k,2.0,-1.5,255.0
0,40.0,QU-,#_aˈ,QBC FRA,b,k,2.0,-1.5,255.0
0,40.0,QU-,#_aˈ,PGL,b,kw,2.1666666666666665,-1.5,127.5
0,40.0,QU-,#_aˈ,CAT,b,k,2.0,-1.5,255.0
0,40.0,QU-,#_aˈ,ARO,b,p,2.0,1.5,255.0
0,40.0,QU-,#_aˈ,WAL,b,k,2.0,-1.5,255.0
0,41.0,QU-,#_O,AMR ESP,b,k,2.0,-1.5,255.0
0,41.0,QU-,#_O,ARP,b,k,2.0,-1.5,255.0
0,41.0,QU-,#_O,COR,b,k,2.0,-1.5,255.0
0,41.0,QU-,#_O,ABR,b,k,2.0,-1.5,255.0
0,41.0,QU-,#_O,CAS ESP,b,k,2.0,-1.5,255.0
0,41.0,QU-,#_O,CAT,b,k,2.0,-1.5,255.0
0,41.0,QU-,#_O,BAL,b,k,2.0,-1.5,255.0
0,41.0,QU-,#_O,BR POR,b,k,2.0,-1.5,255.0
0,41.0,QU-,#_O,ASL,b,k,2.0,-1.5,255.0
0,41.0,QU-,#_O,CAM,b,k,2.0,-1.5,255.0
0,41.0,QU-,#_O,GAL,b,k,2.0,-1.5,255.0
0,41.0,QU-,#_O,ARO,b,k,2.0,-1.5,255.0
0,41.0,QU-,#_O,ITA,b,k,2.0,-1.5,255.0
0,41.0,QU-,#_O,GAS OCC,b,k,2.0,-1.5,255.0
0,41.0,QU-,#_O,EU POR,b,k,2.0,-1.5,255.0
0,41.0,QU-,#_O,FUR,b,k,2.0,-1.5,255.0
0,41.0,QU-,#_O,EU FRA,b,k,2.0,-1.5,255.0
0,41.0,QU-,#_O,CPN SRD,b,k,2.0,-1.5,255.0
0,41.0,QU-,#_O,LIG,b,k,2.0,-1.5,255.0
0,41.0,QU-,#_O,OCC,b,k,2.0,-1.5,255.0
0,41.0,QU-,#_O,ROM,b,k,2.0,-1.5,255.0
0,41.0,QU-,#_O,SCN,b,k,2.0,-1.5,255.0
0,41.0,QU-,#_O,LMO,b,k,2.0,-1.5,255.0
0,41.0,QU-,#_O,LOG SRD,b,k,2.0,-1.5,255.0
0,41.0,QU-,#_O,AND ESP,b,k,2.0,-1.5,255.0
0,41.0,QU-,#_O,ARG,b,k,2.0,-1.5,255.0
0,41.0,QU-,#_O,LAT,b,kʷ,4.0,-1.0,255.0
0,41.0,QU-,#_O,WAL,b,k,2.0,-1.5,255.0
0,41.0,QU-,#_O,VEN,b,k,2.0,-1.5,255.0
0,41.0,QU-,#_O,VAL,b,k,2.0,-1.5,255.0
0,41.0,QU-,#_O,PGL,b,k,2.0,-1.5,255.0
0,41.0,QU-,#_O,QBC FRA,b,k,2.0,-1.5,255.0
0,41.0,QU-,#_O,RMH,b,k,2.0,-1.5,255.0
0,42.0,QU-,#_E,LAT,b,kʷ,4.0,-1.0,255.0
0,42.0,QU-,#_E,LIG,b,k,2.0,-1.5,255.0
0,42.0,QU-,#_E,LIG,c,kw,2.1666666666666665,-1.5,127.5
0,42.0,QU-,#_E,LMO,b,k,2.0,-1.5,255.0
0,42.0,QU-,#_E,LMO,c,kw,2.1666666666666665,-1.5,127.5
0,42.0,QU-,#_E,LOG SRD,b,k,2.0,-1.5,255.0
0,42.0,QU-,#_E,LOG SRD,c,b,2.0,1.5,127.5
0,42.0,QU-,#_E,OCC,b,k,2.0,-1.5,255.0
0,42.0,QU-,#_E,VAL,b,k,2.0,-1.5,255.0
0,42.0,QU-,#_E,ITA,c,kw,2.1666666666666665,-1.5,127.5
0,42.0,QU-,#_E,BR POR,b,k,2.0,-1.5,255.0
0,42.0,QU-,#_E,CAM,b,k,2.0,-1.5,255.0
0,42.0,QU-,#_E,CAM,c,kw,2.1666666666666665,-1.5,127.5
0,42.0,QU-,#_E,VEN,c,kw,2.1666666666666665,-1.5,127.5
0,42.0,QU-,#_E,VEN,b,k,2.0,-1.5,255.0
0,42.0,QU-,#_E,GAS OCC,b,k,2.0,-1.5,255.0
0,42.0,QU-,#_E,ASL,b,k,2.0,-1.5,255.0
0,42.0,QU-,#_E,BAL,b,k~c,2.0,-1.25,255.0
0,42.0,QU-,#_E,CPN SRD,c,kw,2.1666666666666665,-1.5,127.5
0,42.0,QU-,#_E,EU FRA,b,k,2.0,-1.5,255.0
0,42.0,QU-,#_E,EU POR,b,k,2.0,-1.5,255.0
0,42.0,QU-,#_E,CAT,b,k,2.0,-1.5,255.0
0,42.0,QU-,#_E,CAS ESP,b,k,2.0,-1.5,255.0
0,42.0,QU-,#_E,COR,b,k,2.0,-1.5,255.0
0,42.0,QU-,#_E,ARO,b,t͡s̪,1.5,0.6666666666666666,255.0
0,42.0,QU-,#_E,ARG,b,k,2.0,-1.5,255.0
0,42.0,QU-,#_E,ARP,b,k,2.0,-1.5,255.0
0,42.0,QU-,#_E,AND ESP,b,k,2.0,-1.5,255.0
0,42.0,QU-,#_E,AMR ESP,b,k,2.0,-1.5,255.0
0,42.0,QU-,#_E,ABR,b,kw,2.1666666666666665,-1.5,127.5
0,42.0,QU-,#_E,CPN SRD,b,k,2.0,-1.5,255.0
0,42.0,QU-,#_E,COR,c,kw,2.1666666666666665,-1.5,127.5
0,42.0,QU-,#_E,ITA,b,k,2.0,-1.5,255.0
0,42.0,QU-,#_E,FUR,b,kw,2.1666666666666665,-1.5,127.5
0,42.0,QU-,#_E,GAL,b,k,2.0,-1.5,255.0
0,42.0,QU-,#_E,SCN,b,kw~k,2.0833333333333335,-1.5,191.25
0,42.0,QU-,#_E,SCN,c,kw,2.1666666666666665,-1.5,127.5
0,42.0,QU-,#_E,PGL,b,kw,2.1666666666666665,-1.5,127.5
0,42.0,QU-,#_E,QBC FRA,b,k,2.0,-1.5,255.0
0,42.0,QU-,#_E,WAL,b,kw~k,2.0833333333333335,-1.5,191.25
0,42.0,QU-,#_E,RMH,b,c~t̠͡ʃ,1.75,-0.625,255.0
0,42.0,QU-,#_E,RMH,c,kw,2.1666666666666665,-1.5,127.5
0,42.0,QU-,#_E,ROM,b,t̠͡ʃ,1.5,-0.25,255.0
0,43.0,GL-,#_,EU POR,b,ɫ̪,0.375,-2.0833333333333335,127.5
0,43.0,GL-,#_,CPN SRD,c,l,0.375,-1.125,127.5
0,43.0,GL-,#_,ARP,b,ɡl~j,1.2708333333333333,-1.8125,63.75
0,43.0,GL-,#_,EU FRA,b,ɡl,2.375,-1.125,0.0
0,43.0,GL-,#_,EU FRA,c,l,0.375,-1.125,127.5
0,43.0,GL-,#_,QBC FRA,b,ɡl,2.375,-1.125,0.0
0,43.0,GL-,#_,QBC FRA,c,l,0.375,-1.125,127.5
0,43.0,GL-,#_,RMH,b,ɡl,2.375,-1.125,0.0
0,43.0,GL-,#_,ROM,b,ɡj~ɟ,2.0833333333333335,-2.25,63.75
0,43.0,GL-,#_,SCN,b,ɟȴ[ʎ̟]~j,1.2708333333333333,-1.5,63.75
0,43.0,GL-,#_,VAL,b,ɡɫ,2.375,-2.3125,0.0
0,43.0,GL-,#_,VEN,b,d̠͡ʒ,1.5,-1.25,127.5
0,43.0,GL-,#_,ITA,b,ɡj,2.1666666666666665,-2.5,0.0
0,43.0,GL-,#_,COR,b,ɟ,2.0,-2.0,127.5
0,43.0,GL-,#_,WAL,b,ɡl,2.375,-1.125,0.0
0,43.0,GL-,#_,LIG,b,d̠͡ʒ,1.5,-1.25,127.5
0,43.0,GL-,#_,LMO,b,d̠͡ʒ,1.5,-1.25,127.5
0,43.0,GL-,#_,LOG SRD,b,ɡɾ,2.5,-1.125,0.0
0,43.0,GL-,#_,LOG SRD,c,l,0.375,-1.125,127.5
0,43.0,GL-,#_,OCC,b,ɡl,2.375,-1.125,0.0
0,43.0,GL-,#_,CPN SRD,b,d̠͡ʒ,1.5,-1.25,127.5
0,43.0,GL-,#_,BAL,b,ɡʟ,2.375,-3.0,0.0
0,43.0,GL-,#_,GAL,b,l,0.375,-1.125,127.5
0,43.0,GL-,#_,FUR,b,ɡl,2.375,-1.125,0.0
0,43.0,GL-,#_,ABR,b,ȴ[ʎ̟]~j,0.2708333333333333,-2.0,127.5
0,43.0,GL-,#_,AND ESP,b,l,0.375,-1.125,127.5
0,43.0,GL-,#_,AMR ESP,b,l,0.375,-1.125,127.5
0,43.0,GL-,#_,ARO,b,ɡʎ,2.375,-2.5,0.0
0,43.0,GL-,#_,ARG,b,ɡl(ɡȴ),2.375,-1.21875,0.0
0,43.0,GL-,#_,LAT,b,ɡɫ̪,2.375,-2.0833333333333335,0.0
0,43.0,GL-,#_,LAT,c,ɡl̪ʲ,2.375,-1.5833333333333333,0.0
0,43.0,GL-,#_,PGL,b,ɟ,2.0,-2.0,127.5
0,43.0,GL-,#_,CAS ESP,b,l,0.375,-1.125,127.5
0,43.0,GL-,#_,ASL,b,ȴ[ʎ̟](ʈ͡ʂ),0.75,-1.7083333333333333,170.0
0,43.0,GL-,#_,CAM,b,ȴ[ʎ̟]~j,0.2708333333333333,-2.0,127.5
0,43.0,GL-,#_,CAT,b,ɡl,2.375,-1.125,0.0
0,43.0,GL-,#_,BR POR,b,l,0.375,-1.125,127.5
0,43.0,GL-,#_,GAS OCC,b,ɡl,2.375,-1.125,0.0
0,44.0,FR-,#_,ABR,b,fɾ,1.5,1.625,127.5
0,44.0,FR-,#_,ARO,b,fɾ̪,1.5,2.0833333333333335,127.5
0,44.0,FR-,#_,ARG,b,fɾ,1.5,1.625,127.5
0,44.0,FR-,#_,AMR ESP,b,fɾ,1.5,1.625,127.5
0,44.0,FR-,#_,ARP,b,fɾ(fʀ),1.5416666666666665,0.8333333333333333,127.5
0,44.0,FR-,#_,COR,b,fɾ,1.5,1.625,127.5
0,44.0,FR-,#_,CPN SRD,b,fɾ,1.5,1.625,127.5
0,44.0,FR-,#_,EU FRA,b,fʁ(fʀ),1.875,-0.75,127.5
0,44.0,FR-,#_,AND ESP,b,fɾ,1.5,1.625,127.5
0,44.0,FR-,#_,ASL,b,fɾ,1.5,1.625,127.5
0,44.0,FR-,#_,QBC FRA,b,fʁ(fʀ),1.875,-0.75,127.5
0,44.0,FR-,#_,RMH,b,fɾ,1.5,1.625,127.5
0,44.0,FR-,#_,ROM,b,fɾ̪,1.5,2.0833333333333335,127.5
0,44.0,FR-,#_,WAL,b,fʀ,1.625,-0.75,127.5
0,44.0,FR-,#_,VEN,b,fɾ,1.5,1.625,127.5
0,44.0,FR-,#_,EU POR,b,fɾ,1.5,1.625,127.5
0,44.0,FR-,#_,FUR,b,fɾ,1.5,1.625,127.5
0,44.0,FR-,#_,GAL,b,fɾ,1.5,1.625,127.5
0,44.0,FR-,#_,GAS OCC,b,fɾ,1.5,1.625,127.5
0,44.0,FR-,#_,ITA,b,fɾ,1.5,1.625,127.5
0,44.0,FR-,#_,LAT,b,ɸɾ~fɾ,1.5,1.75,127.5
0,44.0,FR-,#_,VAL,b,fɾ,1.5,1.625,127.5
0,44.0,FR-,#_,SCN,b,fɾ,1.5,1.625,127.5
0,44.0,FR-,#_,LOG SRD,b,fɾ,1.5,1.625,127.5
0,44.0,FR-,#_,OCC,b,fɾ(fʀ),1.5416666666666665,0.8333333333333333,127.5
0,44.0,FR-,#_,PGL,b,fɾ,1.5,1.625,127.5
0,44.0,FR-,#_,CAT,b,fɾ,1.5,1.625,127.5
0,44.0,FR-,#_,CAS ESP,b,fɾ,1.5,1.625,127.5
0,44.0,FR-,#_,CAM,b,fɾ,1.5,1.625,127.5
0,44.0,FR-,#_,BR POR,b,fɾ,1.5,1.625,127.5
0,44.0,FR-,#_,BAL,b,fɾ,1.5,1.625,127.5
0,44.0,FR-,#_,LMO,b,fɾ,1.5,1.625,127.5
0,44.0,FR-,#_,LIG,b,fɾ,1.5,1.625,127.5
0,45.0,FL-,#_,LMO,b,fj,1.1666666666666667,0.25,127.5
0,45.0,FL-,#_,LAT,b,ɸɫ̪~fɫ̪,1.375,0.7916666666666666,127.5
0,45.0,FL-,#_,ITA,b,fj,1.1666666666666667,0.25,127.5
0,45.0,FL-,#_,GAS OCC,b,fl,1.375,1.625,127.5
0,45.0,FL-,#_,GAL,c,t̠͡ʃ,1.5,-1.25,255.0
0,45.0,FL-,#_,GAL,b,fɾ,1.5,1.625,127.5
0,45.0,FL-,#_,CAT,b,fl,1.375,1.625,127.5
0,45.0,FL-,#_,LIG,b,ʃ,1.0,-1.25,255.0
0,45.0,FL-,#_,LAT,c,ɸl̪ʲ~fl̪ʲ,1.375,1.2916666666666667,127.5
0,45.0,FL-,#_,PGL,b,fj,1.1666666666666667,0.25,127.5
0,45.0,FL-,#_,ROM,b,fl,1.375,1.625,127.5
0,45.0,FL-,#_,WAL,b,fl,1.375,1.625,127.5
0,45.0,FL-,#_,OCC,b,fl,1.375,1.625,127.5
0,45.0,FL-,#_,RMH,b,fl,1.375,1.625,127.5
0,45.0,FL-,#_,CPN SRD,b,fɾ,1.5,1.625,127.5
0,45.0,FL-,#_,VEN,b,fj,1.1666666666666667,0.25,127.5
0,45.0,FL-,#_,COR,b,fj,1.1666666666666667,0.25,127.5
0,45.0,FL-,#_,CAS ESP,c,ʎ,0.375,0.25,127.5
0,45.0,FL-,#_,EU POR,b,ʃ,1.0,-1.25,255.0
0,45.0,FL-,#_,EU FRA,b,fl,1.375,1.625,127.5
0,45.0,FL-,#_,EU POR,c,fɾ,1.5,1.625,127.5
0,45.0,FL-,#_,ARG,b,fl(fȴ),1.375,1.53125,127.5
0,45.0,FL-,#_,AMR ESP,c,fl,1.375,1.625,127.5
0,45.0,FL-,#_,AND ESP,b,fl,1.375,1.625,127.5
0,45.0,FL-,#_,ABR,b,fj,1.1666666666666667,0.25,127.5
0,45.0,FL-,#_,AMR ESP,b,ɟ͡ʝ,1.5,0.25,127.5
0,45.0,FL-,#_,AND ESP,c,ɟ͡ʝ,1.5,0.25,127.5
0,45.0,FL-,#_,CAM,b,ʃ,1.0,-1.25,255.0
0,45.0,FL-,#_,ARO,b,fl,1.375,1.625,127.5
0,45.0,FL-,#_,ARP,b,fl(çȴ~j),1.3333333333333333,0.20833333333333331,127.5
0,45.0,FL-,#_,FUR,b,fl,1.375,1.625,127.5
0,45.0,FL-,#_,VAL,b,fɫ,1.375,0.4375,127.5
0,45.0,FL-,#_,ASL,b,ȴ[ʎ̟](ʈ͡ʂ),0.75,1.0416666666666667,170.0
0,45.0,FL-,#_,LOG SRD,b,fɾ,1.5,1.625,127.5
0,45.0,FL-,#_,SCN,b,ç~ʃ,1.0,-1.5,255.0
0,45.0,FL-,#_,QBC FRA,b,fl,1.375,1.625,127.5
0,45.0,FL-,#_,BR POR,c,fɾ,1.5,1.625,127.5
0,45.0,FL-,#_,BR POR,b,ʃ,1.0,-1.25,255.0
0,45.0,FL-,#_,CAS ESP,b,fl,1.375,1.625,127.5
0,45.0,FL-,#_,BAL,b,fʟ,1.375,-0.25,127.5
0,53.0,-P-,V_V,CAS ESP,1.0,β̞,0.5,3.0,0.0
0,53.0,-P-,V_V,BR POR,1.0,b,4.0,3.0,0.0
0,53.0,-P-,V_V,VAL,1.0,b~β̞,2.25,3.0,0.0
0,53.0,-P-,V_V,ARO,1.0,p,4.0,3.0,255.0
0,53.0,-P-,V_V,ROM,1.0,p,4.0,3.0,255.0
0,53.0,-P-,V_V,QBC FRA,1.0,v,2.0,2.5,0.0
0,53.0,-P-,V_V,EU FRA,1.0,v,2.0,2.5,0.0
0,53.0,-P-,V_V,EU POR,1.0,β,2.0,3.0,0.0
0,53.0,-P-,V_V,CAT,1.0,β~β̞,1.25,3.0,0.0
0,53.0,-P-,V_V,ARG,1.0,β̞,0.5,3.0,0.0
0,53.0,-P-,V_V,AMR ESP,1.0,β̞,0.5,3.0,0.0
0,53.0,-P-,V_V,AND ESP,1.0,β̞,0.5,3.0,0.0
0,53.0,-P-,V_V,BAL,1.0,b~β,3.0,3.0,0.0
0,53.0,-P-,V_V,ASL,1.0,β̞,0.5,3.0,0.0
0,53.0,-P-,V_V,GAS OCC,1.0,β,2.0,3.0,0.0
0,53.0,-P-,V_V,OCC,1.0,b~β,3.0,3.0,0.0
0,53.0,-P-,V_V,LAT,1.0,p,4.0,3.0,255.0
0,53.0,-P-,V_V,ITA,1.0,p,4.0,3.0,255.0
0,53.0,-P-,V_V,GAL,1.0,β̞,0.5,3.0,0.0
0,54.0,-B-,V_V,GAS OCC,1.0,w,0.3333333333333333,0.0,0.0
0,54.0,-B-,V_V,GAL,1.0,β̞,0.5,3.0,0.0
0,54.0,-B-,V_V,LAT,1.0,b~β,3.0,3.0,0.0
0,54.0,-B-,V_V,ITA,1.0,v,2.0,2.5,0.0
0,54.0,-B-,V_V,QBC FRA,1.0,v,2.0,2.5,0.0
0,54.0,-B-,V_V,OCC,1.0,b~β,3.0,3.0,0.0
0,54.0,-B-,V_V,BAL,1.0,v,2.0,2.5,0.0
0,54.0,-B-,V_V,ASL,1.0,β̞,0.5,3.0,0.0
0,54.0,-B-,V_V,CAS ESP,1.0,β̞,0.5,3.0,0.0
0,54.0,-B-,V_V,BR POR,1.0,v,2.0,2.5,0.0
0,54.0,-B-,V_V,AMR ESP,1.0,β̞,0.5,3.0,0.0
0,54.0,-B-,V_V,CAT,1.0,β~β̞,1.25,3.0,0.0
0,54.0,-B-,V_V,ROM,1.0,v~∅,1.0,2.5,127.5
0,54.0,-B-,V_V,VAL,1.0,v~β̞,1.25,2.75,0.0
0,54.0,-B-,V_V,EU FRA,1.0,v,2.0,2.5,0.0
0,54.0,-B-,V_V,EU POR,1.0,v,2.0,2.5,0.0
0,54.0,-B-,V_V,AND ESP,1.0,β̞,0.5,3.0,0.0
0,54.0,-B-,V_V,ARG,1.0,β̞,0.5,3.0,0.0
0,55.0,-T-,V_E,AMR ESP,1.0,ð̞,0.5,1.8333333333333333,0.0
0,55.0,-T-,V_E,AND ESP,1.0,ð̞,0.5,1.8333333333333333,0.0
0,55.0,-T-,V_E,ASL,1.0,ð̞,0.5,1.8333333333333333,0.0
0,55.0,-T-,V_E,ARO,2.0,t͡s̪,3.0,1.3333333333333333,255.0
0,55.0,-T-,V_E,GAL,1.0,ð̞,0.5,1.8333333333333333,0.0
0,55.0,-T-,V_E,EU POR,1.0,ð,2.0,2.0,0.0
0,55.0,-T-,V_E,BR POR,1.0,d̪,4.0,1.6666666666666667,0.0
0,55.0,-T-,V_E,BAL,1.0,d̪~ð,3.0,1.8333333333333333,0.0
0,55.0,-T-,V_E,VAL,1.0,d̪~ð̞,2.25,1.75,0.0
0,55.0,-T-,V_E,ROM,2.0,t͡s̪,3.0,1.3333333333333333,255.0
0,55.0,-T-,V_E,ROM,1.0,t̪,4.0,1.6666666666666667,255.0
0,55.0,-T-,V_E,QBC FRA,1.0,∅,0.0,1.8333333333333333,255.0
0,55.0,-T-,V_E,OCC,1.0,d̪~ð,3.0,1.8333333333333333,0.0
0,55.0,-T-,V_E,LAT,1.0,t̪,4.0,1.6666666666666667,255.0
0,55.0,-T-,V_E,ARO,1.0,t̪,4.0,1.6666666666666667,255.0
0,55.0,-T-,V_E,ARG,1.0,ð~ð̞,1.25,1.9166666666666663,0.0
0,55.0,-T-,V_E,BR POR,2.0,d̠͡ʒ,3.0,-0.5,0.0
0,55.0,-T-,V_E,CAS ESP,1.0,ð̞,0.5,1.8333333333333333,0.0
0,55.0,-T-,V_E,EU FRA,1.0,∅,0.0,1.8333333333333333,255.0
0,55.0,-T-,V_E,CAT,1.0,ð~ð̞,1.25,1.9166666666666663,0.0
0,55.0,-T-,V_E,GAS OCC,1.0,ð,2.0,2.0,0.0
0,55.0,-T-,V_E,ITA,1.0,t̪,4.0,1.6666666666666667,255.0
0,56.0,-T-,"V_{a,O}",GAS OCC,1.0,ð,2.0,2.0,0.0
0,56.0,-T-,"V_{a,O}",GAL,1.0,ð̞,0.5,1.8333333333333333,0.0
0,56.0,-T-,"V_{a,O}",ARG,1.0,ð~ð̞,1.25,1.9166666666666663,0.0
0,56.0,-T-,"V_{a,O}",ASL,1.0,ð̞,0.5,1.8333333333333333,0.0
0,56.0,-T-,"V_{a,O}",BAL,1.0,d̪~ð,3.0,1.8333333333333333,0.0
0,56.0,-T-,"V_{a,O}",BR POR,1.0,d̪,4.0,1.6666666666666667,0.0
0,56.0,-T-,"V_{a,O}",CAS ESP,1.0,ð̞,0.5,1.8333333333333333,0.0
0,56.0,-T-,"V_{a,O}",CAT,1.0,ð~ð̞,1.25,1.9166666666666663,0.0
0,56.0,-T-,"V_{a,O}",AND ESP,1.0,ð̞,0.5,1.8333333333333333,0.0
0,56.0,-T-,"V_{a,O}",AMR ESP,1.0,ð̞,0.5,1.8333333333333333,0.0
0,56.0,-T-,"V_{a,O}",QBC FRA,1.0,∅,0.0,1.8333333333333333,255.0
0,56.0,-T-,"V_{a,O}",OCC,1.0,d̪~ð,3.0,1.8333333333333333,0.0
0,56.0,-T-,"V_{a,O}",LAT,1.0,t̪,4.0,1.6666666666666667,255.0
0,56.0,-T-,"V_{a,O}",ITA,1.0,t̪,4.0,1.6666666666666667,255.0
0,56.0,-T-,"V_{a,O}",VAL,1.0,d̪~ð̞,2.25,1.75,0.0
0,56.0,-T-,"V_{a,O}",ROM,1.0,t̪,4.0,1.6666666666666667,255.0
0,56.0,-T-,"V_{a,O}",EU POR,1.0,ð,2.0,2.0,0.0
0,56.0,-T-,"V_{a,O}",EU FRA,1.0,∅,0.0,1.8333333333333333,255.0
0,57.0,-D-,V_E,ARO,2.0,d͡z̪,3.0,1.3333333333333333,0.0
0,57.0,-D-,V_E,ARG,1.0,ʝ~∅,-1.0,-2.0,127.5
0,57.0,-D-,V_E,BAL,1.0,j~∅,0.1666666666666666,-2.0,127.5
0,57.0,-D-,V_E,ASL,1.0,ʝ~∅,-1.0,-2.0,127.5
0,57.0,-D-,V_E,AMR ESP,1.0,∅,0.0,1.8333333333333333,255.0
0,57.0,-D-,V_E,AND ESP,1.0,∅,0.0,1.8333333333333333,255.0
0,57.0,-D-,V_E,ROM,1.0,d̪,4.0,1.6666666666666667,0.0
0,57.0,-D-,V_E,QBC FRA,1.0,∅,0.0,1.8333333333333333,255.0
0,57.0,-D-,V_E,ROM,2.0,z̪,2.0,1.3333333333333333,0.0
0,57.0,-D-,V_E,VAL,1.0,j~∅,0.1666666666666666,-2.0,127.5
0,57.0,-D-,V_E,GAL,1.0,∅,0.0,1.8333333333333333,255.0
0,57.0,-D-,V_E,EU POR,1.0,∅,0.0,1.8333333333333333,255.0
0,57.0,-D-,V_E,LAT,1.0,d̪,4.0,1.6666666666666667,0.0
0,57.0,-D-,V_E,ITA,1.0,d̪,4.0,1.6666666666666667,0.0
0,57.0,-D-,V_E,CAS ESP,1.0,∅,0.0,1.8333333333333333,255.0
0,57.0,-D-,V_E,BR POR,1.0,∅,0.0,1.8333333333333333,255.0
0,57.0,-D-,V_E,CAT,1.0,j~∅,0.1666666666666666,-2.0,127.5
0,57.0,-D-,V_E,EU FRA,1.0,∅,0.0,1.8333333333333333,255.0
0,58.0,-D-,"V_{a,O}",CAT,1.0,∅,0.0,1.1666666666666663,255.0
0,58.0,-D-,"V_{a,O}",CAS ESP,3.0,ð̞,0.5,1.8333333333333333,0.0
0,58.0,-D-,"V_{a,O}",GAL,1.0,∅,0.0,1.8333333333333333,255.0
0,58.0,-D-,"V_{a,O}",GAL,2.0,∅,0.0,1.8333333333333333,0.0
0,58.0,-D-,"V_{a,O}",BR POR,3.0,l,0.75,0.75,0.0
0,58.0,-D-,"V_{a,O}",BR POR,2.0,j,0.3333333333333333,-2.0,0.0
0,58.0,-D-,"V_{a,O}",QBC FRA,1.0,∅,0.0,1.8333333333333333,255.0
0,58.0,-D-,"V_{a,O}",LAT,1.0,d̪,4.0,1.6666666666666667,0.0
0,58.0,-D-,"V_{a,O}",ITA,1.0,d̪,4.0,1.6666666666666667,0.0
0,58.0,-D-,"V_{a,O}",GAL,3.0,l,0.75,0.75,0.0
0,58.0,-D-,"V_{a,O}",EU POR,2.0,j,0.3333333333333333,-2.0,0.0
0,58.0,-D-,"V_{a,O}",EU POR,3.0,ɫ̪,0.75,-1.1666666666666667,0.0
0,58.0,-D-,"V_{a,O}",CAS ESP,1.0,ð̞~∅,0.25,1.8333333333333333,127.5
0,58.0,-D-,"V_{a,O}",CAS ESP,2.0,l,0.75,0.75,0.0
0,58.0,-D-,"V_{a,O}",ARG,1.0,ð~ð̞,1.25,1.9166666666666663,0.0
0,58.0,-D-,"V_{a,O}",ASL,1.0,∅,0.0,1.8333333333333333,255.0
0,58.0,-D-,"V_{a,O}",ASL,3.0,ð̞,0.5,1.8333333333333333,0.0
0,58.0,-D-,"V_{a,O}",ASL,2.0,l,0.75,0.75,0.0
0,58.0,-D-,"V_{a,O}",BR POR,1.0,∅,0.0,1.8333333333333333,0.0
0,58.0,-D-,"V_{a,O}",BAL,1.0,∅,0.0,1.1666666666666663,255.0
0,58.0,-D-,"V_{a,O}",AND ESP,3.0,ð̞,0.5,1.8333333333333333,0.0
0,58.0,-D-,"V_{a,O}",AND ESP,2.0,l,0.75,0.75,0.0
0,58.0,-D-,"V_{a,O}",EU POR,1.0,∅,0.0,1.8333333333333333,0.0
0,58.0,-D-,"V_{a,O}",EU FRA,1.0,∅,0.0,1.8333333333333333,255.0
0,58.0,-D-,"V_{a,O}",AMR ESP,2.0,ð̞~∅,0.25,1.8333333333333333,127.5
0,58.0,-D-,"V_{a,O}",AMR ESP,1.0,ð̞,0.5,1.8333333333333333,0.0
0,58.0,-D-,"V_{a,O}",AND ESP,1.0,ð̞~∅,0.25,1.8333333333333333,127.5
0,58.0,-D-,"V_{a,O}",AMR ESP,3.0,l,0.75,0.75,0.0
0,58.0,-D-,"V_{a,O}",ROM,1.0,d̪,4.0,1.6666666666666667,0.0
0,58.0,-D-,"V_{a,O}",VAL,1.0,∅,0.0,1.1666666666666663,255.0
0,59.0,-C-,V_E,AND ESP,1.0,s̟,2.0,1.6666666666666667,255.0
0,59.0,-C-,V_E,ARG,1.0,θ,2.0,2.0,255.0
0,59.0,-C-,V_E,ASL,1.0,θ,2.0,2.0,255.0
0,59.0,-C-,V_E,BAL,1.0,∅,0.0,1.1666666666666663,255.0
0,59.0,-C-,V_E,BR POR,1.0,z,2.0,1.0,0.0
0,59.0,-C-,V_E,EU POR,1.0,z(z̪),2.0,1.0833333333333333,0.0
0,59.0,-C-,V_E,GAL,1.0,θ(s),2.0,1.6666666666666667,255.0
0,59.0,-C-,V_E,ITA,1.0,t̠͡ʃ,3.0,-0.5,255.0
0,59.0,-C-,V_E,LAT,1.0,k,4.0,-3.0,255.0
0,59.0,-C-,V_E,QBC FRA,1.0,z̪,2.0,1.3333333333333333,0.0
0,59.0,-C-,V_E,AMR ESP,1.0,s,2.0,1.0,255.0
0,59.0,-C-,V_O,AND ESP,1.0,ɣ̞,0.5,-3.0,0.0
0,59.0,-C-,V_O,ARG,1.0,ɣ~ɣ̞,1.25,-3.0,0.0
0,59.0,-C-,V_O,ASL,1.0,ɣ̞,0.5,-3.0,0.0
0,59.0,-C-,V_O,BAL,1.0,ɡ~ɣ,3.0,-3.0,0.0
0,59.0,-C-,V_O,BR POR,1.0,ɡ,4.0,-3.0,0.0
0,59.0,-C-,V_E,CAS ESP,1.0,θ,2.0,2.0,255.0
0,59.0,-C-,V_E,CAT,1.0,∅,0.0,1.1666666666666663,255.0
0,59.0,-C-,V_E,EU FRA,1.0,z̪,2.0,1.3333333333333333,0.0
0,59.0,-C-,V_O,VAL,1.0,ɡ~ɣ̞,2.25,-3.0,0.0
0,59.0,-C-,V_O,QBC FRA,1.0,∅,0.0,-3.0,255.0
0,59.0,-C-,V_O,ROM,1.0,k,4.0,-3.0,255.0
0,59.0,-C-,V_O,OCC,1.0,ɡ~ɣ,3.0,-3.0,0.0
0,59.0,-C-,V_O,GAL,1.0,ɣ̞(ħ),1.0,-3.6666666666666665,85.0
0,59.0,-C-,V_O,CAS ESP,1.0,ɣ̞,0.5,-3.0,0.0
0,59.0,-C-,V_O,CAT,1.0,ɣ~ɣ̞,1.25,-3.0,0.0
0,59.0,-C-,V_O,EU FRA,1.0,∅,0.0,-3.0,255.0
0,59.0,-C-,V_E,VAL,1.0,∅,0.0,1.1666666666666663,255.0
0,59.0,-C-,V_E,ROM,1.0,t̠͡ʃ,3.0,-0.5,255.0
0,59.0,-C-,V_O,LAT,1.0,k,4.0,-3.0,255.0
0,59.0,-C-,V_O,ITA,1.0,k,4.0,-3.0,255.0
0,59.0,-C-,V_O,GAS OCC,1.0,ɣ,2.0,-3.0,0.0
0,59.0,-C-,V_O,AMR ESP,1.0,ɣ̞,0.5,-3.0,0.0
0,59.0,-C-,V_O,EU POR,1.0,ɣ,2.0,-3.0,0.0
0,61.0,-C-,V_a,ASL,1.0,ɣ̞,0.5,-3.0,0.0
0,61.0,-C-,V_a,GAL,1.0,ɣ̞(ħ),1.0,-3.6666666666666665,85.0
0,61.0,-C-,V_a,ARG,1.0,ɣ~ɣ̞,1.25,-3.0,0.0
0,61.0,-C-,V_a,AND ESP,1.0,ɣ̞,0.5,-3.0,0.0
0,61.0,-C-,V_a,AMR ESP,1.0,ɣ̞,0.5,-3.0,0.0
0,61.0,-C-,V_a,BR POR,1.0,ɡ,4.0,-3.0,0.0
0,61.0,-C-,V_a,EU FRA,1.0,j~∅,0.1666666666666666,-2.0,127.5
0,61.0,-C-,V_a,EU FRA,2.0,∅,0.0,-2.5,255.0
0,61.0,-C-,V_a,EU POR,1.0,ɣ,2.0,-3.0,0.0
0,61.0,-C-,V_a,VAL,1.0,ɡ~ɣ̞,2.25,-3.0,0.0
0,61.0,-C-,V_a,BAL,1.0,ɡ~ɣ,3.0,-3.0,0.0
0,61.0,-C-,V_a,ITA,1.0,k,4.0,-3.0,255.0
0,61.0,-C-,V_a,OCC,1.0,ɡ~ɣ,3.0,-3.0,0.0
0,61.0,-C-,V_a,GAS OCC,1.0,ɣ,2.0,-3.0,0.0
0,61.0,-C-,V_a,QBC FRA,2.0,∅,0.0,-2.5,255.0
0,61.0,-C-,V_a,QBC FRA,1.0,j~∅,0.1666666666666666,-2.0,127.5
0,61.0,-C-,V_a,ROM,1.0,k,4.0,-3.0,255.0
0,61.0,-C-,V_a,LAT,1.0,k,4.0,-3.0,255.0
0,61.0,-C-,V_a,CAS ESP,1.0,ɣ̞,0.5,-3.0,0.0
0,61.0,-C-,V_a,CAT,1.0,ɣ~ɣ̞,1.25,-3.0,0.0
0,62.0,-G-,V_O,QBC FRA,1.0,∅,0.0,-3.0,0.0
0,62.0,-G-,V_O,ROM,1.0,ɡ,4.0,-3.0,0.0
0,62.0,-G-,V_O,EU POR,1.0,ɣ,2.0,-3.0,0.0
0,62.0,-G-,V_O,EU FRA,1.0,∅,0.0,-3.0,0.0
0,62.0,-G-,V_O,VAL,1.0,ɡ~ɣ̞,2.25,-3.0,0.0
0,62.0,-G-,V_O,ARG,1.0,ɣ~ɣ̞,1.25,-3.0,0.0
0,62.0,-G-,V_O,ASL,1.0,ɣ̞,0.5,-3.0,0.0
0,62.0,-G-,V_O,CAT,1.0,ɣ~ɣ̞,1.25,-3.0,0.0
0,62.0,-G-,V_O,AND ESP,1.0,ɣ̞,0.5,-3.0,0.0
0,62.0,-G-,V_O,AMR ESP,1.0,ɣ̞,0.5,-3.0,0.0
0,62.0,-G-,V_O,BR POR,1.0,ɡ,4.0,-3.0,0.0
0,62.0,-G-,V_O,BAL,1.0,ɡ~ɣ,3.0,-3.0,0.0
0,62.0,-G-,V_O,CAS ESP,1.0,ɣ̞,0.5,-3.0,0.0
0,62.0,-G-,V_O,GAL,1.0,ɣ̞(ħ),1.0,-3.6666666666666665,85.0
0,62.0,-G-,V_O,ITA,1.0,ɡ,4.0,-3.0,0.0
0,62.0,-G-,V_O,LAT,1.0,ɡ,4.0,-3.0,0.0
0,63.0,-G-,V_a,CAS ESP,1.0,ɣ̞,0.5,-3.0,0.0
0,63.0,-G-,V_a,BR POR,1.0,ɡ,4.0,-3.0,0.0
0,63.0,-G-,V_a,GAL,1.0,ɣ̞(ħ),1.0,-3.6666666666666665,85.0
0,63.0,-G-,V_a,ITA,1.0,ɡ,4.0,-3.0,0.0
0,63.0,-G-,V_a,LAT,1.0,ɡ,4.0,-3.0,0.0
0,63.0,-G-,V_a,AMR ESP,1.0,ɣ̞,0.5,-3.0,0.0
0,63.0,-G-,V_a,AND ESP,1.0,ɣ̞,0.5,-3.0,0.0
0,63.0,-G-,V_a,BAL,1.0,ɡ~ɣ,3.0,-3.0,0.0
0,63.0,-G-,V_a,ASL,1.0,ɣ̞,0.5,-3.0,0.0
0,63.0,-G-,V_a,ARG,1.0,ɣ~ɣ̞,1.25,-3.0,0.0
0,63.0,-G-,V_a,ROM,1.0,ɡ,4.0,-3.0,0.0
0,63.0,-G-,V_a,VAL,1.0,ɡ~ɣ̞,2.25,-3.0,0.0
0,63.0,-G-,V_a,QBC FRA,1.0,~v,1.0,-0.25,127.5
0,63.0,-G-,V_a,EU POR,1.0,ɣ,2.0,-3.0,0.0
0,63.0,-G-,V_a,EU FRA,1.0,~v,1.0,-0.25,127.5
0,63.0,-G-,V_a,CAT,1.0,ɣ~ɣ̞,1.25,-3.0,0.0
0,64.0,-G-,V_E,ARP,1.0,j~∅,0.1666666666666666,-2.0,127.5
0,64.0,-G-,V_E,ARO,1.0,j~∅,0.1666666666666666,-2.0,127.5
0,64.0,-G-,V_E,AMR ESP,1.0,j~∅,0.1666666666666666,-2.0,127.5
0,64.0,-G-,V_E,ABR,2.0,dd͡z~d̠d̠͡ʒ,3.75,0.25,0.0
0,64.0,-G-,V_E,ABR,1.0,j~∅,0.1666666666666666,-2.0,127.5
0,64.0,-G-,V_E,ARG,2.0,j~∅,0.1666666666666666,-2.0,127.5
0,64.0,-G-,V_E,FUR,1.0,j~∅,0.1666666666666666,-2.0,127.5
0,64.0,-G-,V_E,CAT,2.0,ʒ,2.0,-0.5,0.0
0,64.0,-G-,V_E,CAS ESP,1.0,j~∅,0.1666666666666666,-2.0,127.5
0,64.0,-G-,V_E,CAT,1.0,j~∅,0.1666666666666666,-2.0,127.5
0,64.0,-G-,V_E,GAS OCC,1.0,j~∅,0.1666666666666666,-2.0,127.5
0,64.0,-G-,V_E,FUR,2.0,ɟ~d̠͡ʒ,3.5,-1.25,0.0
0,64.0,-G-,V_E,COR,1.0,j~∅,0.1666666666666666,-2.0,127.5
0,64.0,-G-,V_E,COR,2.0,ɟ,4.0,-2.0,0.0
0,64.0,-G-,V_E,CPN SRD,1.0,j~∅,0.1666666666666666,-2.0,127.5
0,64.0,-G-,V_E,EU FRA,1.0,j~∅,0.1666666666666666,-2.0,127.5
0,64.0,-G-,V_E,EU POR,1.0,j~∅,0.1666666666666666,-2.0,127.5
0,64.0,-G-,V_E,EU POR,2.0,ʒ,2.0,-0.5,0.0
0,64.0,-G-,V_E,ITA,1.0,j~∅,0.1666666666666666,-2.0,127.5
0,64.0,-G-,V_E,GAS OCC,2.0,ʒ,2.0,-0.5,0.0
0,64.0,-G-,V_E,GAL,1.0,ʃ,2.0,-0.5,255.0
0,64.0,-G-,V_E,GAL,2.0,j~∅,0.1666666666666666,-2.0,127.5
0,64.0,-G-,V_E,ITA,2.0,d̠d̠͡ʒ,3.75,-0.5,0.0
0,64.0,-G-,V_E,VAL,2.0,d̠͡ʒ,3.0,-0.5,0.0
0,64.0,-G-,V_E,VAL,1.0,j~∅,0.1666666666666666,-2.0,127.5
0,64.0,-G-,V_E,SCN,2.0,d̠d̠͡ʒ,3.75,-0.5,0.0
0,64.0,-G-,V_E,LMO,1.0,j~∅,0.1666666666666666,-2.0,127.5
0,64.0,-G-,V_E,LIG,2.0,z(d͡z),2.333333333333333,1.0,0.0
0,64.0,-G-,V_E,LIG,1.0,j~∅,0.1666666666666666,-2.0,127.5
0,64.0,-G-,V_E,LMO,2.0,d̠͡ʒ~z,2.5,0.25,0.0
0,64.0,-G-,V_E,LAT,1.0,ɡ,4.0,-3.0,0.0
0,64.0,-G-,V_E,ARO,2.0,d͡z̪,3.0,1.3333333333333333,0.0
0,64.0,-G-,V_E,ASL,1.0,ʃ,2.0,-0.5,255.0
0,64.0,-G-,V_E,ASL,2.0,j~∅,0.1666666666666666,-2.0,127.5
0,64.0,-G-,V_E,BR POR,2.0,ʒ,2.0,-0.5,0.0
0,64.0,-G-,V_E,BAL,1.0,j~∅,0.1666666666666666,-2.0,127.5
0,64.0,-G-,V_E,BAL,2.0,ʒ,2.0,-0.5,0.0
0,64.0,-G-,V_E,BR POR,1.0,j~∅,0.1666666666666666,-2.0,127.5
0,64.0,-G-,V_E,CAM,2.0,dd͡z~d̠d̠͡ʒ,3.75,0.25,0.0
0,64.0,-G-,V_E,CAM,1.0,j~∅,0.1666666666666666,-2.0,127.5
0,64.0,-G-,V_E,ARG,1.0,ʝ,2.0,-2.0,0.0
0,64.0,-G-,V_E,AND ESP,1.0,j~∅,0.1666666666666666,-2.0,127.5
0,64.0,-G-,V_E,WAL,1.0,j~∅,0.1666666666666666,-2.0,127.5
0,64.0,-G-,V_E,PGL,2.0,dd͡z,3.75,1.0,0.0
0,64.0,-G-,V_E,QBC FRA,1.0,j~∅,0.1666666666666666,-2.0,127.5
0,64.0,-G-,V_E,VEN,1.0,j~∅,0.1666666666666666,-2.0,127.5
0,64.0,-G-,V_E,VEN,2.0,z̠~ð,2.0,1.25,255.0
0,64.0,-G-,V_E,LOG SRD,1.0,j~∅,0.1666666666666666,-2.0,127.5
0,64.0,-G-,V_E,OCC,1.0,j~∅,0.1666666666666666,-2.0,127.5
0,64.0,-G-,V_E,OCC,2.0,d̠͡ʒ,3.0,-0.5,0.0
0,64.0,-G-,V_E,PGL,1.0,j~∅,0.1666666666666666,-2.0,127.5
0,64.0,-G-,V_E,ROM,1.0,j~∅,0.1666666666666666,-2.0,127.5
0,64.0,-G-,V_E,ROM,2.0,d̠͡ʒ,3.0,-0.5,0.0
0,64.0,-G-,V_E,RMH,1.0,j~∅,0.1666666666666666,-2.0,127.5
0,64.0,-G-,V_E,RMH,2.0,ɟ~d̠͡ʒ,3.5,-1.25,0.0
0,64.0,-G-,V_E,SCN,1.0,j~∅,0.1666666666666666,-2.0,127.5
0,65.0,-M-,V_V,COR,1.0,m,1.5,3.0,0.0
0,65.0,-M-,V_V,WAL,1.0,m,1.5,3.0,0.0
0,65.0,-M-,V_V,QBC FRA,1.0,m,1.5,3.0,0.0
0,65.0,-M-,V_V,RMH,1.0,m,1.5,3.0,0.0
0,65.0,-M-,V_V,ROM,1.0,m,1.5,3.0,0.0
0,65.0,-M-,V_V,CPN SRD,1.0,m,1.5,3.0,0.0
0,65.0,-M-,V_V,EU FRA,1.0,m,1.5,3.0,0.0
0,65.0,-M-,V_V,CAT,1.0,m,1.5,3.0,0.0
0,65.0,-M-,V_V,FUR,1.0,m,1.5,3.0,0.0
0,65.0,-M-,V_V,GAL,1.0,m,1.5,3.0,0.0
0,65.0,-M-,V_V,GAS OCC,1.0,m,1.5,3.0,0.0
0,65.0,-M-,V_V,ITA,1.0,m,1.5,3.0,0.0
0,65.0,-M-,V_V,LAT,1.0,m,1.5,3.0,0.0
0,65.0,-M-,V_V,LIG,1.0,m,1.5,3.0,0.0
0,65.0,-M-,V_V,LMO,1.0,m,1.5,3.0,0.0
0,65.0,-M-,V_V,LOG SRD,1.0,m,1.5,3.0,0.0
0,65.0,-M-,V_V,OCC,1.0,m,1.5,3.0,0.0
0,65.0,-M-,V_V,PGL,1.0,m,1.5,3.0,0.0
0,65.0,-M-,V_V,VEN,1.0,m,1.5,3.0,0.0
0,65.0,-M-,V_V,CAS ESP,1.0,m,1.5,3.0,0.0
0,65.0,-M-,V_V,ARO,1.0,m,1.5,3.0,0.0
0,65.0,-M-,V_V,SCN,1.0,m,1.5,3.0,0.0
0,65.0,-M-,V_V,VAL,1.0,m,1.5,3.0,0.0
0,65.0,-M-,V_V,EU POR,1.0,m,1.5,3.0,0.0
0,65.0,-M-,V_V,ABR,1.0,m,1.5,3.0,0.0
0,65.0,-M-,V_V,AMR ESP,1.0,m,1.5,3.0,0.0
0,65.0,-M-,V_V,AND ESP,1.0,m,1.5,3.0,0.0
0,65.0,-M-,V_V,ARG,1.0,m,1.5,3.0,0.0
0,65.0,-M-,V_V,BR POR,1.0,m,1.5,3.0,0.0
0,65.0,-M-,V_V,ARP,1.0,m,1.5,3.0,0.0
0,65.0,-M-,V_V,ASL,1.0,m,1.5,3.0,0.0
0,65.0,-M-,V_V,BAL,1.0,m,1.5,3.0,0.0
0,65.0,-M-,V_V,CAM,1.0,m,1.5,3.0,0.0
0,66.0,-N-,V_V,LAT,1.0,n,1.5,0.75,0.0
0,66.0,-N-,V_V,VEN,1.0,n,1.5,0.75,0.0
0,66.0,-N-,V_V,VAL,1.0,n,1.5,0.75,0.0
0,66.0,-N-,V_V,ITA,1.0,n,1.5,0.75,0.0
0,66.0,-N-,V_V,GAS OCC,1.0,n,1.5,0.75,0.0
0,66.0,-N-,V_V,GAL,1.0,∅,0.0,0.75,0.0
0,66.0,-N-,V_V,FUR,1.0,n,1.5,0.75,0.0
0,66.0,-N-,V_V,EU POR,1.0,◌̃,0.75,0.75,0.0
0,66.0,-N-,V_V,SCN,1.0,n,1.5,0.75,0.0
0,66.0,-N-,V_V,ROM,2.0,ɾ̪,1.0,1.6666666666666667,0.0
0,66.0,-N-,V_V,ROM,1.0,n̪,1.5,1.67,0.0
0,66.0,-N-,V_V,QBC FRA,1.0,n̪,1.5,1.67,0.0
0,66.0,-N-,V_V,RMH,1.0,n,1.5,0.75,0.0
0,66.0,-N-,V_V,LOG SRD,1.0,n,1.5,0.75,0.0
0,66.0,-N-,V_V,WAL,1.0,n̪,1.5,1.67,0.0
0,66.0,-N-,V_V,OCC,1.0,n,1.5,0.75,0.0
0,66.0,-N-,V_V,PGL,1.0,n,1.5,0.75,0.0
0,66.0,-N-,V_V,LMO,1.0,n,1.5,0.75,0.0
0,66.0,-N-,V_V,LIG,1.0,n,1.5,0.75,0.0
0,66.0,-N-,V_V,BR POR,1.0,◌̃,0.75,0.75,0.0
0,66.0,-N-,V_V,ARP,1.0,n,1.5,0.75,0.0
0,66.0,-N-,V_V,ARO,1.0,n̪,1.5,1.67,0.0
0,66.0,-N-,V_V,ARG,1.0,n,1.5,0.75,0.0
0,66.0,-N-,V_V,AND ESP,1.0,n,1.5,0.75,0.0
0,66.0,-N-,V_V,AMR ESP,1.0,n,1.5,0.75,0.0
0,66.0,-N-,V_V,ABR,1.0,n,1.5,0.75,0.0
0,66.0,-N-,V_V,BAL,1.0,n,1.5,0.75,0.0
0,66.0,-N-,V_V,ASL,1.0,n,1.5,0.75,0.0
0,66.0,-N-,V_V,CPN SRD,1.0,n,1.5,0.75,0.0
0,66.0,-N-,V_V,CAS ESP,1.0,n,1.5,0.75,0.0
0,66.0,-N-,V_V,CAM,1.0,n,1.5,0.75,0.0
0,66.0,-N-,V_V,CAT,1.0,n,1.5,0.75,0.0
0,66.0,-N-,V_V,EU FRA,1.0,n̪,1.5,1.67,0.0
0,66.0,-N-,V_V,COR,1.0,n,1.5,0.75,0.0
0,67.0,-F-,V_V,BR POR,1.0,v,2.0,2.5,0.0
0,67.0,-F-,V_V,CAS ESP,1.0,β̞~∅,0.25,3.0,0.0
0,67.0,-F-,V_V,CAT,1.0,β~β̞,1.25,3.0,0.0
0,67.0,-F-,V_V,AND ESP,1.0,β̞~∅,0.25,3.0,0.0
0,67.0,-F-,V_V,AMR ESP,1.0,β̞~∅,0.25,3.0,0.0
0,67.0,-F-,V_V,BAL,1.0,v,2.0,2.5,0.0
0,67.0,-F-,V_V,ASL,1.0,β̞,0.5,3.0,0.0
0,67.0,-F-,V_V,ARG,1.0,β̞,0.5,3.0,0.0
0,67.0,-F-,V_V,GAL,1.0,β̞,0.5,3.0,0.0
0,67.0,-F-,V_V,ITA,1.0,f,2.0,2.5,255.0
0,67.0,-F-,V_V,LAT,1.0,ɸ~f,2.0,2.75,255.0
0,67.0,-F-,V_V,EU POR,1.0,v,2.0,2.5,0.0
0,67.0,-F-,V_V,ROM,1.0,f,2.0,2.5,255.0
0,67.0,-F-,V_V,VAL,1.0,v~β̞,1.25,2.75,0.0
0,68.0,-V-,V_V,ARG,1.0,β̞,0.5,3.0,0.0
0,68.0,-V-,V_V,BAL,1.0,v,2.0,2.5,0.0
0,68.0,-V-,V_V,LAT,1.0,w,0.3333333333333333,0.0,0.0
0,68.0,-V-,V_V,QBC FRA,1.0,v,2.0,2.5,0.0
0,68.0,-V-,V_V,ROM,1.0,w~∅,0.1666666666666666,0.0,0.0
0,68.0,-V-,V_V,ASL,1.0,β̞,0.5,3.0,0.0
0,68.0,-V-,V_V,CAS ESP,1.0,β̞,0.5,3.0,0.0
0,68.0,-V-,V_V,GAL,1.0,β̞,0.5,3.0,0.0
0,68.0,-V-,V_V,ITA,1.0,v,2.0,2.5,0.0
0,68.0,-V-,V_V,BR POR,1.0,v,2.0,2.5,0.0
0,68.0,-V-,V_V,AND ESP,1.0,β̞,0.5,3.0,0.0
0,68.0,-V-,V_V,AMR ESP,1.0,β̞,0.5,3.0,0.0
0,68.0,-V-,V_V,CAT,1.0,β~β̞,1.25,3.0,0.0
0,68.0,-V-,V_V,EU POR,1.0,v(β),2.0,2.625,0.0
0,68.0,-V-,V_V,EU FRA,1.0,v,2.0,2.5,0.0
0,68.0,-V-,V_V,VAL,1.0,v~β̞,1.25,2.75,0.0
0,69.0,-S-,V_E,EU FRA,1.0,z̪,2.0,1.3333333333333333,0.0
0,69.0,-S-,V_E,EU POR,1.0,z(z̠),2.0,0.875,0.0
0,69.0,-S-,V_E,GAS OCC,1.0,z̠,2.0,0.5,0.0
0,69.0,-S-,V_E,GAL,1.0,s̠,2.0,0.625,255.0
0,69.0,-S-,V_E,ASL,1.0,s̠,2.0,0.5,255.0
0,69.0,-S-,V_E,CAS ESP,1.0,s̠,2.0,0.5,255.0
0,69.0,-S-,V_E,ARG,1.0,s̠,2.0,0.5,255.0
0,69.0,-S-,V_E,BR POR,1.0,z,2.0,1.0,0.0
0,69.0,-S-,V_E,BAL,1.0,z̠,2.0,0.5,0.0
0,69.0,-S-,V_E,ROM,1.0,ʃ,2.0,-0.5,255.0
0,69.0,-S-,V_E,QBC FRA,1.0,z̪,2.0,1.3333333333333333,0.0
0,69.0,-S-,V_E,VAL,1.0,z̠,2.0,0.5,0.0
0,69.0,-S-,V_E,AND ESP,1.0,s̟,2.0,1.6666666666666667,255.0
0,69.0,-S-,V_E,AMR ESP,1.0,s,2.0,1.0,255.0
0,69.0,-S-,V_E,OCC,1.0,z̠,2.0,0.5,0.0
0,69.0,-S-,V_E,LAT,1.0,s̠,2.0,0.5,255.0
0,69.0,-S-,V_E,ITA,1.0,z~s,2.0,1.0,127.5
0,69.0,-S-,V_E,CAT,1.0,z̠,2.0,0.5,0.0
0,70.0,-S-,"V_{a,O}",EU FRA,1.0,z̪,2.0,1.3333333333333333,0.0
0,70.0,-S-,"V_{a,O}",EU POR,1.0,z(z̠),2.0,0.875,0.0
0,70.0,-S-,"V_{a,O}",GAL,1.0,s̠,2.0,0.625,255.0
0,70.0,-S-,"V_{a,O}",GAS OCC,1.0,z̠,2.0,0.5,0.0
0,70.0,-S-,"V_{a,O}",LAT,1.0,s̠,2.0,0.5,255.0
0,70.0,-S-,"V_{a,O}",ITA,1.0,z~s,2.0,1.0,127.5
0,70.0,-S-,"V_{a,O}",OCC,1.0,z̠,2.0,0.5,0.0
0,70.0,-S-,"V_{a,O}",QBC FRA,1.0,z̪,2.0,1.3333333333333333,0.0
0,70.0,-S-,"V_{a,O}",CAS ESP,1.0,s̠,2.0,0.5,255.0
0,70.0,-S-,"V_{a,O}",BR POR,1.0,z,2.0,1.0,0.0
0,70.0,-S-,"V_{a,O}",ASL,1.0,s̠,2.0,0.5,255.0
0,70.0,-S-,"V_{a,O}",BAL,1.0,z̠,2.0,0.5,0.0
0,70.0,-S-,"V_{a,O}",ARG,1.0,s̠,2.0,0.5,255.0
0,70.0,-S-,"V_{a,O}",AND ESP,1.0,s̟,2.0,1.6666666666666667,255.0
0,70.0,-S-,"V_{a,O}",ROM,1.0,s̪,2.0,1.3333333333333333,255.0
0,70.0,-S-,"V_{a,O}",VAL,1.0,z̠,2.0,0.5,0.0
0,70.0,-S-,"V_{a,O}",CAT,1.0,z̠,2.0,0.5,0.0
0,70.0,-S-,"V_{a,O}",AMR ESP,1.0,s,2.0,1.0,255.0
0,71.0,-R-,V_V,ARO,1.0,ɾ̪,1.0,1.6666666666666667,0.0
0,71.0,-R-,V_V,AMR ESP,1.0,ɾ,1.0,0.75,0.0
0,71.0,-R-,V_V,ABR,1.0,ɾ,1.0,0.75,0.0
0,71.0,-R-,V_V,EU FRA,1.0,ʁ(ʀ),1.75,-4.0,0.0
0,71.0,-R-,V_V,ARP,1.0,rː(ʀ),1.4583333333333333,-0.8333333333333334,0.0
0,71.0,-R-,V_V,CAT,1.0,ɾ,1.0,0.75,0.0
0,71.0,-R-,V_V,CAS ESP,1.0,ɾ,1.0,0.75,0.0
0,71.0,-R-,V_V,ARG,1.0,ɾ,1.0,0.75,0.0
0,71.0,-R-,V_V,AND ESP,1.0,ɾ,1.0,0.75,0.0
0,71.0,-R-,V_V,WAL,1.0,ʀ,1.25,-4.0,0.0
0,71.0,-R-,V_V,GAS OCC,1.0,ɾ,1.0,0.75,0.0
0,71.0,-R-,V_V,ITA,1.0,ɾ,1.0,0.75,0.0
0,71.0,-R-,V_V,LAT,1.0,r,1.25,0.75,0.0
0,71.0,-R-,V_V,GAL,1.0,ɾ,1.0,0.75,0.0
0,71.0,-R-,V_V,LOG SRD,1.0,ɾ,1.0,0.75,0.0
0,71.0,-R-,V_V,LIG,1.0,j~∅,0.1666666666666666,-2.0,127.5
0,71.0,-R-,V_V,VAL,1.0,ɾ,1.0,0.75,0.0
0,71.0,-R-,V_V,SCN,1.0,ɾ,1.0,0.75,0.0
0,71.0,-R-,V_V,ROM,2.0,n,1.5,1.67,0.0
0,71.0,-R-,V_V,ROM,1.0,ɾ̪,1.0,1.6666666666666667,0.0
0,71.0,-R-,V_V,QBC FRA,1.0,ʁ(ʀ),1.75,-4.0,0.0
0,71.0,-R-,V_V,VEN,1.0,ɾ,1.0,0.75,0.0
0,71.0,-R-,V_V,PGL,1.0,ɾ,1.0,0.75,0.0
0,71.0,-R-,V_V,OCC,1.0,ɾ,1.0,0.75,0.0
0,71.0,-R-,V_V,EU POR,1.0,ɾ,1.0,0.75,0.0
0,71.0,-R-,V_V,CAM,1.0,ɾ,1.0,0.75,0.0
0,71.0,-R-,V_V,BR POR,1.0,ɾ,1.0,0.75,0.0
0,71.0,-R-,V_V,BAL,1.0,ɾ,1.0,0.75,0.0
0,71.0,-R-,V_V,ASL,1.0,ɾ,1.0,0.75,0.0
0,71.0,-R-,V_V,CPN SRD,1.0,ɾ,1.0,0.75,0.0
0,72.0,-L-,V_V,LAT,1.0,ɫ̪,0.75,-1.1666666666666667,0.0
0,72.0,-L-,V_V,ITA,1.0,l,0.75,0.75,0.0
0,72.0,-L-,V_V,GAL,1.0,∅,0.0,0.75,255.0
0,72.0,-L-,V_V,GAS OCC,1.0,l,0.75,0.75,0.0
0,72.0,-L-,V_V,LIG,1.0,j~∅,0.1666666666666666,-2.0,127.5
0,72.0,-L-,V_V,LAT,2.0,l̪ʲ,0.75,-0.1666666666666666,0.0
0,72.0,-L-,V_V,ABR,1.0,l,0.75,0.75,0.0
0,72.0,-L-,V_V,AMR ESP,1.0,l,0.75,0.75,0.0
0,72.0,-L-,V_V,AND ESP,1.0,l,0.75,0.75,0.0
0,72.0,-L-,V_V,ARG,1.0,l,0.75,0.75,0.0
0,72.0,-L-,V_V,ARO,1.0,ɾ̪,0.875,1.6666666666666667,0.0
0,72.0,-L-,V_V,ARP,1.0,l,0.75,0.75,0.0
0,72.0,-L-,V_V,ASL,1.0,l,0.75,0.75,0.0
0,72.0,-L-,V_V,LMO,1.0,l,0.75,0.75,0.0
0,72.0,-L-,V_V,VAL,1.0,ɫ,0.75,-1.625,0.0
0,72.0,-L-,V_V,FUR,1.0,l,0.75,0.75,0.0
0,72.0,-L-,V_V,EU POR,1.0,∅,0.0,0.75,255.0
0,72.0,-L-,V_V,BAL,1.0,ʟ,0.75,-3.0,0.0
0,72.0,-L-,V_V,CPN SRD,1.0,l,0.75,0.75,0.0
0,72.0,-L-,V_V,COR,1.0,l,0.75,0.75,0.0
0,72.0,-L-,V_V,CAM,1.0,l,0.75,0.75,0.0
0,72.0,-L-,V_V,BR POR,1.0,∅,0.0,0.75,255.0
0,72.0,-L-,V_V,CAT,1.0,l,0.75,0.75,0.0
0,72.0,-L-,V_V,CAS ESP,1.0,l,0.75,0.75,0.0
0,72.0,-L-,V_V,EU FRA,1.0,l,0.75,0.75,0.0
0,72.0,-L-,V_V,LOG SRD,1.0,l,0.75,0.75,0.0
0,72.0,-L-,V_V,OCC,1.0,l,0.75,0.75,0.0
0,72.0,-L-,V_V,PGL,1.0,l,0.75,0.75,0.0
0,72.0,-L-,V_V,QBC FRA,1.0,l,0.75,0.75,0.0
0,72.0,-L-,V_V,RMH,1.0,l,0.75,0.75,0.0
0,72.0,-L-,V_V,ROM,1.0,ɾ̪,0.875,1.6666666666666667,0.0
0,72.0,-L-,V_V,SCN,1.0,l,0.75,0.75,0.0
0,72.0,-L-,V_V,VEN,1.0,l~ɰ,0.5416666666666666,-1.125,0.0
0,72.0,-L-,V_V,WAL,1.0,l,0.75,0.75,0.0
0,73.0,-J-,Vˈ_V,ROM,2.0,ʒ,2.0,-0.5,0.0
0,73.0,-J-,Vˈ_V,CAT,2.0,ʒ,2.0,-0.5,0.0
0,73.0,-J-,Vˈ_V,EU FRA,1.0,j~∅,0.1666666666666666,-2.0,127.5
0,73.0,-J-,Vˈ_V,EU POR,1.0,j~∅,0.1666666666666666,-2.0,127.5
0,73.0,-J-,Vˈ_V,EU POR,2.0,ʒ,2.0,-0.5,0.0
0,73.0,-J-,Vˈ_V,GAL,1.0,ʃ,2.0,-0.5,255.0
0,73.0,-J-,Vˈ_V,GAL,2.0,j~∅,0.1666666666666666,-2.0,127.5
0,73.0,-J-,Vˈ_V,GAS OCC,1.0,j,0.3333333333333333,-2.0,0.0
0,73.0,-J-,Vˈ_V,GAS OCC,2.0,ʒ,2.0,-0.5,0.0
0,73.0,-J-,Vˈ_V,ARG,2.0,j~∅,0.1666666666666666,-2.0,127.5
0,73.0,-J-,Vˈ_V,ARG,1.0,ʝ,2.0,-2.0,0.0
0,73.0,-J-,Vˈ_V,AND ESP,2.0,∅,0.0,-2.0,255.0
0,73.0,-J-,Vˈ_V,AND ESP,1.0,ʝ,2.0,-2.0,0.0
0,73.0,-J-,Vˈ_V,AMR ESP,2.0,ʝ,2.0,-2.0,0.0
0,73.0,-J-,Vˈ_V,AMR ESP,1.0,∅,0.0,-2.0,255.0
0,73.0,-J-,Vˈ_V,CAS ESP,2.0,∅,0.0,-2.0,255.0
0,73.0,-J-,Vˈ_V,ITA,1.0,d̠d̠͡ʒ,3.75,-0.5,0.0
0,73.0,-J-,Vˈ_V,ASL,2.0,∅,0.0,-2.0,255.0
0,73.0,-J-,Vˈ_V,ASL,1.0,ʝ~ʃ,2.0,-1.25,127.5
0,73.0,-J-,Vˈ_V,BR POR,1.0,j~∅,0.1666666666666666,-2.0,127.5
0,73.0,-J-,Vˈ_V,BR POR,2.0,ʒ,2.0,-0.5,0.0
0,73.0,-J-,Vˈ_V,CAS ESP,1.0,ʝ,2.0,-2.0,0.0
0,73.0,-J-,Vˈ_V,BAL,2.0,ʒ,2.0,-0.5,0.0
0,73.0,-J-,Vˈ_V,ITA,2.0,d̠͡ʒ,3.0,-0.5,0.0
0,73.0,-J-,Vˈ_V,ARP,1.0,j~∅,0.1666666666666666,-2.0,127.5
0,73.0,-J-,Vˈ_V,WAL,1.0,j~∅,0.1666666666666666,-2.0,127.5
0,73.0,-J-,Vˈ_V,VAL,2.0,d̠͡ʒ,3.0,-0.5,0.0
0,73.0,-J-,Vˈ_V,ROM,1.0,∅,0.0,-2.0,0.0
0,73.0,-J-,Vˈ_V,QBC FRA,1.0,j~∅,0.1666666666666666,-2.0,127.5
0,73.0,-J-,Vˈ_V,OCC,2.0,̠d̠͡ʒ(d͡z̠),3.0,-0.1666666666666666,0.0
0,73.0,-J-,Vˈ_V,OCC,1.0,j,0.3333333333333333,-2.0,0.0
0,73.0,-J-,Vˈ_V,LAT,1.0,jj,0.4166666666666666,-2.0,0.0
0,74.0,-J-,ˈV_V,EU POR,1.0,j~∅,0.1666666666666666,-2.0,127.5
0,74.0,-J-,ˈV_V,EU POR,2.0,ʒ,2.0,-0.5,0.0
0,74.0,-J-,ˈV_V,GAL,1.0,ʃ,2.0,-0.5,255.0
0,74.0,-J-,ˈV_V,ARG,2.0,j~∅,0.1666666666666666,-2.0,127.5
0,74.0,-J-,ˈV_V,ASL,2.0,∅,0.0,-2.0,255.0
0,74.0,-J-,ˈV_V,BR POR,1.0,j~∅,0.1666666666666666,-2.0,127.5
0,74.0,-J-,ˈV_V,BAL,2.0,ʒ,2.0,-0.5,0.0
0,74.0,-J-,ˈV_V,CAS ESP,2.0,∅,0.0,-2.0,255.0
0,74.0,-J-,ˈV_V,QBC FRA,1.0,j~∅,0.1666666666666666,-2.0,127.5
0,74.0,-J-,ˈV_V,OCC,2.0,̠d̠͡ʒ(d͡z̠),3.0,-0.1666666666666666,0.0
0,74.0,-J-,ˈV_V,OCC,1.0,j,0.3333333333333333,-2.0,0.0
0,74.0,-J-,ˈV_V,LIG,1.0,j~∅,0.1666666666666666,-2.0,127.5
0,74.0,-J-,ˈV_V,LAT,1.0,jj,0.4166666666666666,-2.0,0.0
0,74.0,-J-,ˈV_V,ITA,1.0,d̠d̠͡ʒ,3.75,-0.5,0.0
0,74.0,-J-,ˈV_V,GAS OCC,2.0,ʒ,2.0,-0.5,0.0
0,74.0,-J-,ˈV_V,GAS OCC,1.0,j,0.3333333333333333,-2.0,0.0
0,74.0,-J-,ˈV_V,BR POR,2.0,ʒ,2.0,-0.5,0.0
0,74.0,-J-,ˈV_V,BAL,1.0,j~∅,0.1666666666666666,-2.0,127.5
0,74.0,-J-,ˈV_V,ARP,1.0,j~∅,0.1666666666666666,-2.0,127.5
0,74.0,-J-,ˈV_V,ASL,1.0,ʝ~ʃ,2.0,-1.25,127.5
0,74.0,-J-,ˈV_V,AND ESP,2.0,∅,0.0,-2.0,255.0
0,74.0,-J-,ˈV_V,AND ESP,1.0,ʝ,2.0,-2.0,0.0
0,74.0,-J-,ˈV_V,AMR ESP,2.0,ʝ,2.0,-2.0,0.0
0,74.0,-J-,ˈV_V,AMR ESP,1.0,∅,0.0,-2.0,255.0
0,74.0,-J-,ˈV_V,CAS ESP,1.0,ʝ,2.0,-2.0,0.0
0,74.0,-J-,ˈV_V,VAL,2.0,d̠͡ʒ,3.0,-0.5,0.0
0,74.0,-J-,ˈV_V,WAL,1.0,j~∅,0.1666666666666666,-2.0,127.5
0,74.0,-J-,ˈV_V,VAL,1.0,j~∅,0.1666666666666666,-2.0,127.5
0,74.0,-J-,ˈV_V,EU FRA,1.0,j~∅,0.1666666666666666,-2.0,127.5
0,74.0,-J-,ˈV_V,CAT,2.0,ʒ,2.0,-0.5,0.0
0,74.0,-J-,ˈV_V,CAT,1.0,j~∅,0.1666666666666666,-2.0,127.5
0,74.0,-J-,ˈV_V,ROM,1.0,j,0.3333333333333333,-2.0,0.0
0,74.0,-J-,ˈV_V,GAL,2.0,j~∅,0.1666666666666666,-2.0,127.5
0,74.0,-J-,ˈV_V,ARG,1.0,ʝ,2.0,-2.0,0.0
0,75.0,-PJ-,V_V,GAS OCC,b,pj,2.1666666666666665,0.5,127.5
0,75.0,-PJ-,V_V,ROM,c,pj~p,2.0833333333333335,0.5,191.25
0,75.0,-PJ-,V_V,OCC,b,pj,2.1666666666666665,0.5,127.5
0,75.0,-PJ-,V_V,LAT,b,pj,2.1666666666666665,0.5,127.5
0,75.0,-PJ-,V_V,ITA,c,pj,2.1666666666666665,0.5,127.5
0,75.0,-PJ-,V_V,VAL,b,pj~p,2.0833333333333335,0.5,191.25
0,75.0,-PJ-,V_V,ITA,b,ppj,2.6666666666666665,0.5,127.5
0,75.0,-PJ-,V_V,ASL,b,pj,2.1666666666666665,0.5,127.5
0,75.0,-PJ-,V_V,BAL,b,pj~p,2.0833333333333335,0.5,191.25
0,75.0,-PJ-,V_V,BR POR,b,jb,2.1666666666666665,0.5,0.0
0,75.0,-PJ-,V_V,GAL,b,jβ̞,0.41666666666666663,0.5,0.0
0,75.0,-PJ-,V_V,CAT,b,pj~p,2.0833333333333335,0.5,191.25
0,75.0,-PJ-,V_V,EU FRA,b,ʃ,1.0,1.25,255.0
0,75.0,-PJ-,V_V,EU POR,b,jβ,1.1666666666666667,0.5,0.0
0,75.0,-PJ-,V_V,CAS ESP,b,pj,2.1666666666666665,0.5,127.5
0,75.0,-PJ-,V_V,ARG,b,pj,2.1666666666666665,0.5,127.5
0,75.0,-PJ-,V_V,ROM,b,jp,2.1666666666666665,0.5,127.5
0,75.0,-PJ-,V_V,QBC FRA,b,ʃ,1.0,1.25,255.0
0,75.0,-PJ-,V_V,ARO,b,kj,2.1666666666666665,-2.5,127.5
0,75.0,-PJ-,V_V,AMR ESP,b,pj,2.1666666666666665,0.5,127.5
0,75.0,-PJ-,V_V,AND ESP,b,pj,2.1666666666666665,0.5,127.5
0,76.0,-BJ-,V_V,CAS ESP,c,β̞j,0.41666666666666663,0.5,0.0
0,76.0,-BJ-,V_V,CAT,b,βj~ʒ,0.8958333333333333,-0.375,63.75
0,76.0,-BJ-,V_V,GAL,c,j,0.16666666666666666,0.5,127.5
0,76.0,-BJ-,V_V,GAL,b,β̞j,0.41666666666666663,0.5,0.0
0,76.0,-BJ-,V_V,EU POR,d,j,0.16666666666666666,0.5,127.5
0,76.0,-BJ-,V_V,EU POR,c,ʒ,1.0,1.25,127.5
0,76.0,-BJ-,V_V,EU POR,b,jv(jβ),1.1666666666666667,0.3125,0.0
0,76.0,-BJ-,V_V,EU FRA,b,ʒ,1.0,1.25,127.5
0,76.0,-BJ-,V_V,CAT,c,ɣ~ɣ̞,0.625,-2.5,127.5
0,76.0,-BJ-,V_V,VAL,b,βj~d̠͡ʒ,1.3958333333333333,-0.375,63.75
0,76.0,-BJ-,V_V,ITA,c,bbj,2.75,0.5,0.0
0,76.0,-BJ-,V_V,QBC FRA,b,ʒ,1.0,1.25,127.5
0,76.0,-BJ-,V_V,LAT,b,bj,2.1666666666666665,0.5,0.0
0,76.0,-BJ-,V_V,ROM,c,jb,2.25,0.5,0.0
0,76.0,-BJ-,V_V,VAL,c,ɡ~ɣ̞,1.125,-2.5,127.5
0,76.0,-BJ-,V_V,ROM,b,jb,2.1666666666666665,0.5,0.0
0,76.0,-BJ-,V_V,BAL,b,βj~ʒ,1.3333333333333333,-0.375,63.75
0,76.0,-BJ-,V_V,ITA,b,bbj,2.6666666666666665,0.5,0.0
0,76.0,-BJ-,V_V,ASL,c,∅,0.0,-2.0,255.0
0,76.0,-BJ-,V_V,AMR ESP,c,ʝ,1.0,0.5,127.5
0,76.0,-BJ-,V_V,AND ESP,c,β̞j,0.41666666666666663,0.5,0.0
0,76.0,-BJ-,V_V,AND ESP,b,ʝ,1.0,0.5,127.5
0,76.0,-BJ-,V_V,ASL,b,j,0.16666666666666666,0.5,127.5
0,76.0,-BJ-,V_V,ARG,c,j,0.3333333333333333,-2.0,0.0
0,76.0,-BJ-,V_V,AMR ESP,b,β̞j,0.41666666666666663,0.5,0.0
0,76.0,-BJ-,V_V,BR POR,c,ʒ,1.0,1.25,127.5
0,76.0,-BJ-,V_V,BR POR,b,jv,1.1666666666666667,0.25,0.0
0,76.0,-BJ-,V_V,CAS ESP,b,ʝ,1.0,0.5,127.5
0,76.0,-BJ-,V_V,BR POR,d,j,0.16666666666666666,0.5,127.5
0,76.0,-BJ-,V_V,BAL,c,ɡ~ɣ,1.5,-2.5,127.5
0,77.0,-TJ-,Vˈ_V,BAL,c,s̠,1.0,-0.75,255.0
0,77.0,-TJ-,Vˈ_V,BAL,b,(z̠),0.3333333333333333,-0.75,212.5
0,77.0,-TJ-,Vˈ_V,EU FRA,b,z̪,1.0,-0.33333333333333337,127.5
0,77.0,-TJ-,Vˈ_V,GAS OCC,b,z̠,1.0,-0.75,127.5
0,77.0,-TJ-,Vˈ_V,CAT,c,s̠,1.0,-0.75,255.0
0,77.0,-TJ-,Vˈ_V,OCC,c,s̠,1.0,-0.75,255.0
0,77.0,-TJ-,Vˈ_V,OCC,b,z̠,1.0,-0.75,127.5
0,77.0,-TJ-,Vˈ_V,LAT,b,t̪j,2.1666666666666665,-0.16666666666666663,127.5
0,77.0,-TJ-,Vˈ_V,ITA,c,tt͡s,1.875,-0.5,255.0
0,77.0,-TJ-,Vˈ_V,ITA,b,tt͡s(ʒ),1.5833333333333333,-0.75,212.5
0,77.0,-TJ-,Vˈ_V,GAS OCC,c,s̠,1.0,-0.75,255.0
0,77.0,-TJ-,Vˈ_V,CAS ESP,b,θ,1.0,0.0,255.0
0,77.0,-TJ-,Vˈ_V,CAT,b,(z̠),0.3333333333333333,-0.75,212.5
0,77.0,-TJ-,Vˈ_V,QBC FRA,b,z̪,1.0,-0.33333333333333337,127.5
0,77.0,-TJ-,Vˈ_V,AMR ESP,b,s,1.0,-0.5,255.0
0,77.0,-TJ-,Vˈ_V,EU FRA,c,s̪,1.0,-0.33333333333333337,255.0
0,77.0,-TJ-,Vˈ_V,EU POR,b,z(z̪),1.0,-0.45833333333333337,127.5
0,77.0,-TJ-,Vˈ_V,EU POR,c,s(s̪),1.0,-0.45833333333333337,255.0
0,77.0,-TJ-,Vˈ_V,GAL,b,θ(s),1.0,-0.16666666666666663,255.0
0,77.0,-TJ-,Vˈ_V,ASL,b,θ,1.0,0.0,255.0
0,77.0,-TJ-,Vˈ_V,ARO,b,t͡s̪,1.5,-0.33333333333333337,255.0
0,77.0,-TJ-,Vˈ_V,ARG,b,θ,1.0,0.0,255.0
0,77.0,-TJ-,Vˈ_V,AND ESP,b,s̟,1.0,-0.16666666666666663,255.0
0,77.0,-TJ-,Vˈ_V,BR POR,c,s,1.0,-0.5,255.0
0,77.0,-TJ-,Vˈ_V,BR POR,b,z,1.0,-0.5,127.5
0,77.0,-TJ-,Vˈ_V,ROM,b,t͡s̪,1.5,-0.33333333333333337,255.0
0,77.0,-TJ-,Vˈ_V,QBC FRA,c,s̪,1.0,-0.33333333333333337,255.0
0,77.0,-TJ-,Vˈ_V,ROM,c,t̠͡ʃ,1.5,-1.25,255.0
0,77.0,-TJ-,Vˈ_V,VAL,b,(z̠),0.3333333333333333,-0.75,212.5
0,77.0,-TJ-,Vˈ_V,VAL,c,s̠,1.0,-0.75,255.0
0,78.0,-TJ-,ˈV_V,VAL,b,(z̠),0.3333333333333333,-0.75,212.5
0,78.0,-TJ-,ˈV_V,ARG,b,θ,1.0,0.0,255.0
0,78.0,-TJ-,ˈV_V,GAS OCC,b,z̠,1.0,-0.75,127.5
0,78.0,-TJ-,ˈV_V,ITA,b,tt͡s,1.875,-0.5,255.0
0,78.0,-TJ-,ˈV_V,OCC,b,z̠,1.0,-0.75,127.5
0,78.0,-TJ-,ˈV_V,EU FRA,b,z̪,1.0,-0.33333333333333337,127.5
0,78.0,-TJ-,ˈV_V,CAS ESP,b,θ,1.0,0.0,255.0
0,78.0,-TJ-,ˈV_V,CAT,b,(z̠),0.3333333333333333,-0.75,212.5
0,78.0,-TJ-,ˈV_V,ROM,b,t͡s̪,1.5,-0.33333333333333337,255.0
0,78.0,-TJ-,ˈV_V,ASL,b,θ,1.0,0.0,255.0
0,78.0,-TJ-,ˈV_V,BAL,b,(z̠),0.3333333333333333,-0.75,212.5
0,78.0,-TJ-,ˈV_V,BR POR,b,z,1.0,-0.5,127.5
0,78.0,-TJ-,ˈV_V,BR POR,c,s,1.0,-0.5,255.0
0,78.0,-TJ-,ˈV_V,EU POR,b,z(z̪),1.0,-0.45833333333333337,127.5
0,78.0,-TJ-,ˈV_V,QBC FRA,b,z̪,1.0,-0.33333333333333337,127.5
0,78.0,-TJ-,ˈV_V,LAT,b,t̪j,2.1666666666666665,-0.16666666666666663,127.5
0,78.0,-TJ-,ˈV_V,EU POR,c,s(s̪),1.0,-0.45833333333333337,255.0
0,78.0,-TJ-,ˈV_V,GAL,b,θ(s),1.0,-0.16666666666666663,255.0
0,78.0,-TJ-,ˈV_V,AND ESP,b,s̟,1.0,-0.16666666666666663,255.0
0,78.0,-TJ-,ˈV_V,AMR ESP,b,s,1.0,-0.5,255.0
0,79.0,-DJ-,V_V,AND ESP,b,ʝ,1.0,-2.0,127.5
0,79.0,-DJ-,V_V,ARG,c,j~,0.0833333333333333,-2.0,191.25
0,79.0,-DJ-,V_V,ARP,b,j~,0.0833333333333333,-2.0,191.25
0,79.0,-DJ-,V_V,AMR ESP,c,ʝ,1.0,-2.0,127.5
0,79.0,-DJ-,V_V,ARG,b,ʝ,1.0,-2.0,127.5
0,79.0,-DJ-,V_V,QBC FRA,b,j,0.16666666666666666,-2.0,127.5
0,79.0,-DJ-,V_V,VAL,b,d̠͡ʒ,1.5,-1.25,127.5
0,79.0,-DJ-,V_V,GAL,b,ʃ,1.0,-1.25,255.0
0,79.0,-DJ-,V_V,WAL,b,j~,0.0833333333333333,-2.0,191.25
0,79.0,-DJ-,V_V,SCN,b,j,0.16666666666666666,-2.0,127.5
0,79.0,-DJ-,V_V,ARO,b,d͡z̪,1.5,-0.33333333333333337,127.5
0,79.0,-DJ-,V_V,OCC,c,̠d̠͡ʒ(d͡z̠),1.5,-1.0833333333333333,127.5
0,79.0,-DJ-,V_V,GAL,c,j~,0.0833333333333333,-2.0,191.25
0,79.0,-DJ-,V_V,BR POR,b,j~,0.0833333333333333,-2.0,191.25
0,79.0,-DJ-,V_V,CAS ESP,b,ʝ,1.0,-2.0,127.5
0,79.0,-DJ-,V_V,BR POR,c,ʒ,1.0,-1.25,127.5
0,79.0,-DJ-,V_V,EU FRA,b,j,0.16666666666666666,-2.0,127.5
0,79.0,-DJ-,V_V,EU POR,b,j~,0.0833333333333333,-2.0,191.25
0,79.0,-DJ-,V_V,EU POR,c,ʒ,1.0,-1.25,127.5
0,79.0,-DJ-,V_V,CAT,b,ʒ,1.0,-1.25,127.5
0,79.0,-DJ-,V_V,ROM,b,z̪,1.0,-0.33333333333333337,127.5
0,79.0,-DJ-,V_V,ASL,b,ʝ~ʃ,1.0,-1.625,191.25
0,79.0,-DJ-,V_V,OCC,b,j,0.16666666666666666,-2.0,127.5
0,79.0,-DJ-,V_V,LAT,b,d̪j,2.1666666666666665,-0.16666666666666663,0.0
0,79.0,-DJ-,V_V,ITA,c,d̠d̠͡ʒ,1.875,-1.25,127.5
0,79.0,-DJ-,V_V,ITA,b,dd͡z,1.875,-0.5,127.5
0,79.0,-DJ-,V_V,GAS OCC,c,ʒ,1.0,-1.25,127.5
0,79.0,-DJ-,V_V,GAS OCC,b,j,0.16666666666666666,-2.0,127.5
0,79.0,-DJ-,V_V,BAL,b,ʒ,1.0,-1.25,127.5
0,80.0,-CJ-,Vˈ_V,ARG,b,θ,1.0,0.0,255.0
0,80.0,-CJ-,Vˈ_V,ASL,b,θ,1.0,0.0,255.0
0,80.0,-CJ-,Vˈ_V,BAL,b,s̠,1.0,-0.75,255.0
0,80.0,-CJ-,Vˈ_V,BR POR,b,s,1.0,-0.5,255.0
0,80.0,-CJ-,Vˈ_V,CAM,b,t̠t̠͡ʃ,1.875,-1.25,255.0
0,80.0,-CJ-,Vˈ_V,ABR,b,t̠t̠͡ʃ,1.875,-1.25,255.0
0,80.0,-CJ-,Vˈ_V,AMR ESP,b,s,1.0,-0.5,255.0
0,80.0,-CJ-,Vˈ_V,AND ESP,b,s̟,1.0,-0.16666666666666663,255.0
0,80.0,-CJ-,Vˈ_V,ARO,b,t͡s̪,1.5,-0.33333333333333337,255.0
0,80.0,-CJ-,Vˈ_V,QBC FRA,b,s̪,1.0,-0.33333333333333337,255.0
0,80.0,-CJ-,Vˈ_V,ROM,b,t͡s̪,1.5,-0.33333333333333337,255.0
0,80.0,-CJ-,Vˈ_V,ROM,c,t̠͡ʃ,1.5,-1.25,255.0
0,80.0,-CJ-,Vˈ_V,SCN,b,tt͡s,1.875,-0.5,255.0
0,80.0,-CJ-,Vˈ_V,VAL,b,s̠,1.0,-0.75,255.0
0,80.0,-CJ-,Vˈ_V,LAT,b,kj,2.1666666666666665,-2.5,127.5
0,80.0,-CJ-,Vˈ_V,OCC,b,s̠,1.0,-0.75,255.0
0,80.0,-CJ-,Vˈ_V,CAS ESP,b,θ,1.0,0.0,255.0
0,80.0,-CJ-,Vˈ_V,EU FRA,b,s̪,1.0,-0.33333333333333337,255.0
0,80.0,-CJ-,Vˈ_V,CAT,b,s̠,1.0,-0.75,255.0
0,80.0,-CJ-,Vˈ_V,GAL,b,θ(s),1.0,-0.16666666666666663,255.0
0,80.0,-CJ-,Vˈ_V,GAS OCC,b,s̠,1.0,-0.75,255.0
0,80.0,-CJ-,Vˈ_V,ITA,b,t̠t̠͡ʃ,1.875,-1.25,255.0
0,80.0,-CJ-,Vˈ_V,EU POR,b,s(s̪),1.0,-0.45833333333333337,255.0
0,80.0,-CJ-,Vˈ_V,PGL,b,tt͡s,1.875,-0.5,255.0
0,81.0,-CJ-,ˈV_V,LAT,b,kj,2.1666666666666665,-2.5,127.5
0,81.0,-CJ-,ˈV_V,ROM,b,t͡s̪,1.5,-0.33333333333333337,255.0
0,81.0,-CJ-,ˈV_V,QBC FRA,b,s̪,1.0,-0.33333333333333337,255.0
0,81.0,-CJ-,ˈV_V,PGL,b,tt͡s,1.875,-0.5,255.0
0,81.0,-CJ-,ˈV_V,OCC,b,s̠,1.0,-0.75,255.0
0,81.0,-CJ-,ˈV_V,VAL,b,s̠,1.0,-0.75,255.0
0,81.0,-CJ-,ˈV_V,SCN,b,tt͡s,1.875,-0.5,255.0
0,81.0,-CJ-,ˈV_V,ABR,b,t̠t̠͡ʃ,1.875,-1.25,255.0
0,81.0,-CJ-,ˈV_V,ITA,b,t̠t̠͡ʃ,1.875,-1.25,255.0
0,81.0,-CJ-,ˈV_V,GAS OCC,b,s̠,1.0,-0.75,255.0
0,81.0,-CJ-,ˈV_V,GAL,b,θ(s),1.0,-0.16666666666666663,255.0
0,81.0,-CJ-,ˈV_V,EU FRA,b,s̪,1.0,-0.33333333333333337,255.0
0,81.0,-CJ-,ˈV_V,EU POR,b,s(s̪),1.0,-0.45833333333333337,255.0
0,81.0,-CJ-,ˈV_V,CAT,b,s̠,1.0,-0.75,255.0
0,81.0,-CJ-,ˈV_V,CAS ESP,b,θ,1.0,0.0,255.0
0,81.0,-CJ-,ˈV_V,CAM,b,t̠t̠͡ʃ,1.875,-1.25,255.0
0,81.0,-CJ-,ˈV_V,BR POR,b,s,1.0,-0.5,255.0
0,81.0,-CJ-,ˈV_V,BAL,b,s̠,1.0,-0.75,255.0
0,81.0,-CJ-,ˈV_V,ASL,b,θ,1.0,0.0,255.0
0,81.0,-CJ-,ˈV_V,ARO,b,t͡s̪,1.5,-0.33333333333333337,255.0
0,81.0,-CJ-,ˈV_V,ARG,b,θ,1.0,0.0,255.0
0,81.0,-CJ-,ˈV_V,AND ESP,b,s̟,1.0,-0.16666666666666663,255.0
0,81.0,-CJ-,ˈV_V,AMR ESP,b,s,1.0,-0.5,255.0
0,82.0,-GJ-,V_V,GAL,b,ʃ,1.0,-1.25,255.0
0,82.0,-GJ-,V_V,GAL,c,j~,0.0833333333333333,-2.0,191.25
0,82.0,-GJ-,V_V,GAS OCC,b,j,0.16666666666666666,-2.0,127.5
0,82.0,-GJ-,V_V,GAS OCC,c,ʒ,1.0,-1.25,127.5
0,82.0,-GJ-,V_V,ITA,b,dd͡z,1.875,-0.5,127.5
0,82.0,-GJ-,V_V,ITA,c,d̠d̠͡ʒ,1.875,-1.25,127.5
0,82.0,-GJ-,V_V,OCC,c,̠d̠͡ʒ(d͡z̠),1.5,-1.0833333333333333,127.5
0,82.0,-GJ-,V_V,QBC FRA,b,j,0.16666666666666666,-2.0,127.5
0,82.0,-GJ-,V_V,LAT,b,ɡj,2.1666666666666665,-2.5,0.0
0,82.0,-GJ-,V_V,OCC,b,j,0.16666666666666666,-2.0,127.5
0,82.0,-GJ-,V_V,CAS ESP,c,j~,0.0833333333333333,-2.0,191.25
0,82.0,-GJ-,V_V,CAT,b,j,0.16666666666666666,-2.0,127.5
0,82.0,-GJ-,V_V,CAT,c,ʒ,1.0,-1.25,127.5
0,82.0,-GJ-,V_V,EU FRA,b,j,0.16666666666666666,-2.0,127.5
0,82.0,-GJ-,V_V,AMR ESP,b,j~,0.0833333333333333,-2.0,191.25
0,82.0,-GJ-,V_V,AMR ESP,c,ʝ,1.0,-2.0,127.5
0,82.0,-GJ-,V_V,AND ESP,b,ʝ,1.0,-2.0,127.5
0,82.0,-GJ-,V_V,AND ESP,c,j~,0.0833333333333333,-2.0,191.25
0,82.0,-GJ-,V_V,ARG,b,ʝ,1.0,-2.0,127.5
0,82.0,-GJ-,V_V,VAL,c,d̠͡ʒ,1.5,-1.25,127.5
0,82.0,-GJ-,V_V,VAL,b,j,0.16666666666666666,-2.0,127.5
0,82.0,-GJ-,V_V,ROM,b,j~,0.0833333333333333,-2.0,191.25
0,82.0,-GJ-,V_V,EU POR,b,j~,0.0833333333333333,-2.0,191.25
0,82.0,-GJ-,V_V,EU POR,c,ʒ,1.0,-1.25,127.5
0,82.0,-GJ-,V_V,BR POR,c,ʒ,1.0,-1.25,127.5
0,82.0,-GJ-,V_V,CAS ESP,b,ʝ,1.0,-2.0,127.5
0,82.0,-GJ-,V_V,BAL,c,ʒ,1.0,-1.25,127.5
0,82.0,-GJ-,V_V,ARG,c,j~,0.0833333333333333,-2.0,191.25
0,82.0,-GJ-,V_V,ASL,b,ʝ~ʃ,1.0,-1.625,191.25
0,82.0,-GJ-,V_V,BAL,b,j,0.16666666666666666,-2.0,127.5
0,82.0,-GJ-,V_V,BR POR,b,j~,0.0833333333333333,-2.0,191.25
0,83.0,-VJ-,V_V,BAL,c,wʒ,1.1666666666666667,-0.25,0.0
0,83.0,-VJ-,V_V,VAL,c,wd̠͡ʒ,1.6666666666666667,-0.25,0.0
0,83.0,-VJ-,V_V,VAL,b,vj~β̞,0.7083333333333333,0.375,63.75
0,83.0,-VJ-,V_V,ROM,b,jb,2.1666666666666665,0.5,0.0
0,83.0,-VJ-,V_V,QBC FRA,b,ʒ,1.0,1.0,127.5
0,83.0,-VJ-,V_V,LAT,b,wj~βj,0.75,-0.25,0.0
0,83.0,-VJ-,V_V,ITA,b,bbj,2.6666666666666665,0.5,0.0
0,83.0,-VJ-,V_V,GAL,b,β̞j,0.41666666666666663,0.5,0.0
0,83.0,-VJ-,V_V,EU POR,b,jv(β),1.0833333333333333,0.3125,63.75
0,83.0,-VJ-,V_V,EU FRA,b,ʒ,1.0,1.0,127.5
0,83.0,-VJ-,V_V,CAT,c,wʒ,1.1666666666666667,-0.25,0.0
0,83.0,-VJ-,V_V,CAT,b,βj~β̞,0.7083333333333333,0.5,63.75
0,83.0,-VJ-,V_V,CAS ESP,b,β̞j,0.41666666666666663,0.5,0.0
0,83.0,-VJ-,V_V,BR POR,b,jv~v,1.0833333333333333,0.25,63.75
0,83.0,-VJ-,V_V,AMR ESP,b,β̞j,0.41666666666666663,0.5,0.0
0,83.0,-VJ-,V_V,AND ESP,b,β̞j,0.41666666666666663,0.5,0.0
0,83.0,-VJ-,V_V,ARG,b,j,0.3333333333333333,-2.0,0.0
0,83.0,-VJ-,V_V,BAL,b,vj~v,1.0833333333333333,0.25,63.75
0,83.0,-VJ-,V_V,ASL,b,β̞j,0.41666666666666663,0.5,0.0
0,83.5,-FJ-,V_V,GAL,b,fj,1.1666666666666667,0.25,127.5
0,83.5,-FJ-,V_V,GAS OCC,b,fj,1.1666666666666667,0.25,127.5
0,83.5,-FJ-,V_V,QBC FRA,b,fj~f,1.0833333333333333,0.25,191.25
0,83.5,-FJ-,V_V,ROM,b,jf,1.1666666666666667,0.25,127.5
0,83.5,-FJ-,V_V,LAT,b,ɸj~fj,1.1666666666666667,0.375,127.5
0,83.5,-FJ-,V_V,ITA,b,ffj,1.4166666666666667,0.25,127.5
0,83.5,-FJ-,V_V,EU POR,b,jf,1.1666666666666667,0.25,127.5
0,83.5,-FJ-,V_V,EU FRA,b,fj~f,1.0833333333333333,0.25,191.25
0,83.5,-FJ-,V_V,CAT,b,fj~f,1.0833333333333333,0.25,191.25
0,83.5,-FJ-,V_V,CAS ESP,b,fj,1.1666666666666667,0.25,127.5
0,83.5,-FJ-,V_V,BR POR,b,jf,1.1666666666666667,0.25,127.5
0,83.5,-FJ-,V_V,BAL,b,fj~f,1.0833333333333333,0.25,191.25
0,83.5,-FJ-,V_V,VAL,b,fj~f,1.0833333333333333,0.25,191.25
0,83.5,-FJ-,V_V,OCC,b,fj,1.1666666666666667,0.25,127.5
0,83.5,-FJ-,V_V,AND ESP,b,fj,1.1666666666666667,0.25,127.5
0,83.5,-FJ-,V_V,AMR ESP,b,fj,1.1666666666666667,0.25,127.5
0,84.0,-SJ-,V_V,ABR,b,ʃ,1.0,-1.25,255.0
0,84.0,-SJ-,V_V,ITA,b,ʃ~d̠͡ʒ,1.25,-1.25,191.25
0,84.0,-SJ-,V_V,EU FRA,b,z̪,1.0,-0.33333333333333337,127.5
0,84.0,-SJ-,V_V,EU POR,b,jʒ,1.1666666666666667,-1.25,0.0
0,84.0,-SJ-,V_V,GAL,b,s̠,1.0,-0.6875,255.0
0,84.0,-SJ-,V_V,GAL,c,jʃ,1.1666666666666667,-1.25,127.5
0,84.0,-SJ-,V_V,CAS ESP,b,s̠~θ,1.0,-0.375,255.0
0,84.0,-SJ-,V_V,CAM,b,s,1.0,-0.5,255.0
0,84.0,-SJ-,V_V,BR POR,c,z,1.0,-0.5,127.5
0,84.0,-SJ-,V_V,BR POR,b,jʒ,1.1666666666666667,-1.25,0.0
0,84.0,-SJ-,V_V,BAL,b,z̠,1.0,-0.75,127.5
0,84.0,-SJ-,V_V,ARO,b,ʃ,1.0,-1.25,255.0
0,84.0,-SJ-,V_V,AND ESP,b,s̟,1.0,-0.16666666666666663,255.0
0,84.0,-SJ-,V_V,AMR ESP,b,s,1.0,-0.5,255.0
0,84.0,-SJ-,V_V,ROM,b,ʃ,1.0,-1.25,255.0
0,84.0,-SJ-,V_V,QBC FRA,b,z̪,1.0,-0.33333333333333337,127.5
0,84.0,-SJ-,V_V,VAL,b,z̠,1.0,-0.75,127.5
0,84.0,-SJ-,V_V,SCN,b,s,1.0,-0.5,255.0
0,84.0,-SJ-,V_V,PGL,b,s,1.0,-0.5,255.0
0,84.0,-SJ-,V_V,LAT,b,s̠j,1.1666666666666667,-0.75,127.5
0,84.0,-SJ-,V_V,EU POR,c,z(z̠),1.0,-0.5625,127.5
0,84.0,-SJ-,V_V,CAT,b,z̠,1.0,-0.75,127.5
0,85.0,-MJ-,V_V,CAS ESP,b,mj,0.9166666666666666,0.5,0.0
0,85.0,-MJ-,V_V,CAT,b,mj~m,0.8333333333333333,0.5,63.75
0,85.0,-MJ-,V_V,ITA,b,mmj,1.1041666666666667,0.5,0.0
0,85.0,-MJ-,V_V,BAL,b,mj~m,0.8333333333333333,0.5,63.75
0,85.0,-MJ-,V_V,BR POR,b,jm~m,0.8333333333333333,0.5,63.75
0,85.0,-MJ-,V_V,EU POR,b,jm~m,0.8333333333333333,0.5,63.75
0,85.0,-MJ-,V_V,VAL,b,mj~m,0.8333333333333333,0.5,63.75
0,85.0,-MJ-,V_V,ROM,b,jm,0.9166666666666666,0.5,0.0
0,85.0,-MJ-,V_V,EU FRA,b,◌̃ʒ,1.375,0.125,0.0
0,85.0,-MJ-,V_V,LAT,b,mj,0.9166666666666666,0.5,0.0
0,85.0,-MJ-,V_V,AND ESP,b,mj,0.9166666666666666,0.5,0.0
0,85.0,-MJ-,V_V,AMR ESP,b,mj,0.9166666666666666,0.5,0.0
0,86.0,-NJ-,V_V,EU FRA,b,ȵ~ɲ,0.75,-1.5,127.5
0,86.0,-NJ-,V_V,FUR,b,ȵ,1.5,0.0,0.0
0,86.0,-NJ-,V_V,OCC,b,n̪ʲ~ȵ,0.75,-0.625,127.5
0,86.0,-NJ-,V_V,QBC FRA,b,ȵ~ɲ,0.75,-1.5,127.5
0,86.0,-NJ-,V_V,BAL,b,ȵ~ɲ,0.75,-1.5,127.5
0,86.0,-NJ-,V_V,AMR ESP,b,n̪ʲ~ȵ,0.75,-0.625,127.5
0,86.0,-NJ-,V_V,AND ESP,b,n̪ʲ~ȵ,0.75,-0.625,127.5
0,86.0,-NJ-,V_V,ARO,b,ɲ,0.75,-2.0,127.5
0,86.0,-NJ-,V_V,CAS ESP,b,n̪ʲ~ȵ,0.75,-0.625,127.5
0,86.0,-NJ-,V_V,BR POR,b,◌̃j̃,0.8333333333333333,-0.625,0.0
0,86.0,-NJ-,V_V,LAT,b,nj,0.9166666666666666,-0.625,0.0
0,86.0,-NJ-,V_V,CAT,b,ȵ~ɲ,0.75,-1.5,127.5
0,86.0,-NJ-,V_V,ITA,b,n̪ʲː~ȵȵ,0.9375,-0.625,127.5
0,86.0,-NJ-,V_V,GAS OCC,b,n̪ʲ~ȵ,0.75,-0.625,127.5
0,86.0,-NJ-,V_V,EU POR,b,n̪ʲ~ȵ,0.75,-0.625,127.5
0,86.0,-NJ-,V_V,EU FRA,c,◌̃ʒ,1.375,0.125,0.0
0,86.0,-NJ-,V_V,ROM,b,j~,0.0833333333333333,-1.5,191.25
0,86.0,-NJ-,V_V,VAL,b,ȵ~ɲ,0.75,-1.5,127.5
0,86.0,-NJ-,V_V,RMH,b,ȵ,1.5,0.0,0.0
0,86.0,-NJ-,V_V,QBC FRA,c,◌̃ʒ,1.375,0.125,0.0
0,87.0,-RJ-,V_V,BR POR,b,jɾ,0.6666666666666666,-0.625,0.0
0,87.0,-RJ-,V_V,CAT,b,ɾ,0.5,-0.625,127.5
0,87.0,-RJ-,V_V,CAS ESP,b,ɾ,0.5,-0.625,127.5
0,87.0,-RJ-,V_V,CAM,b,ɾ,0.5,-0.625,127.5
0,87.0,-RJ-,V_V,AND ESP,b,ɾ,0.5,-0.625,127.5
0,87.0,-RJ-,V_V,BAL,b,ɾ,0.5,-0.625,127.5
0,87.0,-RJ-,V_V,GAL,b,jɾ,0.6666666666666666,-0.625,0.0
0,87.0,-RJ-,V_V,EU POR,b,jɾ,0.6666666666666666,-0.625,0.0
0,87.0,-RJ-,V_V,VAL,b,ɾ,0.5,-0.625,127.5
0,87.0,-RJ-,V_V,SCN,b,ɾ,0.5,-0.625,127.5
0,87.0,-RJ-,V_V,EU FRA,b,ʁ(ʀ),0.875,-3.0,127.5
0,87.0,-RJ-,V_V,ROM,b,ɾ̪,0.5,-0.16666666666666663,127.5
0,87.0,-RJ-,V_V,LAT,b,ɾj,0.6666666666666666,-0.625,0.0
0,87.0,-RJ-,V_V,ITA,b,j,0.16666666666666666,-0.625,127.5
0,87.0,-RJ-,V_V,QBC FRA,b,ʁ(ʀ),0.875,-3.0,127.5
0,87.0,-RJ-,V_V,PGL,b,ɾ,0.5,-0.625,127.5
0,87.0,-RJ-,V_V,ABR,b,ɾ,0.5,-0.625,127.5
0,87.0,-RJ-,V_V,AMR ESP,b,ɾ,0.5,-0.625,127.5
0,88.0,-LJ-,i_V,AMR ESP,b,h,1.0,-4.0,127.5
0,88.0,-LJ-,i_V,AND ESP,b,h,1.0,-4.0,127.5
0,88.0,-LJ-,i_V,EU FRA,b,j,0.16666666666666666,-2.0,127.5
0,88.0,-LJ-,i_V,CAT,b,ȴ[ʎ̟],0.375,-1.0,127.5
0,88.0,-LJ-,i_V,CAM,b,ȴȴ[ʎ̟ʎ̟],0.46875,-1.0,127.5
0,88.0,-LJ-,i_V,BR POR,b,ȴ[ʎ̟],0.375,-1.0,127.5
0,88.0,-LJ-,i_V,BAL,b,j,0.16666666666666666,-2.0,127.5
0,88.0,-LJ-,i_V,CAS ESP,b,x,1.0,-2.5,255.0
0,88.0,-LJ-,i_V,VAL,b,ȴ[ʎ̟],0.375,-1.0,127.5
0,88.0,-LJ-,i_V,ROM,b,j~,0.0833333333333333,-2.0,191.25
0,88.0,-LJ-,i_V,EU POR,b,ȴ[ʎ̟],0.375,-1.0,127.5
0,88.0,-LJ-,i_V,ITA,b,ȴȴ[ʎ̟ʎ̟],0.46875,-1.0,127.5
0,88.0,-LJ-,i_V,QBC FRA,b,j,0.16666666666666666,-2.0,127.5
0,88.0,-LJ-,i_V,LAT,b,l̪ʲj,0.5416666666666666,-1.0833333333333333,0.0
0,89.0,-LJ-,"{a,e,o,u}_V",ITA,b,ȴȴ[ʎ̟ʎ̟],0.46875,-1.0,127.5
0,89.0,-LJ-,"{a,e,o,u}_V",EU POR,b,ȴ[ʎ̟],0.375,-1.0,127.5
0,89.0,-LJ-,"{a,e,o,u}_V",EU FRA,b,j,0.16666666666666666,-2.0,127.5
0,89.0,-LJ-,"{a,e,o,u}_V",AMR ESP,b,h,1.0,-4.0,127.5
0,89.0,-LJ-,"{a,e,o,u}_V",CAT,b,ȴ[ʎ̟],0.375,-1.0,127.5
0,89.0,-LJ-,"{a,e,o,u}_V",QBC FRA,b,j,0.16666666666666666,-2.0,127.5
0,89.0,-LJ-,"{a,e,o,u}_V",LAT,b,l̪ʲj,0.5416666666666666,-1.0833333333333333,0.0
0,89.0,-LJ-,"{a,e,o,u}_V",CAS ESP,b,x,1.0,-2.5,255.0
0,89.0,-LJ-,"{a,e,o,u}_V",CAM,b,ȴȴ[ʎ̟ʎ̟],0.46875,-1.0,127.5
0,89.0,-LJ-,"{a,e,o,u}_V",BR POR,b,ȴ[ʎ̟],0.375,-1.0,127.5
0,89.0,-LJ-,"{a,e,o,u}_V",BAL,b,j,0.16666666666666666,-2.0,127.5
0,89.0,-LJ-,"{a,e,o,u}_V",VAL,b,ȴ[ʎ̟],0.375,-1.0,127.5
0,89.0,-LJ-,"{a,e,o,u}_V",ROM,b,j,0.16666666666666666,-2.0,127.5
0,89.0,-LJ-,"{a,e,o,u}_V",AND ESP,b,h,1.0,-4.0,127.5
0,90.0,-PP-,V_V,ASL,1.0,p,4.0,3.0,255.0
0,90.0,-PP-,V_V,ITA,1.0,pp,5.0,3.0,255.0
0,90.0,-PP-,V_V,EU POR,1.0,p,4.0,3.0,255.0
0,90.0,-PP-,V_V,GAL,1.0,p,4.0,3.0,255.0
0,90.0,-PP-,V_V,EU FRA,1.0,p,4.0,3.0,255.0
0,90.0,-PP-,V_V,AMR ESP,1.0,p,4.0,3.0,255.0
0,90.0,-PP-,V_V,ABR,1.0,pp,5.0,3.0,255.0
0,90.0,-PP-,V_V,CAT,1.0,p,4.0,3.0,255.0
0,90.0,-PP-,V_V,OCC,1.0,p,4.0,3.0,255.0
0,90.0,-PP-,V_V,BAL,1.0,p,4.0,3.0,255.0
0,90.0,-PP-,V_V,BR POR,1.0,p,4.0,3.0,255.0
0,90.0,-PP-,V_V,ROM,1.0,p,4.0,3.0,255.0
0,90.0,-PP-,V_V,SCN,1.0,pp,5.0,3.0,255.0
0,90.0,-PP-,V_V,ARG,1.0,p,4.0,3.0,255.0
0,90.0,-PP-,V_V,AND ESP,1.0,p,4.0,3.0,255.0
0,90.0,-PP-,V_V,PGL,1.0,pp,5.0,3.0,255.0
0,90.0,-PP-,V_V,VAL,1.0,p,4.0,3.0,255.0
0,90.0,-PP-,V_V,GAS OCC,1.0,p,4.0,3.0,255.0
0,90.0,-PP-,V_V,CAS ESP,1.0,p,4.0,3.0,255.0
0,90.0,-PP-,V_V,CAM,1.0,pp,5.0,3.0,255.0
0,90.0,-PP-,V_V,LAT,1.0,pp,5.0,3.0,255.0
0,91.0,-BB-,V_V,EU POR,1.0,β,2.0,3.0,0.0
0,91.0,-BB-,V_V,ARG,1.0,β̞,0.5,3.0,0.0
0,91.0,-BB-,V_V,ASL,1.0,β̞,0.5,3.0,0.0
0,91.0,-BB-,V_V,BAL,1.0,b~β,3.0,3.0,0.0
0,91.0,-BB-,V_V,AND ESP,1.0,β̞,0.5,3.0,0.0
0,91.0,-BB-,V_V,ROM,1.0,b,4.0,3.0,0.0
0,91.0,-BB-,V_V,CAT,1.0,β~β̞,1.25,3.0,0.0
0,91.0,-BB-,V_V,CAS ESP,1.0,β̞,0.5,3.0,0.0
0,91.0,-BB-,V_V,QBC FRA,1.0,b,4.0,3.0,0.0
0,91.0,-BB-,V_V,EU FRA,1.0,b,4.0,3.0,0.0
0,91.0,-BB-,V_V,VAL,1.0,b~β̞,2.25,3.0,0.0
0,91.0,-BB-,V_V,ITA,1.0,bb(b),4.666666666666667,3.0,0.0
0,91.0,-BB-,V_V,BR POR,1.0,b,4.0,3.0,0.0
0,91.0,-BB-,V_V,GAL,1.0,β̞,0.5,3.0,0.0
0,91.0,-BB-,V_V,AMR ESP,1.0,β̞,0.5,3.0,0.0
0,91.0,-BB-,V_V,LAT,1.0,bb,5.0,3.0,0.0
0,92.0,-TT-,V_V,ASL,1.0,t̪,4.0,1.6666666666666667,255.0
0,92.0,-TT-,V_V,AMR ESP,1.0,t̪,4.0,1.6666666666666667,255.0
0,92.0,-TT-,V_V,GAS OCC,1.0,t̪,4.0,1.6666666666666667,255.0
0,92.0,-TT-,V_V,ARG,1.0,t̪,4.0,1.6666666666666667,255.0
0,92.0,-TT-,V_V,BAL,1.0,t̪,4.0,1.6666666666666667,255.0
0,92.0,-TT-,V_V,CAS ESP,1.0,t̪,4.0,1.6666666666666667,255.0
0,92.0,-TT-,V_V,AND ESP,1.0,t̪,4.0,1.6666666666666667,255.0
0,92.0,-TT-,V_V,BR POR,1.0,t̪,4.0,1.6666666666666667,255.0
0,92.0,-TT-,V_V,BR POR,2.0,t̠͡ʃ,3.0,-0.5,255.0
0,92.0,-TT-,V_V,GAL,1.0,t̪,4.0,1.6666666666666667,255.0
0,92.0,-TT-,V_V,EU POR,1.0,t̪,4.0,1.6666666666666667,255.0
0,92.0,-TT-,V_V,EU FRA,1.0,t̪,4.0,1.6666666666666667,255.0
0,92.0,-TT-,V_V,CAT,1.0,t̪,4.0,1.6666666666666667,255.0
0,92.0,-TT-,V_V,ITA,1.0,t̪t̪,5.0,1.6666666666666667,255.0
0,92.0,-TT-,V_V,LAT,1.0,t̪t̪,5.0,1.6666666666666667,255.0
0,92.0,-TT-,V_V,QBC FRA,1.0,t̪,4.0,1.6666666666666667,255.0
0,92.0,-TT-,V_V,VAL,1.0,t̪,4.0,1.6666666666666667,255.0
0,92.0,-TT-,V_V,ROM,2.0,t͡s,3.0,1.0,255.0
0,92.0,-TT-,V_V,ROM,1.0,t̪,4.0,1.6666666666666667,255.0
0,92.0,-TT-,V_V,OCC,1.0,t̪,4.0,1.6666666666666667,255.0
0,93.0,-DD-,V_V,BAL,1.0,d̪~ð,3.0,1.8333333333333333,0.0
0,93.0,-DD-,V_V,ASL,1.0,ð̞,0.5,1.8333333333333333,0.0
0,93.0,-DD-,V_V,ITA,1.0,d̪d̪,5.0,1.6666666666666667,0.0
0,93.0,-DD-,V_V,LAT,1.0,d̪d̪,5.0,1.6666666666666667,0.0
0,93.0,-DD-,V_V,QBC FRA,1.0,d̪,4.0,1.6666666666666667,0.0
0,93.0,-DD-,V_V,ROM,1.0,d̪,4.0,1.6666666666666667,0.0
0,93.0,-DD-,V_V,VAL,1.0,d̪~ð̞,2.25,1.75,0.0
0,93.0,-DD-,V_V,AND ESP,1.0,ð̞,0.5,1.8333333333333333,0.0
0,93.0,-DD-,V_V,CAT,1.0,ð~ð̞,1.25,1.9166666666666663,0.0
0,93.0,-DD-,V_V,GAL,1.0,ð̞,0.5,1.8333333333333333,0.0
0,93.0,-DD-,V_V,EU POR,1.0,ð,2.0,2.0,0.0
0,93.0,-DD-,V_V,EU FRA,1.0,d̪,4.0,1.6666666666666667,0.0
0,93.0,-DD-,V_V,AMR ESP,1.0,ð̞,0.5,1.8333333333333333,0.0
0,93.0,-DD-,V_V,CAS ESP,1.0,ð̞,0.5,1.8333333333333333,0.0
0,93.0,-DD-,V_V,BR POR,1.0,d̪,4.0,1.6666666666666667,0.0
0,93.0,-DD-,V_V,ARG,1.0,ð~ð̞,1.25,1.9166666666666663,0.0
0,94.0,-CC-,V_O,AMR ESP,1.0,k,4.0,-3.0,255.0
0,94.0,-CC-,V_O,EU FRA,1.0,k,4.0,-3.0,255.0
0,94.0,-CC-,V_O,CAT,1.0,k,4.0,-3.0,255.0
0,94.0,-CC-,V_O,EU POR,1.0,k,4.0,-3.0,255.0
0,94.0,-CC-,V_O,ITA,1.0,kk,5.0,-3.0,255.0
0,94.0,-CC-,V_O,QBC FRA,1.0,k,4.0,-3.0,255.0
0,94.0,-CC-,V_O,ROM,1.0,k,4.0,-3.0,255.0
0,94.0,-CC-,V_O,GAS OCC,1.0,k,4.0,-3.0,255.0
0,94.0,-CC-,V_O,VAL,1.0,k,4.0,-3.0,255.0
0,94.0,-CC-,V_O,OCC,1.0,k,4.0,-3.0,255.0
0,94.0,-CC-,V_O,LAT,1.0,kk,5.0,-3.0,255.0
0,94.0,-CC-,V_O,BR POR,1.0,k,4.0,-3.0,255.0
0,94.0,-CC-,V_O,CAS ESP,1.0,k,4.0,-3.0,255.0
0,94.0,-CC-,V_O,BAL,1.0,k,4.0,-3.0,255.0
0,94.0,-CC-,V_O,ASL,1.0,k,4.0,-3.0,255.0
0,94.0,-CC-,V_O,AND ESP,1.0,k,4.0,-3.0,255.0
0,94.0,-CC-,V_O,ARG,1.0,k,4.0,-3.0,255.0
0,94.0,-CC-,V_O,GAL,1.0,k,4.0,-3.0,255.0
0,95.0,-CC-,V_a,ROM,1.0,k,4.0,-3.0,255.0
0,95.0,-CC-,V_a,AMR ESP,1.0,k,4.0,-3.0,255.0
0,95.0,-CC-,V_a,AND ESP,1.0,k,4.0,-3.0,255.0
0,95.0,-CC-,V_a,BAL,1.0,k~c,4.0,-2.5,255.0
0,95.0,-CC-,V_a,ASL,1.0,k,4.0,-3.0,255.0
0,95.0,-CC-,V_a,ARG,1.0,k,4.0,-3.0,255.0
0,95.0,-CC-,V_a,VAL,1.0,k,4.0,-3.0,255.0
0,95.0,-CC-,V_a,EU FRA,1.0,ʃ,2.0,-0.5,255.0
0,95.0,-CC-,V_a,CAT,1.0,k,4.0,-3.0,255.0
0,95.0,-CC-,V_a,CAS ESP,1.0,k,4.0,-3.0,255.0
0,95.0,-CC-,V_a,ITA,1.0,kk,5.0,-3.0,255.0
0,95.0,-CC-,V_a,GAL,1.0,k,4.0,-3.0,255.0
0,95.0,-CC-,V_a,GAS OCC,1.0,k,4.0,-3.0,255.0
0,95.0,-CC-,V_a,EU POR,1.0,k,4.0,-3.0,255.0
0,95.0,-CC-,V_a,BR POR,1.0,k,4.0,-3.0,255.0
0,95.0,-CC-,V_a,LAT,1.0,kk,5.0,-3.0,255.0
0,95.0,-CC-,V_a,QBC FRA,1.0,ʃ,2.0,-0.5,255.0
0,96.0,-CC-,V_E,QBC FRA,1.0,s̪,2.0,1.3333333333333333,255.0
0,96.0,-CC-,V_E,ROM,1.0,t̠͡ʃ,3.0,-0.5,255.0
0,96.0,-CC-,V_E,LAT,1.0,kk,5.0,-3.0,255.0
0,96.0,-CC-,V_E,VAL,1.0,s̠(d͡z̠),2.25,0.5,127.5
0,96.0,-CC-,V_E,EU POR,1.0,s(s̪),2.0,1.0833333333333333,255.0
0,96.0,-CC-,V_E,CAS ESP,1.0,θ,2.0,2.0,255.0
0,96.0,-CC-,V_E,ARO,1.0,t͡s̪,3.0,1.3333333333333333,255.0
0,96.0,-CC-,V_E,ARG,1.0,θ,2.0,2.0,255.0
0,96.0,-CC-,V_E,GAL,1.0,θ(s),2.0,1.6666666666666667,255.0
0,96.0,-CC-,V_E,CAT,1.0,s̠(d͡z̠),2.25,0.5,127.5
0,96.0,-CC-,V_E,BR POR,1.0,s,2.0,1.0,255.0
0,96.0,-CC-,V_E,ITA,1.0,t̠t̠͡ʃ,3.75,-0.5,255.0
0,96.0,-CC-,V_E,EU FRA,1.0,s̪,2.0,1.3333333333333333,255.0
0,96.0,-CC-,V_E,ASL,1.0,θ,2.0,2.0,255.0
0,96.0,-CC-,V_E,BAL,1.0,s̠(d͡z̠),2.25,0.5,127.5
0,96.0,-CC-,V_E,AND ESP,1.0,s̟,2.0,1.6666666666666667,255.0
0,96.0,-CC-,V_E,AMR ESP,1.0,s,2.0,1.0,255.0
0,97.0,-GG-,V_V,ITA,1.0,d̠d̠͡ʒ,3.75,-0.5,0.0
0,97.0,-GG-,V_V,LAT,1.0,ɡɡ,5.0,-3.0,0.0
0,97.0,-GG-,V_V,AMR ESP,1.0,h,2.0,-6.0,0.0
0,97.0,-GG-,V_V,BAL,1.0,ʒ,2.0,-0.5,0.0
0,97.0,-GG-,V_V,VAL,1.0,d̠͡ʒ,3.0,-0.5,0.0
0,97.0,-GG-,V_V,BR POR,1.0,ʒ,2.0,-0.5,0.0
0,97.0,-GG-,V_V,CAT,1.0,ʒ,2.0,-0.5,0.0
0,97.0,-GG-,V_V,EU FRA,1.0,ʒ,2.0,-0.5,0.0
0,97.0,-GG-,V_V,CAS ESP,1.0,x,2.0,-3.0,255.0
0,97.0,-GG-,V_V,AND ESP,1.0,h,2.0,-6.0,0.0
0,97.0,-GG-,V_V,ROM,1.0,d̠͡ʒ,3.0,-0.5,0.0
0,97.0,-GG-,V_V,EU POR,1.0,ʒ,2.0,-0.5,0.0
0,97.0,-GG-,V_V,QBC FRA,1.0,ʒ,2.0,-0.5,0.0
0,98.0,-MM-,V_V,ASL,1.0,m,1.5,3.0,0.0
0,98.0,-MM-,V_V,CAS ESP,1.0,m,1.5,3.0,0.0
0,98.0,-MM-,V_V,ARO,1.0,m,1.5,3.0,0.0
0,98.0,-MM-,V_V,CAT,1.0,m,1.5,3.0,0.0
0,98.0,-MM-,V_V,BAL,1.0,m,1.5,3.0,0.0
0,98.0,-MM-,V_V,OCC,1.0,m,1.5,3.0,0.0
0,98.0,-MM-,V_V,ITA,1.0,mm,1.875,3.0,0.0
0,98.0,-MM-,V_V,GAL,1.0,m,1.5,3.0,0.0
0,98.0,-MM-,V_V,GAS OCC,1.0,m,1.5,3.0,0.0
0,98.0,-MM-,V_V,VAL,1.0,m,1.5,3.0,0.0
0,98.0,-MM-,V_V,QBC FRA,1.0,m,1.5,3.0,0.0
0,98.0,-MM-,V_V,LAT,1.0,mm,1.875,3.0,0.0
0,98.0,-MM-,V_V,ARG,1.0,m,1.5,3.0,0.0
0,98.0,-MM-,V_V,BR POR,1.0,m,1.5,3.0,0.0
0,98.0,-MM-,V_V,EU POR,1.0,m,1.5,3.0,0.0
0,98.0,-MM-,V_V,EU FRA,1.0,m,1.5,3.0,0.0
0,98.0,-MM-,V_V,ROM,1.0,m,1.5,3.0,0.0
0,98.0,-MM-,V_V,AMR ESP,1.0,m,1.5,3.0,0.0
0,98.0,-MM-,V_V,AND ESP,1.0,m,1.5,3.0,0.0
0,99.0,-NN-,V_V,CAT,1.0,ȵ~ɲ,1.5,-1.0,0.0
0,99.0,-NN-,V_V,GAL,1.0,n,1.5,0.75,0.0
0,99.0,-NN-,V_V,EU POR,1.0,n,1.5,0.75,0.0
0,99.0,-NN-,V_V,EU FRA,1.0,n,1.5,0.75,0.0
0,99.0,-NN-,V_V,LAT,1.0,nn,1.875,0.75,0.0
0,99.0,-NN-,V_V,AMR ESP,1.0,n̪ʲ~ȵ,1.5,0.75,0.0
0,99.0,-NN-,V_V,ARO,1.0,n,1.5,0.75,0.0
0,99.0,-NN-,V_V,ARG,1.0,n̪ʲ~ȵ,1.5,0.75,0.0
0,99.0,-NN-,V_V,AND ESP,1.0,n̪ʲ~ȵ,1.5,0.75,0.0
0,99.0,-NN-,V_V,CAS ESP,1.0,n̪ʲ~ȵ,1.5,0.75,0.0
0,99.0,-NN-,V_V,CAM,1.0,nn,1.875,0.75,0.0
0,99.0,-NN-,V_V,BR POR,1.0,n,1.5,0.75,0.0
0,99.0,-NN-,V_V,BAL,1.0,ȵ~ɲ,1.5,-1.0,0.0
0,99.0,-NN-,V_V,VAL,1.0,ȵ~ɲ,1.5,-1.0,0.0
0,99.0,-NN-,V_V,SCN,1.0,nn,1.875,0.75,0.0
0,99.0,-NN-,V_V,ROM,1.0,n,1.5,0.75,0.0
0,99.0,-NN-,V_V,ASL,1.0,n̪ʲ~ȵ,1.5,0.75,0.0
0,99.0,-NN-,V_V,QBC FRA,1.0,n,1.5,0.75,0.0
0,99.0,-NN-,V_V,ITA,1.0,nn,1.875,0.75,0.0
0,99.0,-NN-,V_V,OCC,1.0,n,1.5,0.75,0.0
0,99.0,-NN-,V_V,GAS OCC,1.0,n,1.5,0.75,0.0
0,100.0,-FF-,V_V,GAL,1.0,f,2.0,2.5,255.0
0,100.0,-FF-,V_V,ITA,1.0,ff,2.5,2.5,255.0
0,100.0,-FF-,V_V,ROM,1.0,f,2.0,2.5,255.0
0,100.0,-FF-,V_V,SCN,1.0,ff,2.5,2.5,255.0
0,100.0,-FF-,V_V,VAL,1.0,f,2.0,2.5,255.0
0,100.0,-FF-,V_V,ASL,1.0,f,2.0,2.5,255.0
0,100.0,-FF-,V_V,BAL,1.0,f,2.0,2.5,255.0
0,100.0,-FF-,V_V,EU POR,1.0,f,2.0,2.5,255.0
0,100.0,-FF-,V_V,PGL,1.0,ff,2.5,2.5,255.0
0,100.0,-FF-,V_V,ARG,1.0,f,2.0,2.5,255.0
0,100.0,-FF-,V_V,AND ESP,1.0,f,2.0,2.5,255.0
0,100.0,-FF-,V_V,LAT,1.0,ff,2.5,2.5,255.0
0,100.0,-FF-,V_V,CAM,1.0,ff,2.5,2.5,255.0
0,100.0,-FF-,V_V,CAS ESP,1.0,f,2.0,2.5,255.0
0,100.0,-FF-,V_V,BR POR,1.0,f,2.0,2.5,255.0
0,100.0,-FF-,V_V,AMR ESP,1.0,f,2.0,2.5,255.0
0,100.0,-FF-,V_V,CAT,1.0,f,2.0,2.5,255.0
0,100.0,-FF-,V_V,ABR,1.0,ff,2.5,2.5,255.0
0,100.0,-FF-,V_V,EU FRA,1.0,f,2.0,2.5,255.0
0,101.0,-SS-,V_E,BAL,2.0,s̠,2.0,0.5,255.0
0,101.0,-SS-,V_E,ASL,1.0,s̠,2.0,0.5,255.0
0,101.0,-SS-,V_E,ASL,2.0,ʃ,2.0,-0.5,255.0
0,101.0,-SS-,V_E,BAL,1.0,ɕ~ʃ,2.0,-0.25,255.0
0,101.0,-SS-,V_E,AMR ESP,1.0,h,2.0,-6.0,0.0
0,101.0,-SS-,V_E,CAT,1.0,ɕ~ʃ,2.0,-0.25,255.0
0,101.0,-SS-,V_E,CAT,2.0,s̠,2.0,0.5,255.0
0,101.0,-SS-,V_E,EU FRA,1.0,s̪,2.0,1.3333333333333333,255.0
0,101.0,-SS-,V_E,EU FRA,2.0,s̪,2.0,1.3333333333333333,255.0
0,101.0,-SS-,V_E,EU POR,1.0,ʃ,2.0,-0.5,255.0
0,101.0,-SS-,V_E,EU POR,2.0,s(s̠),2.0,0.875,255.0
0,101.0,-SS-,V_E,GAL,1.0,s̠(s),2.0,0.625,255.0
0,101.0,-SS-,V_E,GAL,2.0,ʃ,2.0,-0.5,255.0
0,101.0,-SS-,V_E,ITA,1.0,ʃʃ,2.5,-0.5,255.0
0,101.0,-SS-,V_E,ITA,2.0,ss,2.5,1.0,255.0
0,101.0,-SS-,V_E,LAT,1.0,s̠s̠,2.5,0.5,255.0
0,101.0,-SS-,V_E,OCC,1.0,s̠,2.0,0.5,255.0
0,101.0,-SS-,V_E,QBC FRA,2.0,s̪,2.0,1.3333333333333333,255.0
0,101.0,-SS-,V_E,ROM,1.0,ʃ,2.0,-0.5,255.0
0,101.0,-SS-,V_E,ROM,2.0,ʃ~s̪,2.0,0.4166666666666666,255.0
0,101.0,-SS-,V_E,GAS OCC,2.0,s̠,2.0,0.5,255.0
0,101.0,-SS-,V_E,VAL,2.0,s̠,2.0,0.5,255.0
0,101.0,-SS-,V_E,AND ESP,1.0,s̟,2.0,1.6666666666666667,255.0
0,101.0,-SS-,V_E,AND ESP,2.0,h,2.0,-6.0,0.0
0,101.0,-SS-,V_E,ARG,1.0,s̠,2.0,0.5,255.0
0,101.0,-SS-,V_E,ARG,2.0,ʃ,2.0,-0.5,255.0
0,101.0,-SS-,V_E,ARO,1.0,ʃ,2.0,-0.5,255.0
0,101.0,-SS-,V_E,ARO,2.0,ʃ~s̪,2.0,0.4166666666666666,255.0
0,101.0,-SS-,V_E,VAL,1.0,ɕ~ʃ,2.0,-0.25,255.0
0,101.0,-SS-,V_E,AMR ESP,2.0,s,2.0,1.0,255.0
0,101.0,-SS-,V_E,BR POR,2.0,s,2.0,1.0,255.0
0,101.0,-SS-,V_E,CAS ESP,1.0,s̠,2.0,0.5,255.0
0,101.0,-SS-,V_E,CAS ESP,2.0,x,2.0,-3.0,255.0
0,101.0,-SS-,V_E,BR POR,1.0,ʃ,2.0,-0.5,255.0
0,102.0,-SS-,"V_{a,O}",AND ESP,1.0,s̟,2.0,1.6666666666666667,255.0
0,102.0,-SS-,"V_{a,O}",ARG,1.0,s̠,2.0,0.5,255.0
0,102.0,-SS-,"V_{a,O}",ARO,1.0,s̪,2.0,1.3333333333333333,255.0
0,102.0,-SS-,"V_{a,O}",AMR ESP,1.0,s,2.0,1.0,255.0
0,102.0,-SS-,"V_{a,O}",CAT,1.0,s̠,2.0,0.5,255.0
0,102.0,-SS-,"V_{a,O}",EU FRA,1.0,s̪,2.0,1.3333333333333333,255.0
0,102.0,-SS-,"V_{a,O}",EU POR,1.0,s(s̠),2.0,0.875,255.0
0,102.0,-SS-,"V_{a,O}",GAL,1.0,s̠,2.0,0.625,255.0
0,102.0,-SS-,"V_{a,O}",GAS OCC,1.0,s̠,2.0,0.5,255.0
0,102.0,-SS-,"V_{a,O}",ITA,1.0,ss,2.5,1.0,255.0
0,102.0,-SS-,"V_{a,O}",LAT,1.0,s̠s̠,2.5,0.5,255.0
0,102.0,-SS-,"V_{a,O}",OCC,1.0,s̠,2.0,0.5,255.0
0,102.0,-SS-,"V_{a,O}",BR POR,1.0,s,2.0,1.0,255.0
0,102.0,-SS-,"V_{a,O}",BAL,1.0,s̠,2.0,0.5,255.0
0,102.0,-SS-,"V_{a,O}",ASL,1.0,s̠,2.0,0.5,255.0
0,102.0,-SS-,"V_{a,O}",QBC FRA,1.0,s̪,2.0,1.3333333333333333,255.0
0,102.0,-SS-,"V_{a,O}",ROM,1.0,s̪,2.0,1.3333333333333333,255.0
0,102.0,-SS-,"V_{a,O}",VAL,1.0,s̠,2.0,0.5,255.0
0,102.0,-SS-,"V_{a,O}",CAS ESP,1.0,s̠,2.0,0.5,255.0
0,103.0,-RR-,V_V,CAT,1.0,r̠ː,1.5625,-0.5,0.0
0,103.0,-RR-,V_V,CAS ESP,1.0,rː,1.5625,0.75,0.0
0,103.0,-RR-,V_V,CAM,1.0,rː,1.5625,0.75,0.0
0,103.0,-RR-,V_V,BR POR,1.0,x~h,2.0,4.5,0.0
0,103.0,-RR-,V_V,BAL,1.0,r̠ː,1.5625,-0.5,0.0
0,103.0,-RR-,V_V,ASL,1.0,rː,1.5625,0.75,0.0
0,103.0,-RR-,V_V,ARP,1.0,rː(ʀ),1.4583333333333333,-0.8333333333333334,0.0
0,103.0,-RR-,V_V,CPN SRD,1.0,rː,1.5625,0.75,0.0
0,103.0,-RR-,V_V,ITA,1.0,rː,1.5625,0.75,0.0
0,103.0,-RR-,V_V,VAL,1.0,r̠ː,1.5625,-0.5,0.0
0,103.0,-RR-,V_V,WAL,1.0,ʀ,1.25,-4.0,0.0
0,103.0,-RR-,V_V,GAL,1.0,rː,1.5625,0.75,0.0
0,103.0,-RR-,V_V,AMR ESP,1.0,rː,1.5625,0.75,0.0
0,103.0,-RR-,V_V,AND ESP,1.0,rː,1.5625,0.75,0.0
0,103.0,-RR-,V_V,ARG,1.0,rː,1.5625,0.75,0.0
0,103.0,-RR-,V_V,ARO,1.0,ɾ̪,1.0,1.6666666666666667,0.0
0,103.0,-RR-,V_V,EU POR,1.0,ʁ(r),1.75,-2.4166666666666665,0.0
0,103.0,-RR-,V_V,EU FRA,1.0,ʁ(ʀ),1.75,-4.0,0.0
0,103.0,-RR-,V_V,QBC FRA,1.0,ʁ(ʀ),1.75,-4.0,0.0
0,103.0,-RR-,V_V,GAS OCC,1.0,rː,1.5625,0.75,0.0
0,103.0,-RR-,V_V,ROM,1.0,ɾ̪,1.0,1.6666666666666667,0.0
0,103.0,-RR-,V_V,LOG SRD,1.0,rː,1.5625,0.75,0.0
0,103.0,-RR-,V_V,LAT,1.0,rː,1.5625,0.75,0.0
0,103.0,-RR-,V_V,SCN,1.0,ʐː~rː,2.03125,-0.25,0.0
0,103.0,-RR-,V_V,OCC,1.0,rː(ʀ),1.4583333333333333,-0.8333333333333334,0.0
0,104.0,-LL-,V_V,CPN SRD,1.0,ɖɖ,5.0,-1.25,0.0
0,104.0,-LL-,V_V,CAS ESP,1.0,ʎ~ʝ,1.375,-2.0,0.0
0,104.0,-LL-,V_V,CAT,1.0,ȴ[ʎ̟],0.75,0.0,0.0
0,104.0,-LL-,V_V,AND ESP,1.0,ʝ,2.0,-2.0,0.0
0,104.0,-LL-,V_V,EU FRA,1.0,l,0.75,0.75,0.0
0,104.0,-LL-,V_V,ITA,1.0,ll,0.9375,0.75,0.0
0,104.0,-LL-,V_V,ABR,1.0,ll(ȴȴ),0.9375,0.5,0.0
0,104.0,-LL-,V_V,ROM,2.0,j,0.3333333333333333,-2.0,0.0
0,104.0,-LL-,V_V,ROM,1.0,l,0.75,0.75,0.0
0,104.0,-LL-,V_V,EU POR,1.0,ɫ̪,0.75,-1.1666666666666667,0.0
0,104.0,-LL-,V_V,BR POR,1.0,l,0.75,0.75,0.0
0,104.0,-LL-,V_V,LAT,1.0,ll~ɭɭ,0.9375,-0.25,0.0
0,104.0,-LL-,V_V,LOG SRD,1.0,ɖɖ,5.0,-1.25,0.0
0,104.0,-LL-,V_V,PGL,1.0,ɖɖ,5.0,-1.25,0.0
0,104.0,-LL-,V_V,QBC FRA,1.0,l,0.75,0.75,0.0
0,104.0,-LL-,V_V,VAL,1.0,ȴ[ʎ̟],0.75,0.0,0.0
0,104.0,-LL-,V_V,BAL,1.0,ȴ[ʎ̟],0.75,0.0,0.0
0,104.0,-LL-,V_V,SCN,1.0,ɖɖ,5.0,-1.25,0.0
0,104.0,-LL-,V_V,AMR ESP,1.0,ʝ,2.0,-2.0,0.0
0,104.0,-LL-,V_V,WAL,1.0,l,0.75,0.75,0.0
